timestamp,error_x,error_y,u_x,u_y,error_area,angle_x,angle_y,estado_tracking
1789421826.9555905,284,-195,3.218751693229214,-2.27262645653623,0.983718954248366,93.21875169322921,87.72737354346377,1
1789421827.0047066,286,-194,3.0804097418554295,-2.1298071816007935,0.9857385620915032,96.29916143508464,85.59756636186297,1
1789421827.0513499,287,-179,3.0807167597565526,-1.8291902585651627,0.9649640522875818,99.3798781948412,83.76837610329781,1
1789421827.0872688,138,27,-0.48596835681558215,2.951962235699413,0.9299019607843138,98.89390983802562,86.72033833899722,1
1789421827.1212401,-281,-165,-8.965916789819868,-4.6754381025892915,0.9344183006535948,89.92799304820575,82.04490023640793,1
1789421827.1550696,-261,-142,-2.4819943368158848,-1.2800954434625738,0.8600326797385621,87.44599871138986,80.76480479294536,1
1789421827.1917868,-265,-104,-2.9047623611129247,-0.7210584634619642,0.8436339869281045,84.54123635027693,80.0437463294834,1
1789421827.2294388,-240,-51,-2.2695420881787527,-0.007867013682707702,0.7736143790849673,82.27169426209818,80.03587931580068,1
1789421827.2660441,-203,-13,-1.7245897556146115,0.18899561055030928,0.6688333333333333,80.54710450648356,80.22487492635099,1
1789421827.301853,-148,-2,-0.9248632688467707,0.0,0.6465686274509804,79.6222412376368,80.22487492635099,1
1789421827.337599,-80,3,-0.048847222036950466,0.0,0.6527418300653595,79.57339401559985,80.22487492635099,1
1789421827.3734634,-42,6,-0.08094472253037155,-0.03867401737252707,0.6396732026143791,79.49244929306947,80.18620090897846,1
1789421827.40879,-6,11,0.24993544203764873,0.0014612670393881894,0.6465816993464052,79.74238473510712,80.18766217601785,1
1789421827.4450457,21,14,0.39723407254805737,0.012168613683553771,0.6359705882352941,80.13961880765518,80.19983078970141,1
1789421827.480874,27,15,0.1883448700239594,0.005519676091975593,0.6326013071895424,80.32796367767914,80.20535046579339,1
1789421827.5172958,36,14,0.3444137279182592,-0.021977148938558722,0.6304607843137255,80.6723774055974,80.18337331685483,1
1789421827.553425,40,10,0.3450151664066111,-0.09632681296597478,0.6261176470588236,81.01739257200401,80.08704650388886,1
1789421827.5896187,42,12,0.36776743744170654,0.015305199983889729,0.6259738562091504,81.38516000944571,80.10235170387274,1
1789421827.6254723,43,12,0.39491813302616185,-0.003720989227294927,0.6276666666666667,81.78007814247188,80.09863071464545,1
1789421827.663503,36,11,0.2457854748628067,-0.018562755425572224,0.6297549019607843,82.02586361733469,80.08006795921987,1
1789421827.69982,24,9,0.07107934545396086,-0.046294677351093994,0.6272516339869281,82.09694296278866,80.03377328186878,1
1789421827.7362123,15,7,0.03308129973555378,-0.06120065830349743,0.6297058823529412,82.13002426252422,79.97257262356528,1
1789421827.7729168,11,7,0.0702207371886624,-0.028590588569641112,0.6279477124183006,82.20024499971288,79.94398203499564,1
1789421827.8102727,9,6,0.08468994332361296,-0.04748911258049188,0.6274967320261438,82.28493494303649,79.89649292241515,1
1789421827.8461351,9,6,0.11790353298187256,-0.02980318546295166,0.6262614379084968,82.40283847601836,79.8666897369522,1
1789421827.8824213,9,7,0.1244291114807129,-0.0009402079810676596,0.6253627450980392,82.52726758749907,79.86574952897112,1
1789421827.9192665,9,8,0.13106558322906495,0.014738285155325964,0.6258202614379085,82.65833317072813,79.88048781412645,1
1789421827.9550164,5,8,0.0,0.006881132125854492,0.6246960784313725,82.65833317072813,79.88736894625231,1
1789421827.991166,5,8,0.0,0.012665548324584955,0.626421568627451,82.65833317072813,79.9000344945769,1
1789421828.0267973,3,9,0.0,0.043112018123440975,0.6233823529411765,82.65833317072813,79.94314651270034,1
1789421828.0630896,-2,8,0.0,0.011084143215426097,0.6253888888888889,82.65833317072813,79.95423065591577,1
1789421828.1013696,-5,9,0.0,0.054824347512421864,0.6245098039215686,82.65833317072813,80.00905500342819,1
1789421828.1380024,-4,8,0.0,0.02398690666793629,0.6281013071895425,82.65833317072813,80.03304191009613,1
1789421828.1738572,-3,7,0.0,0.01871072736174359,0.6280947712418301,82.65833317072813,80.05175263745788,1
1789421828.2089908,-4,7,0.0,0.03757569789886475,0.6280457516339869,82.65833317072813,80.08932833535674,1
1789421828.244647,-4,7,0.0,0.042565698623657236,0.6290980392156863,82.65833317072813,80.1318940339804,1
1789421828.280415,-4,6,0.0,0.022878290423339824,0.6305392156862745,82.65833317072813,80.15477232440374,1
1789421828.316176,-4,6,0.0,0.04114587783813477,0.6313071895424837,82.65833317072813,80.19591820224187,1
1789421828.3511684,-5,5,0.0,0.0,0.6322679738562091,82.65833317072813,80.19591820224187,1
1789421828.3883502,-6,2,-0.09126628967766673,0.0,0.6339934640522876,82.56706688105047,80.19591820224187,1
1789421828.423737,-6,2,-0.07954424381256103,0.0,0.6338888888888888,82.4875226372379,80.19591820224187,1
1789421828.459378,-8,1,-0.13330111685614446,0.0,0.6347614379084967,82.35422152038176,80.19591820224187,1
1789421828.4952428,-9,-1,-0.13565066961642055,0.0,0.635062091503268,82.21857085076533,80.19591820224187,1
1789421828.531766,-11,-3,-0.17710092662099283,0.0,0.6356013071895424,82.04146992414434,80.19591820224187,1
1789421828.5678163,-13,-5,-0.20685108335501037,0.0,0.6365065359477124,81.83461884078933,80.19591820224187,1
1789421828.6051466,-17,-10,-0.28606396296099146,-0.20434376445633484,0.6375816993464052,81.54855487782834,79.99157443778553,1
1789421828.6411889,-20,-18,-0.3176379902416242,-0.38062884930588936,0.6377156862745098,81.23091688758672,79.61094558847964,1
1789421828.677739,-23,-29,-0.36384431289064545,-0.5512940182099317,0.6403267973856209,80.86707257469607,79.05965157026971,1
1789421828.7141898,-26,-42,-0.4129392155791459,-0.7398051965760215,0.6420261437908497,80.45413335911692,78.3198463736937,1
1789421828.7544057,-30,-58,-0.48564234441783105,-0.9670224406824935,0.6426274509803922,79.9684910146991,77.3528239330112,1
1789421828.7906022,-19,-85,-0.18776297293984467,-1.4229571735321627,0.6476143790849673,79.78072804175925,75.92986675947903,1
1789421828.8269727,-13,-88,-0.20662349939484198,-1.1212454420894604,0.6469477124183006,79.57410454236441,74.80862131738957,1
1789421828.8634498,-10,-84,-0.2252061128383931,-0.985131255518854,0.6536601307189542,79.34889842952602,73.82349006187071,1
1789421828.9005022,-12,-78,-0.3222709216273678,-0.8990455504657985,0.6585882352941177,79.02662750789865,72.92444451140491,1
1789421828.9380171,-16,-70,-0.40060295997319245,-0.7934360446652017,0.6596013071895425,78.62602454792545,72.13100846673971,1
1789421828.974431,-15,-52,-0.33452137989006686,-0.4728400707130229,0.6632679738562092,78.29150316803539,71.6581683960267,1
1789421829.0106564,-10,-25,-0.23098386120106368,-0.07733247334474136,0.6645294117647059,78.06051930683432,71.58083592268196,1
1789421829.0451581,-4,2,0.0,0.0,0.666124183006536,78.06051930683432,71.58083592268196,1
1789421829.080414,-4,18,0.0,0.3136848511667615,0.6655457516339869,78.06051930683432,71.89452077384871,1
1789421829.1165886,-6,27,-0.24111252409171965,0.23878914616347383,0.6639477124183006,77.8194067827426,72.13330992001218,1
1789421829.1524568,-10,28,-0.3556823917531248,0.15868466084735314,0.6630294117647059,77.46372439098948,72.29199458085954,1
1789421829.1885412,-11,23,-0.32386134373244324,0.04204349264105153,0.6628300653594771,77.13986304725704,72.3340380735006,1
1789421829.2243748,-6,21,-0.19024838688219253,0.07849914017487643,0.664156862745098,76.94961466037485,72.41253721367546,1
1789421829.2592604,0,20,0.0,0.09596913436907044,0.6657745098039216,76.94961466037485,72.50850634804453,1
1789421829.2981513,8,17,-0.013282617639893635,0.05504105194336597,0.6672516339869281,76.93633204273496,72.5635473999879,1
1789421829.3348331,13,12,0.019466520032066198,-0.015755691984362927,0.6679967320261437,76.95579856276703,72.54779170800353,1
1789421829.371296,13,5,-0.039020400047302256,0.0,0.6715130718954249,76.91677816271972,72.54779170800353,1
1789421829.4066563,13,-4,-0.02982479095458984,0.0,0.675297385620915,76.88695337176513,72.54779170800353,1
1789421829.4425287,13,-13,-0.020656394958496083,-0.34169499407242865,0.679264705882353,76.86629697680664,72.2060967139311,1
1789421829.4779773,12,-26,-0.036249281505870444,-0.5573896172743873,0.6841503267973856,76.83004769530076,71.64870709665672,1
1789421829.5142643,13,-40,0.011072588261242874,-0.7361635052335167,0.6848692810457516,76.841120283562,70.9125435914232,1
1789421829.5510058,14,-52,0.031170273444156123,-0.86454232278337,0.6861470588235294,76.87229055700617,70.04800126863984,1
1789421829.587475,17,-84,0.1010480075949273,-1.4784681384879748,0.6881274509803922,76.9733385646011,68.56953313015187,1
1789421829.6233923,19,-100,0.12148127334838689,-1.4227975963613426,0.6895261437908496,77.09481983794949,67.14673553379052,1
1789421829.6592755,21,-114,0.15655759588870605,-1.5350281846382763,0.686702614379085,77.25137743383819,65.61170734915224,1
1789421829.6947815,22,-111,0.1684046490612681,-1.2677317764669525,0.6831830065359478,77.41978208289946,64.34397557268528,1
1789421829.7312844,24,-87,0.21923191018886481,-0.7411445988592038,0.6830653594771242,77.63901399308833,63.60283097382608,1
1789421829.7673566,28,-69,0.3074741107286518,-0.6405683531673925,0.6838202614379085,77.94648810381698,62.962262620658684,1
1789421829.8057232,28,-65,0.27351992130279545,-0.7978770962911415,0.6817516339869281,78.22000802511977,62.164385524367546,1
1789421829.8424938,24,-55,0.1968097806386475,-0.6140754951778492,0.6814183006535948,78.41681780575841,61.550310029189696,1
1789421829.87872,25,-35,0.29309160828635594,-0.27392454221133977,0.6836045751633987,78.70990941404477,61.276385486978356,1
1789421829.9152424,26,-30,0.3219657402664791,-0.4315470486088444,0.6829183006535948,79.03187515431125,60.844838438369514,1
1789421829.951065,18,-38,0.12936007223780238,-0.6917542331108536,0.6783431372549019,79.16123522654905,60.15308420525866,1
1789421829.98717,10,-25,0.057851788367726475,-0.27015913453609947,0.6770980392156862,79.21908701491678,59.88292507072256,1
1789421830.0221329,0,-25,0.0,-0.45,0.6793496732026144,79.21908701491678,59.432925070722554,1
1789421830.057907,-10,-38,-0.18714885819198676,-0.761372291521139,0.6798104575163398,79.03193815672479,58.67155277920141,1
1789421830.0936024,-18,-32,-0.2506546435353401,-0.43594244258286907,0.6749019607843137,78.78128351318945,58.23561033661854,1
1789421830.129069,-19,-12,-0.17618379993618088,-0.03797120744491289,0.6750686274509804,78.60509971325327,58.19763912917363,1
1789421830.1681817,-20,-8,-0.20049687086082701,-0.2288758250397665,0.6775457516339869,78.40460284239244,57.968763304133866,1
1789421830.205295,-23,-11,-0.2752019699339505,-0.3504189751760292,0.6775980392156863,78.12940087245849,57.61834432895784,1
1789421830.240739,-26,1,-0.3251733206405735,0.0,0.6756470588235294,77.80422755181792,57.61834432895784,1
1789421830.2762942,-28,12,-0.3517053773420282,0.09901406197582324,0.6761111111111111,77.45252217447589,57.71735839093366,1
1789421830.3116038,-29,7,-0.36775436429808545,-0.17881111111914738,0.6790228758169935,77.08476781017781,57.538547279814516,1
1789421830.3470485,-31,2,-0.42368947406280194,0.0,0.6750915032679738,76.66107833611501,57.538547279814516,1
1789421830.3835392,-31,8,-0.41816497802734376,-0.0795572081037103,0.6741633986928105,76.24291335808766,57.45899007171081,1
1789421830.4192023,-13,1,9.991621992097577e-05,0.0,0.6809313725490196,76.24301327430759,57.45899007171081,1
1789421830.4538872,0,2,0.0,0.0,0.6758169934640523,76.24301327430759,57.45899007171081,1
1789421830.4895692,10,8,0.16117271586045648,-0.06954139232635499,0.6751830065359478,76.40418599016805,57.38944867938445,1
1789421830.5252888,20,10,0.2506309891542897,-0.014399847873391686,0.6706307189542484,76.65481697932233,57.37504883151106,1
1789421830.5604143,28,14,0.3241753298262133,0.06437863141477046,0.6603202614379085,76.97899230914855,57.43942746292583,1
1789421830.5973508,30,14,0.2795381609655936,0.017775273323059088,0.6607352941176471,77.25853047011415,57.45720273624889,1
1789421830.6344101,30,12,0.274659948348999,-0.020317268687452723,0.664921568627451,77.53319041846315,57.43688546756144,1
1789421830.671492,31,6,0.3211476987930714,-0.12974707715675687,0.666578431372549,77.85433811725622,57.30713839040468,1
1789421830.707312,33,1,0.37917782789539123,0.0,0.6607875816993464,78.23351594515161,57.30713839040468,1
1789421830.7426465,33,0,0.37504077911376954,0.0,0.6570457516339869,78.60855672426538,57.30713839040468,1
1789421830.7807717,26,-7,0.2311396919389106,-0.2536704747043261,0.6752549019607843,78.83969641620429,57.05346791570035,1
1789421830.8175209,16,-14,0.10036049320400564,-0.36964481624167606,0.6677581699346405,78.9400569094083,56.68382309945868,1
1789421830.853121,2,-19,0.0,-0.40832349592119654,0.6628758169934641,78.9400569094083,56.27549960353748,1
1789421830.8883715,3,-25,0.0,-0.50071907367184,0.6538169934640523,78.9400569094083,55.774780529865644,1
1789421830.9270623,1,-34,0.0,-0.6482479138024743,0.659264705882353,78.9400569094083,55.12653261606317,1
1789421830.962898,-6,-37,-0.07680196960088863,-0.6117545876278397,0.65909477124183,78.8632549398074,54.51477802843533,1
1789421830.999513,-13,-24,-0.17636950989732558,-0.2623933499237795,0.6616535947712419,78.68688542991008,54.252384678511554,1
1789421831.0351138,-16,-4,-0.1636450208773753,0.0,0.6589673202614379,78.5232404090327,54.252384678511554,1
1789421831.0710413,-17,4,-0.15838532172422104,0.0,0.6545228758169934,78.36485508730847,54.252384678511554,1
1789421831.1064558,-17,9,-0.15630269527435303,0.06352111878131922,0.6552450980392157,78.20855239203412,54.31590579729287,1
1789421831.1419885,-17,16,-0.1683871412277222,0.08911163992870098,0.6529705882352941,78.0401652508064,54.405017437221574,1
1789421831.1777833,-17,19,-0.18055694580078127,0.07613149002512345,0.6516470588235294,77.85960830500561,54.4811489272467,1
1789421831.2139838,-16,17,-0.1683224669096137,-0.001101404438284801,0.6513496732026144,77.691285838096,54.48004752280841,1
1789421831.250063,-17,16,-0.21826427902341158,0.014220134208835363,0.6518071895424836,77.47302155907258,54.49426765701725,1
1789421831.2856884,-15,20,-0.1670621217732965,0.13845353534537602,0.6505555555555556,77.30595943729928,54.632721192362624,1
1789421831.3217041,-13,21,-0.15669257736324757,0.12134122429920427,0.6606699346405229,77.14926685993603,54.75406241666183,1
1789421831.356495,-2,28,0.0,0.2977161286114895,0.6519934640522875,77.14926685993603,55.05177854527332,1
1789421831.3915331,1,37,0.0,0.44122719140808064,0.6587777777777778,77.14926685993603,55.493005736681404,1
1789421831.427325,3,44,0.0,0.5122318052614057,0.6571830065359477,77.14926685993603,56.00523754194281,1
1789421831.4640634,6,50,0.08936157198447582,0.5925449177925445,0.6439313725490196,77.2386284319205,56.597782459735356,1
1789421831.5003645,3,63,0.0,0.8662084302599284,0.6480359477124183,77.2386284319205,57.46399088999529,1
1789421831.5369773,7,66,0.049684351705523384,0.8060774358407194,0.6307745098039216,77.28831278362603,58.27006832583601,1
1789421831.572361,5,77,0.0,1.085354533800506,0.6375947712418301,77.28831278362603,59.35542285963651,1
1789421831.6083708,6,80,0.034393392348277624,1.0415631527835583,0.6311601307189543,77.3227061759743,60.39698601242007,1
1789421831.6440086,9,80,0.11990549422180476,1.0,0.6232777777777778,77.44261167019611,61.39698601242007,1
1789421831.680293,12,79,0.15786616447871998,0.976217364730315,0.6172091503267974,77.60047783467483,62.37320337715039,1
1789421831.7165616,17,77,0.24784689342907984,0.9424126100883338,0.608578431372549,77.84832472810392,63.31561598723872,1
1789421831.7533429,19,76,0.23998388888022115,0.9464173213557082,0.591,78.08830861698414,64.26203330859443,1
1789421831.7896028,23,68,0.32463914632648705,0.7696555207703034,0.5904150326797386,78.41294776331063,65.03168882936473,1
1789421831.826262,27,65,0.3838621858243516,0.8090812916653118,0.5825228758169935,78.79680994913498,65.84077012103003,1
1789421831.8636053,29,67,0.3977414093315812,0.8967729506836375,0.5743333333333334,79.19455135846657,66.73754307171367,1
1789421831.9009392,30,62,0.4167527654452625,0.7530098960562714,0.5718300653594771,79.61130412391184,67.49055296776994,1
1789421831.9397042,30,56,0.426624698638916,0.6826376307262879,0.5697156862745099,80.03792882255075,68.17319059849623,1
1789421831.9761992,32,63,0.4973828858854122,0.9258954822189126,0.5636830065359477,80.53531170843617,69.09908608071515,1
1789421832.0127485,20,72,0.20035337367007355,1.043137337795784,0.5617908496732026,80.73566508210624,70.14222341851094,1
1789421832.0500903,10,73,0.13812998865873477,0.9433951111707257,0.5586633986928105,80.87379507076497,71.08561852968167,1
1789421832.086744,-7,82,-0.1347279094049852,1.142710633760695,0.5432908496732026,80.73906716135998,72.22832916344237,1
1789421832.123643,-14,85,-0.07827689690146507,1.0906485201289597,0.543516339869281,80.66079026445851,73.31897768357133,1
1789421832.1596036,-22,86,-0.1904933417824219,1.0739083191850596,0.5382614379084968,80.47029692267608,74.3928860027564,1
1789421832.1955335,-25,83,-0.16892129517846038,0.988265354994063,0.5383692810457517,80.30137562749762,75.38115135775047,1
1789421832.2322528,-27,84,-0.19427495961367347,1.0536241513944742,0.5379052287581699,80.10710066788394,76.43477550914494,1
1789421832.2695134,-27,88,-0.18714266777038574,1.1336513808409123,0.5395359477124183,79.91995800011355,77.56842688998586,1
1789421832.3057334,-45,117,-0.648208941857868,1.7703173186416803,0.6174640522875817,79.27174905825568,79.33874420862753,1
1789421832.3415794,-45,107,-0.4315965795516968,1.1287662302677657,0.6231960784313726,78.84015247870398,80.4675104388953,1
1789421832.3793266,-48,101,-0.5375359752986245,1.1314412506555453,0.614578431372549,78.30261650340536,81.59895168955084,1
1789421832.4180198,-47,98,-0.5117272266042537,1.141241130338892,0.6016143790849673,77.79088927680111,82.74019281988974,1
1789421832.4538672,-33,78,-0.21312453424044694,0.7010399388114794,0.6478300653594771,77.57776474256066,83.44123275870122,1
1789421832.4891083,-21,68,-0.13280909799658708,0.7381116756764072,0.6287156862745098,77.44495564456408,84.17934443437763,1
1789421832.5242214,-8,53,0.00637440709919343,0.5164015807378135,0.6356045751633987,77.45133005166326,84.69574601511545,1
1789421832.5582664,4,45,0.0,0.5322684556222983,0.6450686274509804,77.45133005166326,85.22801447073775,1
1789421832.5927715,11,37,0.1650837732492166,0.4541496499053986,0.6499705882352941,77.61641382491248,85.68216412064315,1
1789421832.6283674,12,30,0.05892177775673442,0.40173986613119145,0.6509869281045751,77.67533560266922,86.08390398677435,1
1789421832.6639035,13,24,0.07817588967085204,0.35561096132952397,0.6485555555555556,77.75351149234007,86.43951494810386,1
1789421832.7000725,15,20,0.12265751790449497,0.34469280623446497,0.6451830065359477,77.87616901024457,86.78420775433833,1
1789421832.735647,16,18,0.1304045306793785,0.35190103772384085,0.6443921568627451,78.00657354092395,87.13610879206216,1
1789421832.771116,16,13,0.12771998405456542,0.25951934128717863,0.6456633986928104,78.13429352497852,87.39562813334933,1
1789421832.8074312,16,6,0.1393384075164795,0.16361024038240568,0.6438039215686274,78.273631932495,87.55923837373174,1
1789421832.841845,18,2,0.2005020791017462,0.0,0.6433562091503268,78.47413401159675,87.55923837373174,1
1789421832.8794012,18,-1,0.1854641532897949,0.0,0.6421993464052288,78.65959816488655,87.55923837373174,1
1789421832.914437,17,-1,0.17308028690853183,0.0,0.6423366013071895,78.83267845179508,87.55923837373174,1
1789421832.9494107,17,5,0.1992686700820923,0.0,0.642375816993464,79.03194712187717,87.55923837373174,1
1789421832.9849122,16,12,0.1861105085055624,0.336903201192891,0.642437908496732,79.21805763038273,87.89614157492464,1
1789421833.020632,8,18,0.014178217694955267,0.46398069825336546,0.6420653594771242,79.23223584807769,88.360122273178,1
1789421833.055645,1,22,0.0,0.4772323856697437,0.6421764705882353,79.23223584807769,88.83735465884774,1
1789421833.0910325,0,25,0.0,0.4923855450907474,0.6418366013071896,79.23223584807769,89.32974020393848,1
1789421833.1259093,-2,22,0.0,0.37696119194696986,0.6405555555555555,79.23223584807769,89.70670139588546,1
1789421833.1612291,-2,18,0.0,0.32341961419128556,0.6454248366013072,79.23223584807769,90.03012101007674,1
1789421833.1965172,-2,8,0.0,0.1382833047262505,0.6491895424836601,79.23223584807769,90.16840431480298,1
1789421833.2316656,-2,-4,0.0,0.0,0.6487156862745098,79.23223584807769,90.16840431480298,1
1789421833.267129,-3,-15,0.0,-0.13411205888332414,0.6465555555555556,79.23223584807769,90.03429225591967,1
1789421833.302925,-4,-25,0.0,-0.22866477331361454,0.645173202614379,79.23223584807769,89.80562748260606,1
1789421833.3380318,-4,-36,0.0,-0.38101154488527367,0.6416503267973857,79.23223584807769,89.42461593772079,1
1789421833.3729794,-3,-43,0.0,-0.4245862231598283,0.6395359477124183,79.23223584807769,89.00002971456095,1
1789421833.4084015,-3,-48,0.0,-0.47899121651592735,0.6361960784313726,79.23223584807769,88.52103849804503,1
1789421833.44334,-3,-55,0.0,-0.6170239873975923,0.6344640522875817,79.23223584807769,87.90401451064744,1
1789421833.4781356,-2,-66,0.0,-0.8308491094955501,0.6344019607843138,79.23223584807769,87.0731654011519,1
1789421833.5133746,0,-79,0.0,-1.0429289135952766,0.6304117647058823,79.23223584807769,86.03023648755662,1
1789421833.548174,3,-104,0.0,-1.540163910540628,0.6249281045751633,79.23223584807769,84.490072577016,1
1789421833.583535,4,-116,0.0,-1.52961074042622,0.6131470588235294,79.23223584807769,82.96046183658977,1
1789421833.6181197,4,-111,0.0,-1.2377462032468787,0.6121013071895425,79.23223584807769,81.72271563334289,1
1789421833.653592,3,-96,0.0,-0.9485708140660285,0.6131143790849674,79.23223584807769,80.77414481927686,1
1789421833.6894078,6,-79,0.18490756876527925,-0.7531029542706021,0.615764705882353,79.41714341684298,80.02104186500625,1
1789421833.7254937,9,-57,0.26446310633410036,-0.4650282647206579,0.6149607843137255,79.68160652317708,79.5560136002856,1
1789421833.7611253,11,-31,0.27878558366266176,-0.1452974289001257,0.611967320261438,79.96039210683975,79.41071617138547,1
1789421833.7968888,10,-2,0.23426374204329747,0.0,0.6093660130718954,80.19465584888304,79.41071617138547,1
1789421833.8330922,10,29,0.2551275587081909,0.5486936514376053,0.6046111111111111,80.44978340759124,79.95940982282308,1
1789421833.869504,6,57,0.16462940147975516,0.8375512765543078,0.6002843137254902,80.614412809071,80.79696109937738,1
1789421833.9048617,-2,54,0.0,0.41883863332784,0.603359477124183,80.614412809071,81.21579973270522,1
1789421833.9410439,-10,28,-0.06665152011865819,-0.13688727008242782,0.6083202614379085,80.54776128895234,81.0789124626228,1
1789421833.9771295,-19,7,-0.18321757990619097,-0.27425299627749083,0.6106928104575163,80.36454370904616,80.8046594663453,1
1789421834.0137413,-30,-7,-0.3407109808784375,-0.31961820900057786,0.6063823529411765,80.02383272816772,80.48504125734472,1
1789421834.0504904,-29,-41,-0.18819218879250962,-0.9611901449837901,0.6100424836601307,79.8356405393752,79.52385111236093,1
1789421834.0873857,-25,-58,-0.12609010796924405,-0.9416440564137326,0.6085098039215686,79.70955043140596,78.5822070559472,1
1789421834.1239262,-17,-68,-0.003228476107659098,-0.9978815576194522,0.6060196078431372,79.70632195529829,77.58432549832774,1
1789421834.1611404,-8,-72,0.09231892914659703,-0.9737548653342133,0.6063071895424836,79.7986408844449,76.61057063299353,1
1789421834.198849,-7,-78,-0.010647993710843181,-1.0595611366136803,0.6096470588235294,79.78799289073405,75.55100949637985,1
1789421834.2375627,-8,-79,-0.05302037804083793,-1.002913099966134,0.6103921568627451,79.7349725126932,74.54809639641371,1
1789421834.2739754,-8,-74,-0.04593345642089844,-0.8713161324975273,0.6149803921568627,79.6890390562723,73.67678026391619,1
1789421834.3096626,-5,-56,0.0,-0.5073936441443552,0.6216307189542484,79.6890390562723,73.16938661977183,1
1789421834.3454387,-5,-25,0.0,-0.01673300899700103,0.6246960784313725,79.6890390562723,73.15265361077482,1
1789421834.3804464,-3,4,0.0,0.0,0.622640522875817,79.6890390562723,73.15265361077482,1
1789421834.416267,-8,4,-0.06879901885986328,0.0,0.6275392156862745,79.62024003741244,73.15265361077482,1
1789421834.453828,-8,10,-0.07471355438232422,0.083035117826251,0.6319052287581699,79.54552648303012,73.23568872860108,1
1789421834.4897199,-4,28,0.0,0.37303001917469497,0.6364150326797385,79.54552648303012,73.60871874777577,1
1789421834.5250185,0,35,0.0,0.31564821433051754,0.6334313725490196,79.54552648303012,73.92436696210629,1
1789421834.5609303,2,32,0.0,0.16771569526505908,0.6366928104575164,79.54552648303012,74.09208265737135,1
1789421834.5972192,5,33,0.0,0.25715271589780153,0.6398169934640523,79.54552648303012,74.34923537326915,1
1789421834.634021,12,45,0.22403191992682625,0.5590093352844782,0.6433333333333333,79.76955840295695,74.90824470855362,1
1789421834.6709626,23,55,0.44429850195288506,0.6725322646805063,0.6412320261437908,80.21385690490983,75.58077697323414,1
1789421834.707539,33,54,0.5563490503952878,0.553072787264289,0.6421535947712418,80.77020595530512,76.13384976049842,1
1789421834.7430892,44,52,0.715654479028892,0.5555822416857984,0.6451960784313725,81.48586043433401,76.68943200218422,1
1789421834.778631,56,49,0.8895933926745228,0.5463426652373693,0.6470457516339869,82.37545382700854,77.2357746674216,1
1789421834.8150833,86,31,1.4718361415498213,0.18415375143171356,0.6598660130718954,83.84728996855836,77.4199284188533,1
1789421834.8519385,100,17,1.3897261906300484,0.11381959485063547,0.6634869281045752,85.2370161591884,77.53374801370394,1
1789421834.888213,99,3,1.176436998376697,0.0,0.6629673202614379,86.4134531575651,77.53374801370394,1
1789421834.9239602,104,-2,1.3099680379007774,0.0,0.6601535947712418,87.72342119546587,77.53374801370394,1
1789421834.9599133,96,-3,1.0488388691221584,0.0,0.6613169934640523,88.77226006458804,77.53374801370394,1
1789421834.9960282,85,-4,0.8977023852750692,0.0,0.6651503267973856,89.6699624498631,77.53374801370394,1
1789421835.0323036,72,-3,0.74063713577063,0.0,0.6711045751633987,90.41059958563373,77.53374801370394,1
1789421835.0689113,58,0,0.5889192661386371,0.0,0.6739967320261437,90.99951885177236,77.53374801370394,1
1789421835.1051424,46,0,0.49433727865183336,0.0,0.6755098039215687,91.49385613042419,77.53374801370394,1
1789421835.140906,39,-3,0.49216030178216774,0.0,0.6782614379084967,91.98601643220636,77.53374801370394,1
1789421835.1764271,33,-3,0.44552427947070555,0.0,0.6792222222222222,92.43154071167706,77.53374801370394,1
1789421835.2122955,30,-2,0.45818574789647887,0.0,0.6792777777777778,92.88972645957354,77.53374801370394,1
1789421835.249074,17,-8,0.19025517550568313,-0.041342512373532356,0.6840816993464053,93.07998163507922,77.49240550133041,1
1789421835.2856762,12,-8,0.2517582131514552,-0.015725045204162597,0.6842614379084967,93.33173984823068,77.47668045612625,1
1789421835.3219306,4,-6,0.0,0.027567017512133037,0.6844640522875817,93.33173984823068,77.50424747363837,1
1789421835.3584816,-5,-7,0.0,-0.028892120538411344,0.6849738562091503,93.33173984823068,77.47535535309996,1
1789421835.3948762,-13,-9,-0.07286293120050719,-0.06909179114708579,0.6811045751633987,93.25887691703018,77.40626356195287,1
1789421835.431877,-19,-8,-0.11359952708016635,-0.024153733172699986,0.6796666666666666,93.14527738995001,77.38210982878017,1
1789421835.469874,-27,-7,-0.2381670451529369,-0.019834212776603466,0.6794019607843137,92.90711034479708,77.36227561600357,1
1789421835.5064974,-36,-9,-0.3722211429990918,-0.08688713836779186,0.6785947712418301,92.53488920179798,77.27538847763579,1
1789421835.543255,-47,-11,-0.5435215489264293,-0.11487667836352407,0.6760980392156862,91.99136765287155,77.16051179927226,1
1789421835.579901,-59,-8,-0.7208365908698599,-0.022605918539564424,0.6747450980392157,91.27053106200168,77.13790588073269,1
1789421835.6160815,-88,-3,-1.3061028663258305,0.0,0.667140522875817,89.96442819567585,77.13790588073269,1
1789421835.652712,-106,-1,-1.4152411544152006,0.0,0.6659248366013072,88.54918704126065,77.13790588073269,1
1789421835.688285,-117,5,-1.5173366412728284,0.0,0.6562091503267974,87.03185039998782,77.13790588073269,1
1789421835.724874,-112,13,-1.2504122534575668,0.256593239275943,0.6539673202614379,85.78143814653025,77.39449912000863,1
1789421835.7606864,-106,17,-1.1763570421973464,0.29214873123364377,0.6498529411764706,84.6050811043329,77.68664785124227,1
1789421835.7969394,-98,21,-1.069643907701213,0.34673648080467434,0.6496666666666666,83.53543719663168,78.03338433204695,1
1789421835.8329875,-92,27,-1.0366871126648658,0.4542629950030988,0.6445620915032679,82.49875008396681,78.48764732705006,1
1789421835.8691185,-89,34,-1.048524253411563,0.5624278514673079,0.6408300653594772,81.45022583055525,79.05007517851736,1
1789421835.9058323,-91,36,-1.1372380395747694,0.5392736140333727,0.6363921568627451,80.31298779098049,79.58934879255074,1
1789421835.9421666,-93,35,-1.1575146386423423,0.5137153204592387,0.6355522875816993,79.15547315233815,80.10306411300998,1
1789421835.978677,-90,35,-1.0589051575482051,0.55,0.6319607843137255,78.09656799478994,80.65306411300998,1
1789421836.0147123,-84,35,-0.9567405858571155,0.55,0.6360490196078431,77.13982740893282,81.20306411300997,1
1789421836.0504231,-83,28,-1.0160008811396073,0.381991774822411,0.636483660130719,76.12382652779321,81.58505588783238,1
1789421836.086754,-83,21,-1.03,0.31368296875615104,0.6337483660130719,75.09382652779321,81.89873885658854,1
1789421836.1228497,-84,20,-1.0538559403781862,0.3861460733537681,0.6330326797385621,74.03997058741503,82.28488492994231,1
1789421836.1593266,-83,19,-1.0162854153314935,0.37629393042239345,0.6334084967320261,73.02368517208353,82.6611788603647,1
1789421836.1945465,-80,16,-0.9573625378667227,0.31740583723181703,0.6337647058823529,72.0663226342168,82.97858469759652,1
1789421836.2312202,-79,10,-0.9763726615245658,0.21816045424094807,0.6357843137254902,71.08994997269224,83.19674515183746,1
1789421836.2669735,-67,5,-0.7049045869633674,0.0,0.6435490196078432,70.38504538572887,83.19674515183746,1
1789421836.3022063,-49,1,-0.43495992865395133,0.0,0.6437418300653595,69.95008545707492,83.19674515183746,1
1789421836.3383532,-37,-2,-0.4039766196068083,0.0,0.6360816993464052,69.54610883746811,83.19674515183746,1
1789421836.3741665,-35,-6,-0.5215981229304496,0.06688517513061928,0.6381699346405229,69.02451071453766,83.26363032696808,1
1789421836.4098864,-30,-9,-0.43002402434466924,0.044427687071232826,0.6462745098039215,68.59448669019298,83.30805801403932,1
1789421836.4466445,-23,-9,-0.33476272527928796,0.07979686737060548,0.6448464052287581,68.25972396491369,83.38785488140992,1
1789421836.4825907,-12,-9,-0.1669161009469584,0.07332939624786378,0.6506764705882353,68.09280786396673,83.46118427765778,1
1789421836.5179179,-3,-9,0.0,0.06698037147521974,0.6541111111111111,68.09280786396673,83.528164649133,1
1789421836.55367,5,-10,0.0,0.035844158341409464,0.6546176470588235,68.09280786396673,83.56400880747441,1
1789421836.5896401,11,-13,0.04105884284048948,-0.03127958199995066,0.656297385620915,68.13386670680721,83.53272922547445,1
1789421836.6259372,14,-17,0.014921988543562192,-0.09679479472181177,0.6574575163398693,68.14878869535077,83.43593443075264,1
1789421836.661403,17,-22,0.05808839183783745,-0.17798639045515252,0.6571895424836601,68.20687708718862,83.25794804029749,1
1789421836.6983557,23,-26,0.17396065724092163,-0.22084586707918072,0.6583856209150327,68.38083774442954,83.03710217321832,1
1789421836.7344954,31,-31,0.3058509197500892,-0.30827440450885596,0.6613660130718955,68.68668866417963,82.72882776870946,1
1789421836.7703931,41,-36,0.46382816376366554,-0.38460069886351583,0.6592483660130719,69.15051682794329,82.34422706984594,1
1789421836.8071313,53,-39,0.6469193803422936,-0.4144516152014029,0.6566470588235294,69.79743620828559,81.92977545464454,1
1789421836.8429315,66,-42,0.8423738013951942,-0.47559046453375814,0.6554084967320262,70.63981000968079,81.45418499011079,1
1789421836.878645,81,-46,1.0786809606960048,-0.5625523862889676,0.6546209150326797,71.71849097037679,80.89163260382182,1
1789421836.9140763,113,-57,1.7204081634565696,-0.8122005884869716,0.6471797385620915,73.43889913383336,80.07943201533485,1
1789421836.9497733,115,-62,1.378017688474436,-0.8212296896370209,0.6414084967320262,74.81691682230779,79.25820232569782,1
1789421836.9856417,108,-61,1.1824768383500854,-0.7710364834164277,0.6358660130718954,75.99939366065787,78.4871658422814,1
1789421837.0218406,102,-52,1.1371195362929785,-0.5956874925903971,0.6407745098039216,77.13651319695086,77.891478349691,1
1789421837.0573454,95,-34,1.0510730694844097,-0.28578948644389673,0.6395555555555555,78.18758626643526,77.6056888632471,1
1789421837.092605,89,-9,1.0052014880109985,0.06359640662831395,0.6359052287581699,79.19278775444626,77.66928526987542,1
1789421837.128062,84,21,0.9694980165400391,0.4479078428162837,0.6314019607843138,80.1622857709863,78.1171931126917,1
1789421837.163999,77,48,0.8725189316971459,0.7052395839339501,0.6268562091503268,81.03480470268345,78.82243269662564,1
1789421837.2005968,66,52,0.7096792581925286,0.4620815694415707,0.6289313725490197,81.74448396087597,79.2845142660672,1
1789421837.2382672,62,40,0.7669579007271579,0.158384088230553,0.6267124183006536,82.51144186160313,79.44289835429775,1
1789421837.2738547,60,35,0.7718967074494459,0.22225664005007123,0.6241895424836601,83.28333856905257,79.66515499434783,1
1789421837.3097095,59,37,0.776056170212766,0.3669245126770105,0.6244019607843138,84.05939473926534,80.03207950702485,1
1789421837.345608,72,31,1.1010482919832119,0.21773768017915507,0.6358888888888888,85.16044303124856,80.249817187204,1
1789421837.3817441,70,-6,0.8723193928394656,-0.5851586605717476,0.6421503267973856,86.03276242408803,79.66465852663225,1
1789421837.418032,68,-16,0.8524591645107491,-0.32240011691589854,0.6397124183006536,86.88522158859878,79.34225840971635,1
1789421837.4548447,63,-21,0.7620848473072315,-0.31803448134951706,0.6417875816993464,87.64730643590602,79.02422392836684,1
1789421837.4916165,56,-26,0.6644708240331618,-0.3872284970608598,0.6448006535947712,88.31177725993918,78.63699543130598,1
1789421837.5282302,42,-28,0.42947106386844736,-0.38705173665577086,0.6463660130718955,88.74124832380762,78.2499436946502,1
1789421837.56521,32,-26,0.38461689422549306,-0.3319087396110549,0.6456307189542484,89.12586521803311,77.91803495503915,1
1789421837.6022336,28,-25,0.42604564048470506,-0.35398335035373285,0.6492254901960784,89.55191085851781,77.56405160468542,1
1789421837.6393156,20,-30,0.2921093233527543,-0.5071525861167123,0.6520490196078431,89.84402018187058,77.0568990185687,1
1789421837.6759088,13,-32,0.23436128864132383,-0.5104759748773999,0.6510457516339869,90.0783814705119,76.5464230436913,1
1789421837.712415,8,-27,0.21152603911581286,-0.3843943477238644,0.6555032679738562,90.28990750962771,76.16202869596744,1
1789421837.7486727,-8,12,-0.10649321685757294,0.483733754202319,0.665062091503268,90.18341429277014,76.64576245016976,1
1789421837.785252,-18,32,-0.13562213097333026,0.4426186708866362,0.6576699346405229,90.0477921617968,77.08838112105639,1
1789421837.8224013,-27,34,-0.23017314286944604,0.2414276125217483,0.6558137254901961,89.81761901892736,77.32980873357813,1
1789421837.8598678,-35,25,-0.32200405251532427,0.02313058602428851,0.6611111111111111,89.49561496641203,77.35293931960243,1
1789421837.8963826,-39,18,-0.33852527276243766,-0.00947254825624623,0.6560294117647059,89.1570896936496,77.34346677134619,1
1789421837.9337254,-44,17,-0.43355952511906815,0.07569240379932653,0.6575751633986928,88.72353016853053,77.41915917514551,1
1789421837.9710224,-52,13,-0.5925754885134253,0.005167166256087395,0.660467320261438,88.13095468001711,77.4243263414016,1
1789421838.0073514,-62,9,-0.7681128603165748,-0.029732398273804438,0.6591437908496732,87.36284181970053,77.39459394312779,1
1789421838.0435972,-74,8,-0.9695745280143706,0.0073253788126581496,0.6567581699346405,86.39326729168616,77.40191932194044,1
1789421838.0794473,-84,20,-1.1037650521771913,0.32281547025754137,0.6524248366013072,85.28950223950896,77.72473479219798,1
1789421838.1185112,-73,29,-0.7705212142247199,0.3833196560978922,0.6520816993464053,84.51898102528425,78.10805444829587,1
1789421838.1553767,-62,40,-0.6707982976961984,0.5568259341009103,0.647843137254902,83.84818272758805,78.66488038239679,1
1789421838.1917236,-55,54,-0.6537524324040807,0.7794090743008031,0.6464542483660131,83.19443029518398,79.44428945669759,1
1789421838.2284472,-52,67,-0.6791421446384039,0.9430908682644119,0.6400980392156863,82.51528815054557,80.387380324962,1
1789421838.2646403,-51,75,-0.6961659047581352,1.0109027563713864,0.6342320261437908,81.81912224578744,81.39828308133337,1
1789421838.3006737,-46,82,-0.5906396433343476,1.1170961499031027,0.632375816993464,81.2284826024531,82.51537923123648,1
1789421838.337371,-39,92,-0.4946575741043827,1.2562282388400978,0.6307222222222222,80.73382502834872,83.77160747007657,1
1789421838.3727174,-33,97,-0.4451328558132006,1.2407598456015332,0.6232941176470588,80.28869217253552,85.0123673156781,1
1789421838.4078815,-32,94,-0.5057901127493496,1.0973602260943824,0.6236633986928105,79.78290205978617,86.10972754177249,1
1789421838.442808,-27,92,-0.39840236524779116,1.091368961398,0.6239509803921569,79.38449969453838,87.20109650317049,1
1789421838.477732,-21,91,-0.3241268144872346,1.095684285255951,0.6229607843137255,79.06037288005115,88.29678078842645,1
1789421838.5133033,-21,87,-0.41000000000000003,1.0137708095933935,0.6344640522875817,78.65037288005115,89.31055159801984,1
1789421838.5492253,-17,79,-0.31428654353211527,0.8786115563109568,0.6444542483660131,78.33608633651903,90.1891631543308,1
1789421838.5846486,-10,69,-0.2012773100201749,0.7489173007191535,0.6496928104575164,78.13480902649886,90.93808045504996,1
1789421838.6207573,-6,58,-0.2046124672340594,0.6276812677451304,0.6570522875816993,77.9301965592648,91.56576172279509,1
1789421838.6559684,-3,43,0.0,0.4162695166528516,0.6635457516339869,77.9301965592648,91.98203123944793,1
1789421838.6906564,-4,26,0.0,0.21529484117178707,0.6742777777777778,77.9301965592648,92.19732608061972,1
1789421838.7252886,-3,8,0.0,0.020188887282938606,0.6742843137254902,77.9301965592648,92.21751496790266,1
1789421838.7605789,-3,-6,0.0,-0.06266341831178762,0.6725882352941176,77.9301965592648,92.15485154959087,1
1789421838.796326,-6,-17,-0.26,-0.13996785432663972,0.6661437908496732,77.6701965592648,92.01488369526423,1
1789421838.8328266,-7,-22,-0.2837125221496433,-0.12098351001839208,0.6634411764705882,77.38648403711515,91.89390018524584,1
1789421838.8685741,-6,-29,-0.24602615990458232,-0.24107990467157497,0.6635490196078432,77.14045787721057,91.65282028057426,1
1789421838.9039135,-5,-37,0.0,-0.3627222896979101,0.6629281045751634,77.14045787721057,91.29009799087635,1
1789421838.9385712,-5,-46,0.0,-0.5010213605811281,0.6616699346405229,77.14045787721057,90.78907663029521,1
1789421838.9729283,1,-58,0.0,-0.7056833933419577,0.6607549019607843,77.14045787721057,90.08339323695326,1
1789421839.0083387,10,-75,-0.014809167264810831,-0.9938458387343501,0.6640326797385621,77.12564870994575,89.08954739821891,1
1789421839.0436988,16,-93,0.08411563725168322,-1.254545979527986,0.6530392156862745,77.20976434719744,87.83500141869092,1
1789421839.0781908,17,-137,0.03549145709786293,-2.172304504779662,0.65109477124183,77.2452558042953,85.66269691391126,1
1789421839.1126587,16,-152,0.007524259344451339,-1.9375905264541298,0.6992614379084967,77.25278006363975,83.72510638745713,1
1789421839.147431,14,-158,-0.01703591297123604,-1.8663617844886753,0.716156862745098,77.23574415066851,81.85874460296846,1
1789421839.1820002,12,-155,-0.02884314429634137,-1.7066435393839157,0.7086045751633987,77.20690100637216,80.15210106358454,1
1789421839.2170472,10,-150,-0.04148826508094772,-1.6286547097406308,0.6912058823529412,77.16541274129122,78.52344635384391,1
1789421839.2521796,10,-144,-0.005903348922729493,-1.5546435122374775,0.6713006535947712,77.15950939236849,76.96880284160643,1
1789421839.288351,8,-137,-0.04781831589443031,-1.4731172355534436,0.6498660130718954,77.11169107647406,75.49568560605299,1
1789421839.3240595,0,-120,0.0,-1.1617605281798375,0.6524509803921569,77.11169107647406,74.33392507787315,1
1789421839.3605895,-7,-98,-0.2839821417441263,-0.8794525213176905,0.6641699346405229,76.82770893472993,73.45447255655546,1
1789421839.3966906,-11,-65,-0.2836231025300863,-0.39283854090975157,0.6767875816993464,76.54408583219984,73.06163401564571,1
1789421839.4337583,-11,-24,-0.23633684635162355,0.11310333470564021,0.6817614379084967,76.30774898584822,73.17473735035135,1
1789421839.4706964,-13,-11,-0.29300131407026053,-0.13408826888457293,0.677921568627451,76.01474767177795,73.04064908146678,1
1789421839.506591,-12,-19,-0.25062883071705555,-0.5014387549733977,0.687235294117647,75.76411884106089,72.53921032649339,1
1789421839.5419645,-2,-21,0.0,-0.4383264942257041,0.6855686274509804,75.76411884106089,72.10088383226768,1
1789421839.579938,17,-1,0.24662763328545856,0.0,0.6855130718954249,76.01074647434635,72.10088383226768,1
1789421839.6160626,50,69,0.8809878686654244,1.199066517977704,0.6764509803921569,76.89173434301178,73.29995035024538,1
1789421839.6519535,64,91,0.7969483418109511,1.1841438286661434,0.670921568627451,77.68868268482272,74.48409417891152,1
1789421839.6882994,75,122,0.9179487117035698,1.703002192355997,0.6608823529411765,78.6066313965263,76.18709637126751,1
1789421839.7233143,92,154,1.2437419783154338,2.160936917910258,0.6926993464052288,79.85037337484172,78.34803328917778,1
1789421839.7576396,122,172,1.8213196175085962,2.1822022671704824,0.7519738562091504,81.67169299235032,80.53023555634826,1
1789421839.817294,140,175,1.7512375289965105,1.975177304851012,0.7592745098039215,83.42293052134683,82.50541286119928,1
1789421839.8651462,152,179,1.8454089998505008,2.031797584406266,0.7695326797385621,85.26833952119733,84.53721044560554,1
1789421839.9082546,154,180,1.763145584778218,2.0115829554555247,0.7713562091503268,87.03148510597555,86.54879340106106,1
1789421839.951839,151,180,1.6755374098236735,2.0,0.7745980392156863,88.70702251579922,88.54879340106106,1
1789421839.9919784,156,182,1.8224211829698067,2.0449073849735147,0.7914084967320262,90.52944369876903,90.59370078603457,1
1789421840.0350554,143,179,1.4793217122170943,1.9551662883275935,0.7830032679738562,92.00876541098613,92.54886707436216,1
1789421840.0759096,114,171,0.9861553212781309,1.8121725267933153,0.7640228758169935,92.99492073226426,94.36103960115548,1
1789421840.1119263,87,142,0.6953574259456528,1.2174649669724527,0.7065718954248366,93.69027815820992,95.57850456812794,1
1789421840.1474876,71,107,0.6849338842420868,0.7777041945566003,0.7068300653594771,94.375212042452,96.35620876268455,1
1789421840.18289,60,68,0.6446093657379965,0.32934775905366565,0.7281830065359477,95.01982140819,96.6855565217382,1
1789421840.2181697,42,28,0.36509426088365776,-0.08679017851110121,0.7264444444444444,95.38491566907365,96.59876634322711,1
1789421840.2532098,28,-5,0.28357833751463457,0.0,0.7118496732026144,95.66849400658829,96.59876634322711,1
1789421840.288367,20,-30,0.2840191075317134,-0.5553705501265296,0.6988169934640522,95.95251311412001,96.04339579310059,1
1789421840.322786,18,-46,0.3509159091066686,-0.5661511529103187,0.6866830065359477,96.30342902322668,95.47724464019026,1
1789421840.3571224,16,-49,0.33095719370161614,-0.44110975299332134,0.6801960784313725,96.6343862169283,95.03613488719694,1
1789421840.3923016,10,-43,0.21473894335991767,-0.28241572369016266,0.6844673202614379,96.84912516028822,94.75371916350677,1
1789421840.4265134,4,-39,0.0,-0.2957479981719983,0.6812712418300654,96.84912516028822,94.45797116533477,1
1789421840.4607275,1,-35,0.0,-0.27975774517368435,0.6863169934640523,96.84912516028822,94.17821342016109,1
1789421840.4952896,-3,-20,0.0,0.014782853580841193,0.6970751633986928,96.84912516028822,94.19299627374193,1
1789421840.5303187,-7,-3,0.04926912128273809,0.0,0.6878660130718954,96.89839428157096,94.19299627374193,1
1789421840.5654528,-4,6,0.0,0.25165562323419066,0.6793660130718954,96.89839428157096,94.44465189697611,1
1789421840.6010935,-3,11,0.0,0.1942921104657161,0.6764346405228758,96.89839428157096,94.63894400744182,1
1789421840.6371338,-5,14,0.0,0.2058831528161571,0.6746176470588235,96.89839428157096,94.84482716025798,1
1789421840.6728542,-9,12,0.05800276137566598,0.12491439463216758,0.6756470588235294,96.95639704294662,94.96974155489015,1
1789421840.7082665,-8,8,0.08349904904382745,0.06203962496077632,0.6725457516339869,97.03989609199044,95.03178117985092,1
1789421840.7431457,-7,7,0.08883424987149932,0.09907056949168087,0.6709934640522875,97.12873034186194,95.13085174934261,1
1789421840.7780159,-8,9,0.04458500023613692,0.16835388260290446,0.6707941176470589,97.17331534209808,95.29920563194551,1
1789421840.8139992,-9,7,0.02853556844723388,0.0968999364653163,0.6712222222222223,97.20185091054532,95.39610556841083,1
1789421840.8496785,-12,6,-0.0381350095982526,0.1049950697511937,0.6725392156862745,97.16371590094707,95.50110063816203,1
1789421840.8847494,-18,0,-0.15310941089337088,0.0,0.6782843137254903,97.0106064900537,95.50110063816203,1
1789421840.9209113,-27,-14,-0.30483590075217565,-0.24139218361898007,0.6827581699346406,96.70577058930152,95.25970845454304,1
1789421840.9564621,-40,-34,-0.519019575098132,-0.606102453691317,0.6791797385620915,96.1867510142034,94.65360600085172,1
1789421840.9918373,-57,-60,-0.787219471587064,-0.995053284539658,0.6750882352941177,95.39953154261633,93.65855271631207,1
1789421841.0270984,-74,-97,-1.0102773877874416,-1.5906662464249148,0.670359477124183,94.38925415482889,92.06788646988716,1
1789421841.0637133,-90,-144,-1.2136194271088268,-2.2819699746640874,0.6620882352941176,93.17563472772007,89.78591649522306,1
1789421841.1029983,-115,-167,-1.6535743241310035,-2.162702809636507,0.7431960784313726,91.52206040358907,87.62321368558655,1
1789421841.1374388,-143,-186,-2.036447311589789,-2.3358321715112456,0.8106307189542483,89.48561309199928,85.2873815140753,1
1789421841.1716077,-153,-198,-1.8763387947637256,-2.3555943007856657,0.8443496732026143,87.60927429723556,82.93178721328964,1
1789421841.2058918,-150,-198,-1.6562552599741347,-2.18,0.8451535947712419,85.95301903726143,80.75178721328963,1
1789421841.2404807,-145,-198,-1.5776973784011141,-2.18,0.8443235294117647,84.37532165886032,78.57178721328962,1
1789421841.2756047,-137,-197,-1.4561426913602031,-2.1557662908841633,0.8431830065359477,82.91917896750012,76.41602092240547,1
1789421841.3107066,-102,-184,-0.7216375277526937,-1.8548348501725123,0.8063986928104575,82.19754143974743,74.56118607223296,1
1789421841.3484695,-86,-170,-0.8480286297276639,-1.7145976673255072,0.761173202614379,81.34951281001976,72.84658840490745,1
1789421841.3842287,-59,-149,-0.41251767309769205,-1.3964280771922808,0.7063300653594772,80.93699513692206,71.45016032771517,1
1789421841.4214375,-43,-99,-0.4145110427517291,-0.5178100439760502,0.6756143790849674,80.52248409417034,70.93235028373911,1
1789421841.4574752,-28,-36,-0.27245982107513267,0.3137613237307303,0.6742745098039216,80.2500242730952,71.24611160746984,1
1789421841.4940565,-17,-9,-0.21964986671706868,0.078990733379384,0.6711209150326798,80.03037440637814,71.32510234084923,1
1789421841.5307345,-10,-4,-0.2060445838266825,0.0,0.6713137254901961,79.82432982255146,71.32510234084923,1
1789421841.5677333,-10,14,-0.30000000000000004,0.11672491438041832,0.6713986928104575,79.52432982255146,71.44182725522964,1
1789421841.6042187,-9,56,-0.2762966172021511,0.9970850588145176,0.6723627450980392,79.24803320534932,72.43891231404416,1
1789421841.6405647,-11,93,-0.3375243888834203,1.3681810296650545,0.666437908496732,78.91050881646589,73.80709334370921,1
1789421841.6767843,-23,118,-0.5956180215990682,1.5396616770735863,0.6623006535947712,78.31489079486683,75.3467550207828,1
1789421841.7113686,-47,170,-1.016698775262788,2.5836912193626738,0.7290098039215687,77.29819201960404,77.93044624014547,1
1789421841.7457547,-56,186,-0.8908811316829623,2.292654981140448,0.7922614379084967,76.40731088792108,80.22310122128592,1
1789421841.7803187,-70,192,-1.1026121953239298,2.206839790749355,0.8152516339869281,75.30469869259716,82.42994101203527,1
1789421841.816449,-88,197,-1.329278461619737,2.2391846241142237,0.8347091503267974,73.97542023097742,84.6691256361495,1
1789421841.853047,-103,195,-1.4348360063292376,2.1226702026454682,0.8298464052287582,72.54058422464819,86.79179583879497,1
1789421841.888316,-111,190,-1.423512195451993,2.029135427015118,0.8109934640522876,71.1170720291962,88.82093126581009,1
1789421841.9242587,-116,186,-1.4294554583330572,2.00435934307925,0.7931699346405229,69.68761657086314,90.82529060888933,1
1789421841.9595408,-116,183,-1.3599999999999999,1.9874936086263277,0.7881764705882353,68.32761657086314,92.81278421751566,1
1789421841.9949036,-117,177,-1.3841445240311332,1.8851597499882007,0.7746339869281046,66.94347204683201,94.69794396750386,1
1789421842.0306907,-123,169,-1.5138883170217872,1.7781526389824067,0.7570522875816994,65.42958372981023,96.47609660648627,1
1789421842.0665228,-117,155,-1.2862802432500764,1.554690286444128,0.7442352941176471,64.14330348656016,98.0307868929304,1
1789421842.103258,-101,130,-0.9923430417353174,1.1598536357502465,0.7493366013071895,63.15096044482484,99.19064052868065,1
1789421842.1390617,-88,90,-0.89845258040887,0.5414074340431767,0.7626928104575164,62.25250786441597,99.73204796272383,1
1789421842.1740468,-80,52,-0.8856873117752068,0.17695923026078186,0.7649803921568628,61.36682055264076,99.9090071929846,1
1789421842.207983,-59,-14,-0.4805333989178554,-0.9220215633488665,0.7695392156862745,60.886287153722904,98.98698562963574,1
1789421842.2421844,-44,-38,-0.42075342036116786,-0.5663118486371516,0.7655751633986928,60.46553373336174,98.42067378099858,1
1789421842.2758083,-31,-56,-0.3166702406784949,-0.7008295704776932,0.7593692810457516,60.14886349268324,97.71984421052089,1
1789421842.310862,-30,-70,-0.4857423890135291,-0.8219272358770591,0.748516339869281,59.66312110366971,96.89791697464383,1
1789421842.3453429,-30,-73,-0.5,-0.746075201551328,0.7410490196078431,59.16312110366971,96.1518417730925,1
1789421842.3795187,-23,-60,-0.3276678122059183,-0.42341065478131956,0.751264705882353,58.83545329146379,95.72843111831118,1
1789421842.4141707,-12,-38,-0.1612145207252103,-0.10240099807311465,0.7568137254901961,58.67423877073858,95.62603012023807,1
1789421842.4493346,-2,-13,0.0,0.1771572503006374,0.7533039215686275,58.67423877073858,95.80318737053871,1
1789421842.4834201,8,0,0.034384600481573616,0.0,0.754797385620915,58.708623371220156,95.80318737053871,1
1789421842.5176172,23,-1,0.2761474135018336,0.0,0.7590588235294118,58.98477078472199,95.80318737053871,1
1789421842.5530958,34,-7,0.34839496408658666,-0.10468197657718784,0.7469477124183006,59.333165748808575,95.69850539396153,1
1789421842.5877786,42,-15,0.41511743431141945,-0.3392767093376704,0.7464738562091503,59.748283183119995,95.35922868462386,1
1789421842.622027,53,-32,0.6064477501904437,-0.6640393531281179,0.758437908496732,60.354730933310435,94.69518933149574,1
1789421842.6564007,72,-56,0.9619637047036713,-1.0435471161891625,0.7601045751633987,61.316694638014106,93.65164221530658,1
1789421842.6913562,92,-79,1.2359638368775026,-1.3086229503477773,0.7457058823529412,62.55265847489161,92.3430192649588,1
1789421842.7258053,115,-99,1.5929872182739455,-1.4802512006421877,0.7446307189542484,64.14564569316555,90.86276806431661,1
1789421842.759785,135,-121,1.8442999480767341,-1.7337344859524544,0.7431503267973856,65.98994564124229,89.12903357836416,1
1789421842.793696,148,-140,1.8716567146341978,-1.880131383577053,0.7573300653594771,67.86160235587649,87.2489021947871,1
1789421842.8283372,154,-148,1.8266275533035463,-1.7954890927989757,0.7841503267973856,69.68822990918004,85.45341310198813,1
1789421842.8623664,160,-156,1.8881520516179655,-1.8775377156908764,0.8131666666666667,71.576381960798,83.57587538629726,1
1789421842.8963509,158,-161,1.7505658746087664,-1.8835693087020888,0.8271633986928104,73.32694783540677,81.69230607759516,1
1789421842.9303467,148,-163,1.5329614516287353,-1.8594153405942955,0.8420653594771241,74.8599092870355,79.83289073700087,1
1789421842.9651163,109,-162,0.7286329892378651,-1.8056139720257653,0.796640522875817,75.58854227627337,78.0272767649751,1
1789421843.000419,80,-154,0.5891964740450539,-1.6266932578730187,0.7501699346405228,76.17773875031843,76.40058350710208,1
1789421843.0361805,58,-139,0.4727229352176838,-1.3803910018923746,0.7097124183006536,76.65046168553611,75.0201925052097,1
1789421843.0711086,40,-102,0.34231537558364966,-0.690304091092164,0.7268202614379085,76.99277706111977,74.32988841411755,1
1789421843.1062334,21,-63,0.1395742101869762,-0.2748853444823772,0.732718954248366,77.13235127130675,74.05500306963518,1
1789421843.1410182,11,-17,0.16620482299459008,0.29133084711834434,0.734562091503268,77.29855609430133,74.34633391675352,1
1789421843.1761982,9,67,0.26158638629958814,1.7107730293405943,0.6803169934640523,77.56014248060092,76.05710694609412,1
1789421843.210882,15,69,0.436457320718158,0.6138464762819849,0.6675326797385621,77.99659980131908,76.6709534223761,1
1789421843.2462413,24,70,0.5672869802133772,0.6586568337075356,0.6541535947712418,78.56388678153246,77.32961025608364,1
1789421843.2818556,42,79,0.8728076722163436,0.9171451422982991,0.648264705882353,79.4366944537488,78.24675539838194,1
1789421843.31854,65,72,1.1635673395091826,0.6781253122506283,0.6407156862745098,80.60026179325799,78.92488071063256,1
1789421843.3551242,88,56,1.3941432432608456,0.4360234982552204,0.6328398692810457,81.99440503651883,79.36090420888779,1
1789421843.3904517,101,45,1.3940078832629148,0.42068744369027344,0.6281013071895425,83.38841291978174,79.78159165257806,1
1789421843.4263945,123,40,1.7361048273665771,0.4855635447605955,0.6345980392156862,85.12451774714832,80.26715519733865,1
1789421843.462334,139,29,1.812630555076368,0.3129388612951219,0.6404281045751634,86.93714830222468,80.58009405863378,1
1789421843.4986987,147,18,1.780072996148774,0.21779669723798895,0.6412777777777777,88.71722129837346,80.79789075587176,1
1789421843.5349705,155,11,1.8601828761320576,0.2105671500276977,0.6447320261437909,90.57740417450552,81.00845790589946,1
1789421843.5710611,159,3,1.8445086455050521,0.0,0.6577777777777778,92.42191282001058,81.00845790589946,1
1789421843.606102,149,-5,1.5473016521052774,0.0,0.6748464052287582,93.96921447211585,81.00845790589946,1
1789421843.6418421,135,-11,1.3508362129198126,-0.03939536044866464,0.6865849673202614,95.32005068503567,80.9690625454508,1
1789421843.6795135,105,-20,0.8518746163630266,-0.1610000511116703,0.7068823529411765,96.17192530139869,80.80806249433913,1
1789421843.7167807,86,-22,0.8047690642274705,-0.10477670287586532,0.7124967320261438,96.97669436562616,80.70328579146326,1
1789421843.7534215,69,-23,0.6577406106880176,-0.11842787204779699,0.713843137254902,97.63443497631418,80.58485791941546,1
1789421843.789523,56,-24,0.5804102841107459,-0.14596701151350366,0.7106307189542483,98.21484526042492,80.43889090790195,1
1789421843.8261561,46,-25,0.5233679286463525,-0.17408313267298495,0.7152614379084967,98.73821318907127,80.26480777522896,1
1789421843.8621128,38,-25,0.4688366595107472,-0.17841373443603514,0.7151764705882353,99.20704984858202,80.08639404079292,1
1789421843.8981032,30,-26,0.3887769667800296,-0.2210204841705164,0.7186928104575163,99.59582681536205,79.8653735566224,1
1789421843.9344847,23,-29,0.3338079312242812,-0.29945395451178686,0.7173464052287581,99.92963474658633,79.56591960211061,1
1789421843.970936,17,-29,0.2877458424850957,-0.27937386512756346,0.7167450980392157,100.21738058907142,79.28654573698304,1
1789421844.0071073,12,-28,0.25087557846717734,-0.27580164090781284,0.7169542483660131,100.4682561675386,79.01074409607523,1
1789421844.042527,-6,-31,-0.11831259984332926,-0.38393083856781607,0.721718954248366,100.34994356769526,78.62681325750741,1
1789421844.077401,-14,-29,-0.06865919174085279,-0.3131464741770819,0.7218660130718955,100.28128437595441,78.31366678333032,1
1789421844.112955,-22,-20,-0.1622131947464976,-0.13944439946942372,0.7242483660130719,100.11907118120791,78.1742223838609,1
1789421844.1481729,-31,-5,-0.28756427843281157,0.0,0.7280196078431372,99.8315069027751,78.1742223838609,1
1789421844.1840544,-43,18,-0.48224835460004123,0.4067919434541182,0.7317320261437908,99.34925854817506,78.58101432731502,1
1789421844.221,-61,39,-0.7807092158742472,0.6625674965046255,0.7215686274509804,98.5685493323008,79.24358182381964,1
1789421844.25644,-85,42,-1.1761733365069196,0.48046946978028665,0.7146830065359477,97.39237599579388,79.72405129359993,1
1789421844.2919044,-112,39,-1.567688621679273,0.39350979186068014,0.6978921568627451,95.82468737411462,80.11756108546061,1
1789421844.3277214,-143,44,-2.032155385315633,0.5871219449344856,0.6796732026143791,93.79253198879898,80.70468303039509,1
1789421844.363594,-171,50,-2.3006584082335957,0.6968617897385392,0.6410032679738562,91.49187358056538,81.40154482013362,1
1789421844.4003916,-186,44,-2.2639158336898606,0.5040490416605843,0.6364705882352941,89.22795774687552,81.9055938617942,1
1789421844.4365544,-192,32,-2.202869001126178,0.32285099133167605,0.6394019607843138,87.02508874574934,82.22844485312588,1
1789421844.4719198,-192,27,-2.12,0.3871272762891041,0.6265326797385621,84.90508874574934,82.61557212941499,1
1789421844.5073915,-190,28,-2.0718094418754704,0.49409537379942603,0.6168496732026144,82.83327930387387,83.10966750321441,1
1789421844.5418365,-193,18,-2.1735280410687845,0.2348713867532162,0.6303529411764706,80.65975126280509,83.34453888996762,1
1789421844.5779474,-198,15,-2.249211566767655,0.30846127030239007,0.6395261437908497,78.41053969603743,83.65300016027001,1
1789421844.6122365,-200,17,-2.229168230213426,0.399165390686387,0.6463692810457516,76.181371465824,84.0521655509564,1
1789421844.6491883,-196,17,-2.1058282230775194,0.37,0.6404248366013072,74.07554324274648,84.42216555095641,1
1789421844.6850567,-195,12,-2.1360517186336065,0.25029382827665064,0.6442124183006536,71.93949152411287,84.67245937923306,1
1789421844.7212675,-194,6,-2.1262104771736485,0.17717027509166433,0.6449248366013072,69.81328104693922,84.84962965432473,1
1789421844.7568905,-192,-3,-2.0923975413612017,0.0,0.6465359477124183,67.72088350557802,84.84962965432473,1
1789421844.7924445,-190,-15,-2.0713806830200268,-0.1188739215382035,0.6518823529411765,65.64950282255799,84.73075573278652,1
1789421844.8285666,-185,-28,-1.9807934580302813,-0.30151498153741263,0.6437614379084967,63.66870936452771,84.42924075124911,1
1789421844.8665717,-172,-36,-1.7487834906519457,-0.3342398960930105,0.6403169934640522,61.91992587387576,84.0950008551561,1
1789421844.903021,-150,-42,-1.398537397497468,-0.4018186535444689,0.6488529411764706,60.52138847637829,83.69318220161163,1
1789421844.9391522,-128,-46,-1.1755756024175883,-0.44816506265249834,0.655202614379085,59.3458128739607,83.24501713895914,1
1789421844.974404,-85,-54,-0.4400040180473913,-0.6243565800603149,0.6636928104575164,58.905808855913314,82.62066055889883,1
1789421845.0092804,-66,-54,-0.5876742415440449,-0.5485464334487915,0.6649248366013072,58.31813461436927,82.07211412545004,1
1789421845.0442092,-53,-55,-0.5439680928010917,-0.6112864031195979,0.6710718954248366,57.774166521568176,81.46082772233045,1
1789421845.079715,-39,-57,-0.39280923085189273,-0.6856128159626385,0.6707712418300653,57.38135729071628,80.77521490636781,1
1789421845.1150339,-32,-56,-0.42086463489576653,-0.6728449500923549,0.6718267973856209,56.96049265582052,80.10236995627545,1
1789421845.150844,-27,-42,-0.400080949523238,-0.3814164814553768,0.6840718954248366,56.56041170629728,79.72095347482008,1
1789421845.1874459,-19,-19,-0.28092175360349525,-0.04702081996769242,0.6935490196078431,56.27948995269379,79.67393265485238,1
1789421845.2232735,-7,13,-0.10255825837014959,0.4148724001152489,0.7041797385620915,56.176931694323635,80.08880505496762,1
1789421845.2586293,10,51,0.14755197090408814,0.9218040268783838,0.7165915032679738,56.324483665227724,81.01060908184601,1
1789421845.2941854,29,86,0.38489339819274354,1.287730780393189,0.6939934640522876,56.70937706342047,82.2983398622392,1
1789421845.332525,48,103,0.5925602029363211,1.266321878711843,0.6716993464052288,57.30193726635679,83.56466174095105,1
1789421845.3700688,70,99,0.9097410106159474,1.0256185440122558,0.6868071895424837,58.211678276972734,84.59028028496331,1
1789421845.4060261,92,85,1.2091484264436914,0.8053251264700885,0.6903006535947712,59.420826703416424,85.39560541143341,1
1789421845.4408343,154,59,2.5210311971542825,0.40760728463634666,0.6912614379084967,61.9418579005707,85.80321269606975,1
1789421845.4754722,175,39,2.252902403125301,0.3013468129327076,0.6727287581699346,64.194760303696,86.10455950900246,1
1789421845.5108476,175,13,1.95,-0.03747507750370671,0.6735326797385621,66.144760303696,86.06708443149876,1
1789421845.5457087,176,-11,1.9743445030403763,-0.26189968239724526,0.6744738562091503,68.11910480673637,85.80518474910151,1
1789421845.5810504,189,-31,2.2741358917728745,-0.42263312882103443,0.6817222222222222,70.39324069850925,85.38255162028048,1
1789421845.6167479,192,-46,2.162046474326844,-0.5326911717784298,0.677202614379085,72.55528717283609,84.84986044850206,1
1789421845.653354,194,-53,2.167296714739418,-0.5267292761336535,0.675859477124183,74.72258388757551,84.3231311723684,1
1789421845.6885736,191,-56,2.067444731537723,-0.5432658398267993,0.6769117647058823,76.79002861911323,83.7798653325416,1
1789421845.7231069,197,-56,2.25688836255412,-0.539352412223816,0.6902385620915032,79.04691698166735,83.24051292031778,1
1789421845.7575498,192,-58,2.0474286623895246,-0.6283406439213007,0.6945555555555556,81.09434564405687,82.61217227639648,1
1789421845.7922606,185,-60,1.9491504492869118,-0.6897703776566514,0.6974803921568627,83.04349609334379,81.92240189873982,1
1789421845.8270578,184,-53,2.0256213696075474,-0.5271983589654283,0.7049542483660131,85.06911746295134,81.3952035397744,1
1789421845.8615806,171,-34,1.7218289390132795,-0.18628366405216545,0.7193562091503268,86.79094640196462,81.20891987572223,1
1789421845.8965476,156,-10,1.5454356455903417,0.11494520409529047,0.7194575163398693,88.33638204755496,81.32386507981752,1
1789421845.932443,149,19,1.5924398957945665,0.47931975285139666,0.7245130718954248,89.92882194334953,81.80318483266892,1
1789421845.967842,139,49,1.4488584312009962,0.8336890676743511,0.724202614379085,91.37768037455052,82.63687390034328,1
1789421846.0042014,126,67,1.2812345925105078,0.8862801764893077,0.724392156862745,92.65891496706104,83.52315407683258,1
1789421846.0395231,110,66,1.0735058286701722,0.6612214122441215,0.7292647058823529,93.73242079573122,84.1843754890767,1
1789421846.0747063,95,44,0.9369628405604731,0.1737820393557129,0.738686274509804,94.66938363629168,84.35815752843241,1
1789421846.1114655,90,28,1.0319738165210228,0.12925704653065492,0.747454248366013,95.7013574528127,84.48741457496307,1
1789421846.1473467,85,6,0.9802520986044779,-0.17556831682055826,0.7566372549019608,96.68160955141718,84.31184625814251,1
1789421846.18292,82,-19,0.9778201906702959,-0.4835934038922853,0.7620816993464052,97.65942974208748,83.82825285425022,1
1789421846.220254,81,-40,0.9966250502241752,-0.6533034029869242,0.7590686274509804,98.65605479231166,83.1749494512633,1
1789421846.2563632,81,-57,1.01,-0.8187309881398301,0.7546895424836602,99.66605479231167,82.35621846312347,1
1789421846.2921758,82,-66,1.033961653174265,-0.8462544085146241,0.7437614379084967,100.70001644548593,81.50996405460884,1
1789421846.327943,79,-66,0.9480577988440231,-0.7678216886520386,0.7427745098039216,101.64807424432995,80.74214236595681,1
1789421846.3643126,81,-68,1.0375310735946648,-0.8647700257260208,0.7277777777777777,102.68560531792461,79.87737234023079,1
1789421846.4003596,69,-62,0.723548356372776,-0.7367796825396826,0.7355980392156862,103.40915367429739,79.14059265769112,1
1789421846.4379346,274,15,5.664160794849699,0.9854462962194062,0.7108071895424837,109.07331446914708,80.12603895391052,1
1789421846.4736018,245,86,2.2431646609449527,1.7282874924720755,0.7505653594771242,111.31647913009203,81.8543264463826,1
1789421846.50778,-2,72,0.0,0.43667132366354655,0.7786732026143791,111.31647913009203,82.29099777004615,1
1789421846.5427718,-44,82,-2.3888495996769947,0.9418823254672363,0.7844705882352941,108.92762953041503,83.23288009551338,1
1789421846.5768552,-98,47,-1.7004493626285322,-0.03238684841571754,0.8249967320261438,107.2271801677865,83.20049324709767,1
1789421846.6132808,-138,1,-1.9498233251089245,0.0,0.7998954248366013,105.27735684267758,83.20049324709767,1
1789421846.6485107,-141,-42,-1.5808242673366961,-1.0899246433935807,0.7700032679738562,103.69653257534088,82.11056860370408,1
1789421846.6839778,-126,-64,-1.2480308614938849,-1.0447561869957915,0.7739705882352941,102.448501713847,81.06581241670828,1
1789421846.719404,-92,-78,-0.6416254084117731,-1.126948798182498,0.7775751633986928,101.80687630543522,79.93886361852579,1
1789421846.7547474,-55,-90,-0.22653610194760954,-1.2697812379827966,0.7682124183006536,101.58034020348761,78.66908238054299,1
1789421846.7899823,-39,-94,-0.3629571754325424,-1.1967553297294373,0.7711666666666667,101.21738302805507,77.47232705081355,1
1789421846.825409,-17,-94,-0.05921663803846283,-1.1400000000000001,0.7850980392156863,101.1581663900166,76.33232705081355,1
1789421846.860123,3,-92,0.0,-1.0911173882205498,0.7910555555555555,101.1581663900166,75.241209662593,1
1789421846.8955262,21,-84,0.3103427112579553,-0.9273029085779539,0.7653660130718954,101.46850910127456,74.31390675401504,1
1789421846.931218,6,-67,-0.3166127321727728,-0.631739830117688,0.7973954248366013,101.15189636910179,73.68216692389734,1
1789421846.9660492,0,-36,0.0,-0.1141218331207221,0.8127516339869281,101.15189636910179,73.56804509077662,1
1789421847.0012248,-4,11,0.0,0.5855208162414528,0.8243529411764706,101.15189636910179,74.15356590701808,1
1789421847.0372815,-12,38,-0.39655186388041563,0.5888749027633214,0.8106960784313726,100.75534450522137,74.7424408097814,1
1789421847.072191,-25,32,-0.6362174257533948,0.09159127030124728,0.825735294117647,100.11912707946797,74.83403208008265,1
1789421847.1074588,-31,28,-0.5950133571153495,0.10059701262714238,0.814718954248366,99.52411372235262,74.9346290927098,1
1789421847.1420615,-24,49,-0.33885792632093864,0.7046559407972857,0.8161960784313725,99.18525579603168,75.63928503350708,1
1789421847.1770372,-6,66,-0.0026667030240231093,0.8603852241928339,0.7938692810457516,99.18258909300766,76.49967025769992,1
1789421847.2127416,10,66,0.13143942895851848,0.6645047330856324,0.7752777777777777,99.31402852196618,77.16417499078555,1
1789421847.2487724,30,64,0.4064022528586298,0.6628368157445469,0.7516013071895424,99.7204307748248,77.8270118065301,1
1789421847.2863922,36,64,0.2954987940964683,0.7387701749801636,0.7393921568627451,100.01592956892128,78.56578198151026,1
1789421847.323143,40,61,0.339695378817537,0.7127851409437296,0.7266666666666667,100.35562494773882,79.27856712245398,1
1789421847.3591056,38,61,0.2647855783408746,0.7974816560745239,0.7283039215686274,100.6204105260797,80.0760487785285,1
1789421847.394888,36,66,0.27040573382815936,0.9298710627494621,0.7361470588235294,100.89081625990785,81.00591984127796,1
1789421847.4311066,38,65,0.3734901141479846,0.8361924099971031,0.736797385620915,101.26430637405583,81.84211225127505,1
1789421847.467923,39,63,0.39816621245817263,0.8028429094958757,0.7396470588235294,101.66247258651401,82.64495516077093,1
1789421847.5042033,33,58,0.2658256650023538,0.7110827472888597,0.7462516339869281,101.92829825151637,83.35603790805979,1
1789421847.539236,17,37,-0.02783798780422142,0.27033143036002266,0.7492091503267974,101.90046026371215,83.6263693384198,1
1789421847.5744095,16,19,0.18749714483399274,0.13412493899463152,0.7406732026143791,102.08795740854615,83.76049427741444,1
1789421847.6083965,2,5,0.0,0.0,0.7610653594771242,102.08795740854615,83.76049427741444,1
1789421847.6430109,-3,-15,0.0,-0.21859123645170273,0.7549771241830066,102.08795740854615,83.54190304096274,1
1789421847.6806104,-1,-29,0.0,-0.3186319084614131,0.7480359477124183,102.08795740854615,83.22327113250132,1
1789421847.7156749,-1,-38,0.0,-0.3773683020377558,0.7419117647058824,102.08795740854615,82.84590283046357,1
1789421847.7523146,-3,-42,0.0,-0.374355581199757,0.7435424836601308,102.08795740854615,82.47154724926382,1
1789421847.7881277,-4,-45,0.0,-0.42390304653824035,0.7409803921568627,102.08795740854615,82.04764420272558,1
1789421847.8235502,-5,-45,0.0,-0.41390682697296144,0.739343137254902,102.08795740854615,81.63373737575262,1
1789421847.8586838,-4,-44,0.0,-0.4205957616390574,0.7381699346405228,102.08795740854615,81.21314161411355,1
1789421847.8946922,-6,-43,-0.09107164158775263,-0.44198853977420094,0.7387287581699347,101.9968857669584,80.77115307433935,1
1789421847.931851,-7,-43,-0.08539043787475123,-0.4877957010269165,0.7395294117647059,101.91149532908365,80.28335737331244,1
1789421847.9694638,-8,-39,-0.10122693993755197,-0.4239997639333684,0.7418627450980392,101.8102683891461,79.85935760937907,1
1789421848.0054872,-8,-27,-0.09371033191680908,-0.2100332247798946,0.7479542483660131,101.71655805722929,79.64932438459918,1
1789421848.0407693,-11,15,-0.1739746292490945,0.6492070244639729,0.7525392156862745,101.5425834279802,80.29853140906316,1
1789421848.0760324,-12,44,-0.16411636413143035,0.7861729344053734,0.7517385620915032,101.37846706384877,81.08470434346853,1
1789421848.1113102,-11,64,-0.13352476741990651,0.9036198326040026,0.7405882352941177,101.24494229642887,81.98832417607254,1
1789421848.1481771,-14,64,-0.22873979873061231,0.6673391199111939,0.7424084967320261,101.01620249769826,82.65566329598373,1
1789421848.1861184,-18,52,-0.2944231246180607,0.4285120158403989,0.7488431372549019,100.7217793730802,83.08417531182413,1
1789421848.2219362,-17,39,-0.22992779035633112,0.3034989033322427,0.7477549019607843,100.49185158272387,83.38767421515637,1
1789421848.2576468,-14,24,-0.1818540100679106,0.14186597199341444,0.7552254901960784,100.30999757265596,83.52954018714978,1
1789421848.2926524,-9,3,-0.11004233686078264,0.0,0.7632777777777778,100.19995523579517,83.52954018714978,1
1789421848.3281436,1,-17,0.0,-0.37317319921757697,0.760202614379085,100.19995523579517,83.1563669879322,1
1789421848.3640451,11,-34,0.17665633018819926,-0.5129123774611422,0.7554901960784314,100.37661156598337,82.64345461047105,1
1789421848.400952,16,-45,0.1648376892427016,-0.5687265426967275,0.7473888888888889,100.54144925522607,82.07472806777433,1
1789421848.437481,21,-49,0.23082909231700033,-0.5502739207772023,0.7439673202614379,100.77227834754306,81.52445414699713,1
1789421848.4734392,26,-47,0.3006660136216229,-0.481546611991007,0.7398888888888889,101.07294436116469,81.04290753500612,1
1789421848.508929,25,-45,0.22482546709157775,-0.49311162536873326,0.7402287581699346,101.29776982825626,80.5497959096374,1
1789421848.5441873,25,-41,0.25654307842254637,-0.4534710600343158,0.7408725490196079,101.55431290667882,80.09632484960308,1
1789421848.5801957,25,-34,0.274534740447998,-0.3674170351472979,0.7434705882352941,101.82884764712682,79.72890781445578,1
1789421848.6164951,17,-21,0.09654111292963043,-0.17074267439116902,0.7505098039215686,101.92538876005645,79.55816514006462,1
1789421848.6527252,6,1,-0.04782045833278693,0.0,0.7536699346405229,101.87756830172366,79.55816514006462,1
1789421848.688486,-2,28,0.0,0.5208440170634189,0.7541666666666667,101.87756830172366,80.07900915712804,1
1789421848.7236931,-3,60,0.0,0.9970768402306198,0.7518202614379085,101.87756830172366,81.07608599735866,1
1789421848.7594132,-4,81,0.0,1.1044419615177434,0.7394869281045752,101.87756830172366,82.18052795887641,1
1789421848.7948217,-7,81,-0.09445777852873583,0.8679721212387086,0.7426764705882353,101.78311052319492,83.04850008011512,1
1789421848.8314245,-11,66,-0.1512501673922536,0.5613635705077884,0.7527712418300654,101.63186035580267,83.60986365062291,1
1789421848.8678906,-10,46,-0.08015430526596753,0.32562143712274516,0.75559477124183,101.55170605053671,83.93548508774566,1
1789421848.9040322,-6,26,-0.0028983593295265273,0.14194451915625816,0.7580392156862745,101.54880769120719,84.07742960690192,1
1789421848.9384065,-2,-18,0.0,-0.6748858821830436,0.7630392156862745,101.54880769120719,83.40254372471887,1
1789421848.9732919,-2,-40,0.0,-0.5968741708274197,0.7601045751633987,101.54880769120719,82.80566955389145,1
1789421849.0081673,-1,-57,0.0,-0.7351452092832802,0.7529803921568627,101.54880769120719,82.07052434460817,1
1789421849.0431237,0,-65,0.0,-0.7312816393266893,0.7424313725490196,101.54880769120719,81.33924270528148,1
1789421849.0779443,-1,-63,0.0,-0.6119889275507352,0.7423300653594771,101.54880769120719,80.72725377773074,1
1789421849.113386,-1,-57,0.0,-0.5363954292443174,0.7438431372549019,101.54880769120719,80.19085834848642,1
1789421849.1486573,-1,-48,0.0,-0.43717831298176957,0.746624183006536,101.54880769120719,79.75368003550464,1
1789421849.1854765,-2,-31,0.0,-0.18726378062427057,0.7535261437908497,101.54880769120719,79.56641625488038,1
1789421849.220829,-4,-5,0.0,0.0,0.7598006535947712,101.54880769120719,79.56641625488038,1
1789421849.2567275,-7,29,-0.11899476140772357,0.6443455744861819,0.7612222222222222,101.42981292979947,80.21076182936656,1
1789421849.2921665,-6,67,-0.09772899688817233,1.1869897514739387,0.756313725490196,101.33208393291129,81.3977515808405,1
1789421849.3285074,-6,85,-0.11619203090667723,1.1405295735909653,0.738,101.21589190200461,82.53828115443147,1
1789421849.3644028,-12,75,-0.2684699507480566,0.7073282991516023,0.7538464052287581,100.94742195125656,83.24560945358307,1
1789421849.4005327,-13,59,-0.21802879951620763,0.5079383136226405,0.7487875816993464,100.72939315174035,83.75354776720572,1
1789421849.4375768,-10,47,-0.1411675957713368,0.48227340581834144,0.7493529411764706,100.58822555596902,84.23582117302406,1
1789421849.472739,-6,6,-0.08893867800494003,-0.34463114262553196,0.7668660130718954,100.49928687796408,83.89119003039853,1
1789421849.5073185,-3,-18,0.0,-0.3616397760109201,0.7629542483660131,100.49928687796408,83.52955025438762,1
1789421849.5420935,1,-37,0.0,-0.5029917892365512,0.7573562091503268,100.49928687796408,83.02655846515107,1
1789421849.5768263,5,-51,0.0,-0.6067474119288622,0.7506437908496733,100.49928687796408,82.4198110532222,1
1789421849.6139913,12,-57,0.13201603767011702,-0.5893986352717723,0.7454640522875817,100.6313029156342,81.83041241795043,1
1789421849.6503525,14,-57,0.12505118003239932,-0.549056272506714,0.7433300653594771,100.7563540956666,81.28135614544371,1
1789421849.6871338,14,-55,0.1085996198654175,-0.5423928661930424,0.7430130718954249,100.86495371553201,80.73896327925067,1
1789421849.723068,14,-51,0.1186547899246216,-0.5105274891493019,0.7439803921568627,100.98360850545663,80.22843579010137,1
1789421849.7590282,13,-42,0.10410588309314227,-0.3812759039585283,0.7506699346405229,101.08771438854977,79.84715988614285,1
1789421849.7950485,12,-23,0.10276963754113544,-0.06924507546756731,0.7572156862745099,101.1904840260909,79.77791481067528,1
1789421849.830529,11,4,0.10072478885745946,0.0,0.7607352941176471,101.29120881494836,79.77791481067528,1
1789421849.8664198,10,36,0.09747406974104836,0.7217855222318871,0.7641601307189543,101.38868288468942,80.49970033290717,1
1789421849.9028943,13,70,0.19223499253389825,1.1653801067251064,0.7572483660130719,101.58091787722331,81.66508043963228,1
1789421849.9382207,6,79,-0.013686847325517462,0.972692827978178,0.750281045751634,101.5672310298978,82.63777326761046,1
1789421849.9731126,4,70,0.0,0.6748605330721488,0.7453954248366013,101.5672310298978,83.3126338006826,1
1789421850.0077326,5,60,0.0,0.6011727880346545,0.7531503267973856,101.5672310298978,83.91380658871726,1
1789421850.0419078,-4,39,0.0,0.2549717233396462,0.773937908496732,101.5672310298978,84.16877831205692,1
1789421850.0765371,-10,9,-0.16013104217790225,-0.163855613382609,0.7738888888888888,101.40709998771989,84.0049226986743,1
1789421850.112049,-9,-19,-0.08460482449713976,-0.41919229613975917,0.7686503267973857,101.32249516322275,83.58573040253455,1
1789421850.147968,-7,-42,-0.05578990256263852,-0.6058030538943575,0.7635424836601307,101.26670526066012,82.97992734864019,1
1789421850.1845622,-6,-58,-0.06443845494570001,-0.7060661341378426,0.7532287581699346,101.20226680571442,82.27386121450235,1
1789421850.2213547,-6,-62,-0.08251128196716309,-0.6275677280982771,0.7454575163398692,101.11975552374726,81.64629348640408,1
1789421850.2572253,-6,-61,-0.08681752204895019,-0.5930706966357966,0.7456895424836602,101.03293800169831,81.05322278976828,1
1789421850.2922256,-5,-58,0.0,-0.5745954043268144,0.7457450980392157,101.03293800169831,80.47862738544147,1
1789421850.327842,-5,-54,0.0,-0.5598366870285343,0.7460457516339869,101.03293800169831,79.91879069841293,1
1789421850.3639603,-6,-45,-0.09961874008178712,-0.4340297618382477,0.751062091503268,100.93331926161653,79.48476093657469,1
1789421850.403537,-7,-28,-0.12778059652886067,-0.1962038771302797,0.7578562091503268,100.80553866508767,79.28855705944441,1
1789421850.43893,-9,34,-0.16978968058619004,1.1092530217024976,0.7673725490196078,100.63574898450148,80.39781008114691,1
1789421850.4741652,-9,71,-0.14788665294647216,1.1783343838490778,0.7601274509803921,100.48786233155501,81.57614446499599,1
1789421850.5100029,-11,92,-0.20367734850777344,1.2223350747403003,0.7424052287581699,100.28418498304724,82.79847953973629,1
1789421850.5457885,-19,80,-0.38116000765774505,0.6989162547843,0.7644934640522876,99.9030249753895,83.49739579452059,1
1789421850.5815015,-19,53,-0.2828774356842041,0.25562181356648356,0.7675,99.6201475397053,83.75301760808706,1
1789421850.618419,-7,29,-0.0061523390351080065,0.09133038487373424,0.7666045751633986,99.61399520067019,83.84434799296079,1
1789421850.6548285,8,12,0.19366189105661458,0.02110974932184645,0.7626699346405229,99.80765709172681,83.86545774228264,1
1789421850.6902528,18,-4,0.23954984960660886,0.0,0.7610130718954249,100.04720694133341,83.86545774228264,1
1789421850.7257886,23,-21,0.23836365092988554,-0.337764032804937,0.7597058823529412,100.2855705922633,83.5276937094777,1
1789421850.761069,23,-37,0.18302486896514894,-0.518136448642545,0.7590718954248366,100.46859546122845,83.00955726083515,1
1789421850.7971697,23,-49,0.19960461616516115,-0.6130844287428459,0.7530751633986928,100.6682000773936,82.3964728320923,1
1789421850.8344288,25,-55,0.2650598703260648,-0.6281437242085467,0.7456274509803922,100.93325994771968,81.76832910788376,1
1789421850.871036,25,-53,0.25656819820404053,-0.539200907180591,0.7457222222222222,101.18982814592371,81.22912820070317,1
1789421850.9064775,19,-42,0.1254208298806176,-0.3311501903649644,0.7496209150326797,101.31524897580432,80.8979780103382,1
1789421850.9418457,11,-34,0.024735128859114955,-0.3172520078462579,0.7505653594771242,101.33998410466344,80.58072600249194,1
1789421850.9765775,4,-24,0.0,-0.20276805616527094,0.7499183006535948,101.33998410466344,80.37795794632667,1
1789421851.010936,2,-8,0.0,0.04039093164483393,0.7546143790849673,101.33998410466344,80.41834887797151,1
1789421851.04602,1,13,0.0,0.32589492218632643,0.7561568627450981,101.33998410466344,80.74424380015783,1
1789421851.0815032,0,39,0.0,0.6812766703892056,0.7583202614379085,101.33998410466344,81.42552047054704,1
1789421851.1175733,-1,62,0.0,0.9073824027617676,0.7496732026143791,101.33998410466344,82.33290287330881,1
1789421851.1537635,-5,70,0.0,0.8302589880241403,0.7424183006535948,101.33998410466344,83.16316186133295,1
1789421851.1896145,-14,56,-0.23200286916424842,0.42510200187120434,0.7643202614379085,101.1079812354992,83.58826386320416,1
1789421851.2251313,-17,26,-0.26586519960463195,-0.08397018598144956,0.7675359477124183,100.84211603589456,83.50429367722272,1
1789421851.2605891,-13,-2,-0.13753858811966085,0.0,0.7628888888888888,100.7045774477749,83.50429367722272,1
1789421851.2964003,-14,-24,-0.2270600050288176,-0.5465788324316505,0.7577287581699347,100.47751744274608,82.95771484479107,1
1789421851.332775,-14,-43,-0.22302825450897218,-0.6783159489703532,0.7543790849673203,100.2544891882371,82.27939889582072,1
1789421851.3695052,-19,-58,-0.35495836055251434,-0.8137576665741445,0.7525490196078432,99.89953082768459,81.46564122924657,1
1789421851.404937,-32,-78,-0.6230758587412586,-1.1471867108598666,0.7388627450980392,99.27645496894333,80.3184545183867,1
1789421851.4403143,-38,-84,-0.6113854976188746,-1.0691956118824302,0.7322483660130719,98.66506947132446,79.24925890650427,1
1789421851.475667,-45,-88,-0.7274032718114942,-1.136568176300812,0.7295130718954248,97.93766619951296,78.11269073020345,1
1789421851.5111284,-49,-90,-0.7464034829383089,-1.1282017414691545,0.7234705882352941,97.19126271657466,76.9844889887343,1
1789421851.546548,-42,-80,-0.5210844013206657,-0.8587414961404265,0.7331699346405228,96.67017831525399,76.12574749259387,1
1789421851.5838313,-40,-59,-0.5731926550386359,-0.5084508985366415,0.7363790849673203,96.09698566021535,75.61729659405724,1
1789421851.6209104,-39,-29,-0.576514966209482,-0.08551660955491408,0.7446437908496732,95.52047069400587,75.53177998450232,1
1789421851.6568499,-37,12,-0.5421757958910198,0.4990478558578305,0.7444673202614379,94.97829489811484,76.03082784036015,1
1789421851.69251,-38,47,-0.5940183020166978,0.8028147419781948,0.7244607843137255,94.38427659609815,76.83364258233834,1
1789421851.7285225,-42,44,-0.6755375122480867,0.2721932264476723,0.7315751633986928,93.70873908385006,77.10583580878601,1
1789421851.7648633,-44,12,-0.6675386655811327,-0.4379332033056604,0.7372679738562091,93.04120041826893,76.66790260548035,1
1789421851.8021877,-46,-12,-0.6868040899795501,-0.5677443978132857,0.7293137254901961,92.35439632828938,76.10015820766706,1
1789421851.8384604,-48,-23,-0.7075290859089387,-0.5247227864738828,0.705735294117647,91.64686724238044,75.57543542119318,1
1789421851.874995,-64,-29,-1.0589579630137167,-0.5363852204663582,0.7115882352941176,90.58790927936673,75.03905020072682,1
1789421851.9109735,-85,-43,-1.3418211708577676,-0.8197751520116087,0.7153856209150327,89.24608810850896,74.2192750487152,1
1789421851.946865,-96,-52,-1.3136477421073665,-0.8455996912306852,0.6908071895424837,87.9324403664016,73.37367535748452,1
1789421851.9835403,-87,-48,-0.9470423509638248,-0.6253703062114956,0.6962091503267974,86.98539801543777,72.74830505127302,1
1789421852.0210323,-84,-35,-1.000161999924015,-0.37720673351164297,0.6960326797385621,85.98523601551375,72.37109831776138,1
1789421852.0577786,-79,-21,-0.9219610158713679,-0.2195118567971401,0.6892418300653594,85.06327499964237,72.15158646096424,1
1789421852.0933778,-74,-15,-0.8697267012478721,-0.2657240030541304,0.6796241830065359,84.1935482983945,71.88586245791011,1
1789421852.1296017,-85,-15,-1.2017416231434097,-0.35,0.680218954248366,82.9918066752511,71.53586245791011,1
1789421852.1674414,-95,-9,-1.282181498452637,-0.21072407905596546,0.671751633986928,81.70962517679845,71.32513837885415,1
1789421852.2031274,-96,-4,-1.173773221334139,0.0,0.6661143790849673,80.53585195546431,71.32513837885415,1
1789421852.2387004,-82,-13,-0.8193855320428285,-0.35809237528800303,0.6653921568627451,79.71646642342148,70.96704600356614,1
1789421852.2743442,-77,-8,-0.9000576307363927,-0.2100016021361816,0.6607745098039216,78.81640879268508,70.75704440142995,1
1789421852.3091283,-73,-4,-0.8734604190958906,0.0,0.6578333333333334,77.94294837358919,70.75704440142995,1
1789421852.345452,-77,-2,-1.0250614243518215,0.0,0.6583235294117648,76.91788694923737,70.75704440142995,1
1789421852.3818753,-82,9,-1.09004702864472,-0.01157550627116237,0.6571078431372549,75.82783992059265,70.7454688951588,1
1789421852.418424,-80,35,-0.9726751879503316,0.5505520911469354,0.654375816993464,74.85516473264232,71.29602098630573,1
1789421852.4548552,-78,67,-0.9526030804603708,1.0027037333647744,0.6484509803921569,73.90256165218194,72.2987247196705,1
1789421852.4903293,-75,96,-0.9077212668588593,1.330601420778644,0.637718954248366,72.99484038532309,73.62932614044915,1
1789421852.5254219,-72,120,-0.8772588400736417,1.5880737324664436,0.6318235294117647,72.11758154524945,75.21739987291559,1
1789421852.560682,-74,141,-0.9683690276500189,1.8533870318285277,0.6522875816993464,71.14921251759944,77.07078690474412,1
1789421852.5957427,-76,156,-0.9885161913179453,1.9738903394255876,0.6945294117647058,70.1606963262815,79.04467724416972,1
1789421852.630654,-72,160,-0.8626467024927869,1.8573164612315176,0.7138660130718955,69.29804962378871,80.90199370540124,1
1789421852.6662216,-70,158,-0.8718999082157,1.7518893617591669,0.7081274509803922,68.42614971557302,82.65388306716041,1
1789421852.7022376,-70,153,-0.9000000000000001,1.6606162366751143,0.6978692810457516,67.52614971557301,84.31449930383552,1
1789421852.737833,-59,143,-0.6355477979083812,1.4895465900490914,0.6991601307189542,66.89060191766463,85.8040458938846,1
1789421852.7731924,-51,130,-0.5968491498789394,1.3161435084027946,0.7049575163398693,66.29375276778569,87.1201894022874,1
1789421852.8095353,-37,108,-0.3774354262177886,0.9773747089343225,0.7212745098039216,65.9163173415679,88.09756411122171,1
1789421852.8447957,-27,78,-0.32815869923978036,0.5545077537991249,0.7338333333333333,65.58815864232812,88.65207186502084,1
1789421852.880218,-22,48,-0.3492477935818197,0.2559560012940795,0.7412973856209151,65.2389108487463,88.90802786631492,1
1789421852.916732,-16,19,-0.2779261114589856,-0.006939014202172078,0.7469705882352942,64.96098473728732,88.90108885211275,1
1789421852.9530585,-14,-8,-0.3124942028225172,-0.2571500114944354,0.7475228758169935,64.6484905344648,88.64393884061832,1
1789421852.9885278,-13,-30,-0.31590491040823737,-0.43723751094484986,0.7456960784313725,64.33258562405656,88.20670132967346,1
1789421853.0236108,-10,-47,-0.25725245113027173,-0.5723152112332546,0.7404967320261437,64.07533317292629,87.6343861184402,1
1789421853.0585184,-6,-56,-0.20270585262237645,-0.5880986889592156,0.7322222222222222,63.87262732030391,87.04628742948098,1
1789421853.093305,-2,-57,0.0,-0.5231532876863902,0.7273202614379085,63.87262732030391,86.5231341417946,1
1789421853.128337,2,-55,0.0,-0.49873279700912354,0.726937908496732,63.87262732030391,86.02440134478547,1
1789421853.1638567,9,-56,-0.019815222066736915,-0.5911799587617594,0.728797385620915,63.85281209823717,85.43322138602372,1
1789421853.1999202,12,-58,-0.010807086092566476,-0.6666897567655624,0.7262843137254902,63.842005012144604,84.76653162925815,1
1789421853.2359905,11,-51,-0.06829341188025716,-0.5087958156419733,0.7332385620915033,63.77371160026435,84.25773581361618,1
1789421853.2712083,8,-13,-0.12138541037061946,0.3045562278712412,0.7416699346405229,63.65232618989373,84.56229204148742,1
1789421853.3062377,11,9,0.0017098108111427354,0.3053624062831475,0.7427777777777778,63.65403600070487,84.86765444777058,1
1789421853.3409185,12,29,-0.008358593672094206,0.4998790923889237,0.7418888888888889,63.64567740703278,85.3675335401595,1
1789421853.375844,13,47,0.010614979756507582,0.6819809587062861,0.7370457516339869,63.65629238678929,86.04951449886579,1
1789421853.4106483,13,61,0.005350975990295409,0.8078932781100591,0.7348823529411764,63.661643362779586,86.85740777697585,1
1789421853.4467952,13,72,0.014722137451171874,0.9211254811002032,0.7310947712418301,63.67636550023076,87.77853325807605,1
1789421853.4830413,14,69,0.04865849631512601,0.747488385829582,0.7407385620915032,63.725023996545886,88.52602164390564,1
1789421853.518818,15,41,0.06959838297688599,0.1469044171781584,0.759624183006536,63.79462237952277,88.6729260610838,1
1789421853.5535772,15,5,0.06623658180236816,0.0,0.7621568627450981,63.86085896132514,88.6729260610838,1
1789421853.5887418,18,-30,0.15209253081155472,-0.7214948115327142,0.7611274509803921,64.0129514921367,87.95143124955109,1
1789421853.6238086,23,-58,0.24606709146771816,-0.9336617607667009,0.7522941176470588,64.25901858360442,87.0177694887844,1
1789421853.6593132,20,-72,0.11676822331185097,-0.9227376577395942,0.7343333333333333,64.37578680691627,86.0950318310448,1
1789421853.6943521,16,-72,0.07313387608727885,-0.7760428428649903,0.7302875816993464,64.44892068300355,85.31898898817981,1
1789421853.7306626,15,-71,0.11732490971934992,-0.8038090598755364,0.7299607843137255,64.5662455927229,84.51517992830428,1
1789421853.766571,17,-72,0.19115601212118855,-0.8932273780090872,0.7308104575163399,64.75740160484408,83.62195255029519,1
1789421853.8024628,21,-45,0.2741528593973164,-0.2655574434696524,0.7498104575163399,65.0315544642414,83.35639510682554,1
1789421853.8374798,19,-13,0.18320480259329985,0.12688963930229707,0.7500457516339869,65.21475926683469,83.48328474612784,1
1789421853.873353,21,18,0.27467041905841144,0.4250143640875876,0.7500359477124183,65.4894296858931,83.90829911021542,1
1789421853.908471,22,48,0.2864593370153841,0.7537331309215117,0.7472320261437908,65.77588902290849,84.66203224113694,1
1789421853.943114,14,74,0.08645844010442208,1.0131820584500844,0.7388562091503268,65.86234746301291,85.67521429958703,1
1789421853.977819,3,86,0.0,0.9907172075897585,0.7245424836601307,65.86234746301291,86.66593150717678,1
1789421854.0139859,-2,74,0.0,0.5849106809825109,0.7409281045751634,65.86234746301291,87.2508421881593,1
1789421854.049108,-4,42,0.0,0.005240229338506597,0.751624183006536,65.86234746301291,87.25608241749781,1
1789421854.083977,2,8,0.0,-0.3617888966904198,0.7501209150326797,65.86234746301291,86.8942935208074,1
1789421854.1197512,17,-22,0.3004805137410677,-0.6078662381338363,0.7511241830065359,66.16282797675397,86.28642728267356,1
1789421854.1550121,33,-49,0.7021568722814134,-0.8771586076213436,0.7436111111111111,66.86498484903538,85.40926867505222,1
1789421854.190197,43,-71,0.7476186151015282,-1.076896382280214,0.7274411764705883,67.61260346413691,84.332372292772,1
1789421854.22547,50,-81,0.7992365578314067,-1.0631552436835434,0.7170849673202614,68.41184002196832,83.26921704908847,1
1789421854.260739,58,-88,0.8934692033518873,-1.152713844975192,0.7168921568627451,69.3053092253202,82.11650320411327,1
1789421854.2963066,72,-94,1.1167507321159322,-1.2243681030956868,0.7184313725490196,70.42205995743613,80.89213510101759,1
1789421854.3322887,89,-98,1.3263050818248703,-1.235574673883519,0.7105816993464052,71.748365039261,79.65656042713407,1
1789421854.3677762,90,-85,1.1140836360950124,-0.8668389285642304,0.7121732026143791,72.86244867535602,78.78972149856983,1
1789421854.4028754,75,-8,0.7364697257670377,0.8164793307621272,0.7182287581699346,73.59891840112306,79.60620082933195,1
1789421854.4376063,78,40,1.023181484989499,0.9187480681277074,0.7207222222222223,74.62209988611255,80.52494889745967,1
1789421854.472183,79,89,1.004465311978369,1.4879668888018425,0.7102352941176471,75.62656519809092,82.0129157862615,1
1789421854.506974,77,112,0.9412545643949778,1.4178137075291077,0.6871993464052287,76.5678197624859,83.43072949379061,1
1789421854.541576,70,95,0.7988802204236268,0.7373882743124094,0.7168333333333333,77.36669998290952,84.16811776810302,1
1789421854.5762453,61,55,0.6801596797050204,0.04417454563168999,0.7240555555555556,78.04685966261454,84.21229231373471,1
1789421854.6104128,62,18,0.8346301022009837,-0.2779636471832107,0.7136503267973856,78.88148976481553,83.9343286665515,1
1789421854.64547,79,-10,1.2328466217550935,-0.42327736599373644,0.71159477124183,80.11433638657061,83.51105130055775,1
1789421854.6805198,101,-31,1.523902190774255,-0.5547734916198307,0.7092352941176471,81.63823857734486,82.95627780893793,1
1789421854.7160885,100,-46,1.1859532478666828,-0.6488410957646489,0.6974411764705882,82.82419182521154,82.30743671317327,1
1789421854.7513692,95,-52,1.07918376443574,-0.6197385764664884,0.6924673202614379,83.90337558964728,81.68769813670679,1
1789421854.7872112,91,-55,1.0541942548463925,-0.6460178058502936,0.6941307189542484,84.95756984449368,81.0416803308565,1
1789421854.8230872,89,-58,1.0621262402392424,-0.7175850509210245,0.6944575163398693,86.01969608473291,80.32409527993546,1
1789421854.8579879,88,-60,1.0656714721034148,-0.7663070346002104,0.6960522875816993,87.08536755683633,79.55778824533525,1
1789421854.8931172,88,-59,1.08,-0.7548716550147082,0.698186274509804,88.16536755683633,78.80291659032054,1
1789421854.9284115,88,-44,1.08,-0.4275154176095106,0.7057124183006536,89.24536755683633,78.37540117271102,1
1789421854.9655044,80,-12,0.8920891987676317,0.1114128931060197,0.7115653594771242,90.13745675560396,78.48681406581704,1
1789421855.00187,66,26,0.6676171230498058,0.6013270400614493,0.7140915032679739,90.80507387865377,79.08814110587849,1
1789421855.0376804,46,93,0.38096199264202035,1.7508035990792739,0.7054607843137255,91.18603587129579,80.83894470495777,1
1789421855.0731285,31,78,0.2983104420562446,0.5092153535081391,0.7177058823529412,91.48434631335203,81.34816005846591,1
1789421855.108723,21,61,0.26952401047632446,0.35547380122790184,0.7125163398692811,91.75387032382837,81.70363385969381,1
1789421855.144914,16,51,0.29084640242696036,0.39289881514386416,0.7080294117647059,92.04471672625533,82.09653267483768,1
1789421855.181397,10,44,0.21777540498330408,0.3973685795647037,0.7131209150326797,92.26249213123863,82.49390125440237,1
1789421855.2182298,6,32,0.20576202453075398,0.23397560017703842,0.7187058823529412,92.46825415576939,82.7278768545794,1
1789421855.2581272,0,16,0.0,0.048478247605641234,0.7213758169934641,92.46825415576939,82.77635510218505,1
1789421855.301307,-10,0,-0.012350061771205734,0.0,0.7226013071895425,92.45590409399819,82.77635510218505,1
1789421855.3539376,-24,-32,-0.21654167455287843,-0.5421721478133975,0.7237581699346405,92.23936241944531,82.23418295437165,1
1789421855.3922768,-31,-49,-0.26645826077981843,-0.7206945819362198,0.720875816993464,91.9729041586655,81.51348837243543,1
1789421855.428784,-34,-71,-0.2714108314200984,-1.0725849130377358,0.7287777777777777,91.7014933272454,80.4409034593977,1
1789421855.4667711,-39,-93,-0.37578369380045273,-1.3514871396031196,0.7313267973856209,91.32570963344494,79.08941631979458,1
1789421855.503605,-52,-142,-0.6545290964597,-2.2848966878247308,0.7405,90.67118053698525,76.80451963196985,1
1789421855.539912,-54,-160,-0.5650412962022875,-2.0478837960652467,0.7600555555555556,90.10613924078297,74.7566358359046,1
1789421855.5758893,-60,-169,-0.7240458907543129,-2.015079477001173,0.7841307189542484,89.38209335002865,72.74155635890344,1
1789421855.6113873,-60,-171,-0.6832004690170288,-1.9381930214894032,0.790264705882353,88.69889288101163,70.80336333741404,1
1789421855.6484127,-57,-167,-0.654968691342578,-1.8160046602041735,0.7802385620915032,88.04392418966906,68.98735867720987,1
1789421855.6854677,-51,-153,-0.5923152063901037,-1.5411342317712522,0.7400686274509803,87.45160898327896,67.44622444543862,1
1789421855.721218,-46,-118,-0.586177690820469,-0.8904197432049357,0.7096209150326798,86.8654312924585,66.55580470223369,1
1789421855.7567725,-34,-65,-0.3712660565221764,-0.10465346959577271,0.7160032679738562,86.49416523593632,66.45115123263791,1
1789421855.7948983,-35,-61,-0.5631135108771097,-0.7575495641952306,0.7177516339869281,85.9310517250592,65.69360166844268,1
1789421855.8309948,-30,-86,-0.4306951136491318,-1.4064465780761632,0.7242091503267973,85.50035661141007,64.28715509036653,1
1789421855.8675187,-26,-100,-0.40527336543103565,-1.3915794666336059,0.7099542483660131,85.09508324597904,62.89557562373292,1
1789421855.903795,-18,-63,-0.2698149529764094,-0.3201095157676158,0.7142843137254902,84.82526829300264,62.5754661079653,1
1789421855.939172,-19,-71,-0.40413365682706565,-1.023066206599094,0.7266307189542484,84.42113463617557,61.5523999013662,1
1789421855.974602,-15,-76,-0.293540332622142,-1.0305641356940491,0.7183496732026143,84.12759430355342,60.52183576567215,1
1789421856.012383,-14,-53,-0.32673494585568263,-0.4253411948990355,0.720718954248366,83.80085935769775,60.09649457077312,1
1789421856.0484104,-9,-20,-0.22070793711631106,0.057814693780347426,0.7215490196078431,83.58015142058143,60.15430926455346,1
1789421856.0848243,-13,-7,-0.3848985484483188,-0.091541176547598,0.7197222222222223,83.19525287213311,60.06276808800586,1
1789421856.1204865,-14,0,-0.3537853532199647,0.0,0.7220751633986928,82.84146751891315,60.06276808800586,1
1789421856.155259,0,22,0.0,0.2570207710561315,0.7207483660130719,82.84146751891315,60.319788859061994,1
1789421856.1907284,8,43,0.049099774850245484,0.5869976401554872,0.7232287581699346,82.8905672937634,60.90678649921748,1
1789421856.2284524,12,52,-0.0067823771010710535,0.5400403935919759,0.7242941176470589,82.88378491666232,61.446826892809455,1
1789421856.2656913,11,60,-0.07504888296418695,0.6528592651835751,0.7269313725490196,82.80873603369814,62.09968615799303,1
1789421856.301984,3,107,0.0,1.7414919104297364,0.7294705882352941,82.80873603369814,63.841178068422764,1
1789421856.3368683,1,125,0.0,1.6181942562728548,0.7350196078431372,82.80873603369814,65.45937232469562,1
1789421856.371579,-1,141,0.0,1.840510091642279,0.7375326797385621,82.80873603369814,67.2998824163379,1
1789421856.406404,-5,152,0.0,1.877924558785273,0.7391732026143791,82.80873603369814,69.17780697512316,1
1789421856.4422376,-9,155,-0.34662927659114845,1.7917798201692057,0.7372941176470589,82.462106757107,70.96958679529237,1
1789421856.4770753,-12,154,-0.3631107669747905,1.7256364371083182,0.7324705882352941,82.09899599013221,72.69522323240069,1
1789421856.513079,-15,153,-0.3916385235974241,1.7161167249232072,0.7282745098039216,81.70735746653479,74.4113399573239,1
1789421856.5494106,-17,141,-0.3975679882216847,1.4448265686531896,0.731735294117647,81.3097894783131,75.85616652597709,1
1789421856.5857942,-21,118,-0.4648759232002094,1.064056278984463,0.731921568627451,80.8449135551129,76.92022280496155,1
1789421856.6214528,-16,105,-0.289885524767305,1.0677267402989865,0.716078431372549,80.5550280303456,77.98794954526053,1
1789421856.6566725,-11,106,-0.23902462467340835,1.274198054256061,0.7026503267973856,80.31600340567219,79.2621475995166,1
1789421856.6918168,-8,100,-0.2373136483295791,1.1146365634582507,0.7131895424836602,80.07868975734262,80.37678416297484,1
1789421856.726634,-8,93,-0.28,1.0294881036336125,0.7210326797385621,79.79868975734261,81.40627226660845,1
1789421856.7622461,-12,99,-0.3761655652639684,1.2742415794653437,0.7120653594771242,79.42252419207864,82.6805138460738,1
1789421856.7980323,-5,105,0.0,1.3341413086361964,0.7126437908496732,79.42252419207864,84.01465515470998,1
1789421856.834076,-8,95,-0.2521640700957994,1.0118049066575292,0.7286666666666667,79.17036012198284,85.02646006136752,1
1789421856.8698795,-11,93,-0.3518860749380842,1.102070371702159,0.7263104575163398,78.81847404704476,86.12853043306967,1
1789421856.9047415,-10,83,-0.285646071607017,0.8865549695962353,0.7291699346405228,78.53282797543774,87.0150854026659,1
1789421856.9395905,-12,66,-0.34868174731256324,0.6160984046192158,0.7381862745098039,78.18414622812517,87.63118380728513,1
1789421856.9747868,-10,52,-0.2715944682983652,0.5211370360335952,0.737078431372549,77.91255175982681,88.15232084331872,1
1789421857.0099053,-11,37,-0.32425819259742733,0.3562186792799038,0.742545751633987,77.58829356722939,88.50853952259862,1
1789421857.0488923,-10,19,-0.28717314690789436,0.15921968576144768,0.7438235294117647,77.3011204203215,88.66775920836007,1
1789421857.0843287,-4,2,0.0,0.0,0.7461274509803921,77.3011204203215,88.66775920836007,1
1789421857.1198106,3,-13,0.0,-0.1742274928985553,0.7433071895424836,77.3011204203215,88.49353171546151,1
1789421857.1547136,9,-26,-0.0011997302665421733,-0.2824202392053061,0.7390686274509803,77.29992069005495,88.2111114762562,1
1789421857.1894977,11,-34,-0.034546956817920194,-0.3152679616647057,0.732967320261438,77.26537373323703,87.8958435145915,1
1789421857.224342,11,-38,-0.055627989768981936,-0.32414508169957884,0.727875816993464,77.20974574346805,87.57169843289192,1
1789421857.2592928,11,-37,-0.04793709754943849,-0.2683079894275524,0.7274150326797386,77.16180864591861,87.30339044346437,1
1789421857.294117,11,-37,-0.04027647018432619,-0.30838088035583494,0.7259607843137255,77.12153217573429,86.99500956310852,1
1789421857.3294773,12,-39,-0.007649928700434103,-0.3842422072658799,0.7246274509803922,77.11388224703386,86.61076735584264,1
1789421857.3652263,12,-42,-0.013220424652099605,-0.45795636259745176,0.7244313725490196,77.10066182238175,86.15281099324518,1
1789421857.3998249,23,-53,0.2716067527577807,-0.7215924708354706,0.7210424836601307,77.37226857513953,85.43121852240971,1
1789421857.4350026,25,-57,0.1787009544192878,-0.6996082596478488,0.7198398692810457,77.55096952955881,84.73161026276186,1
1789421857.4704947,26,-54,0.19285893312257107,-0.6088482920680743,0.7196339869281045,77.74382846268138,84.12276197069379,1
1789421857.5051904,27,-40,0.22191507218819087,-0.3371073379581614,0.7237679738562092,77.96574353486957,83.78565463273563,1
1789421857.5397243,28,-21,0.25131684355884726,-0.088298295806302,0.720640522875817,78.21706037842843,83.69735633692933,1
1789421857.5743172,31,-5,0.3312802085394727,0.0,0.7158823529411765,78.5483405869679,83.69735633692933,1
1789421857.610907,32,8,0.3355679999267676,0.14177121765806328,0.7091437908496732,78.88390858689466,83.83912755458739,1
1789421857.6459532,30,11,0.2942318904373063,0.018525098253216604,0.7056176470588236,79.17814047733197,83.85765265284061,1
1789421857.6814668,25,3,0.22151188589080525,0.0,0.7177875816993464,79.39965236322277,83.85765265284061,1
1789421857.7168791,13,-15,0.007308477870376556,-0.48885333928136393,0.7208790849673202,79.40696084109315,83.36879931355925,1
1789421857.7522073,4,-34,0.0,-0.7888743360197752,0.7124673202614379,79.40696084109315,82.57992497753948,1
1789421857.7872558,1,-54,0.0,-1.0253306847712214,0.7053529411764706,79.40696084109315,81.55459429276826,1
1789421857.8225546,4,-78,0.0,-1.3199523690520414,0.707937908496732,79.40696084109315,80.23464192371621,1
1789421857.8581622,8,-101,0.13472975834043144,-1.5322701525345592,0.7026895424836601,79.54169059943358,78.70237177118165,1
1789421857.8935812,11,-122,0.2325695150083617,-1.7164551549583995,0.6974052287581699,79.77426011444194,76.98591661622325,1
1789421857.9297214,15,-139,0.29641144291110233,-1.8253084548874663,0.6939183006535947,80.07067155735305,75.16060816133579,1
1789421857.9662173,26,-133,0.5207645867513051,-1.4477893725866835,0.7024542483660131,80.59143614410436,73.7128187887491,1
1789421858.0027297,29,-106,0.462250949850017,-0.8905325468497155,0.7109444444444445,81.05368709395438,72.82228624189939,1
1789421858.0384357,34,-69,0.5655280796174635,-0.37183544464403784,0.7174803921568628,81.61921517357185,72.45045079725536,1
1789421858.073992,34,-23,0.5196819305419922,0.21683513477269678,0.7172352941176471,82.13889710411384,72.66728593202805,1
1789421858.109526,27,-11,0.37017824540893973,-0.14106897315584913,0.7206078431372549,82.50907534952277,72.5262169588722,1
1789421858.1453466,20,-27,0.3023646279496661,-0.693269025264993,0.7325065359477124,82.81143997747245,71.8329479336072,1
1789421858.182528,5,-41,0.0,-0.7986970448731957,0.7401960784313726,82.81143997747245,71.03425088873401,1
1789421858.219868,-8,-29,-0.0797666387745329,-0.3296744283830359,0.7289477124183007,82.73167333869792,70.70457646035098,1
1789421858.25456,-6,2,0.15217272176074886,0.0,0.7305653594771242,82.88384606045867,70.70457646035098,1
1789421858.290946,-7,15,0.09485795449440838,0.28084903528852556,0.734218954248366,82.97870401495308,70.9854254956395,1
1789421858.326784,-10,12,0.029802453119453884,-0.09192475590518162,0.7322124183006536,83.00850646807254,70.89350073973432,1
1789421858.3626235,-15,14,-0.058838024572096775,0.007862423514389781,0.7266013071895425,82.94966844350044,70.90136316324872,1
1789421858.3986008,-17,35,-0.04912707725878121,0.5070563079111389,0.714343137254902,82.90054136624165,71.40841947115986,1
1789421858.4341629,-20,68,-0.1076839469327843,1.0573135871146473,0.7151307189542484,82.79285741930887,72.46573305827451,1
1789421858.4704742,-26,63,-0.22707085071642685,0.5204204055929734,0.7130849673202614,82.56578656859244,72.98615346386748,1
1789421858.506368,-33,61,-0.3356526269336141,0.5851965361764582,0.7086372549019608,82.23013394165883,73.57135000004394,1
1789421858.5424738,-33,66,-0.26193706989288335,0.7799695576551287,0.7047516339869281,81.96819687176595,74.35131955769907,1
1789421858.5785012,-33,57,-0.28573437213897707,0.5369444188019981,0.7153267973856209,81.68246249962698,74.88826397650107,1
1789421858.6179495,-34,37,-0.33522863373344863,0.23746613584745957,0.7157581699346405,81.34723386589353,75.12573011234852,1
1789421858.6546211,-37,19,-0.420590517747934,0.07950381293700523,0.711297385620915,80.92664334814559,75.20523392528553,1
1789421858.6908276,-37,15,-0.4064775514602661,0.24053843787622886,0.7037875816993464,80.52016579668532,75.44577236316175,1
1789421858.726552,-36,16,-0.4081999038642707,0.3312039499941016,0.7011339869281046,80.11196589282105,75.77697631315586,1
1789421858.7632802,-31,17,-0.32684300102292957,0.35330937885809655,0.6995980392156863,79.78512289179811,76.13028569201396,1
1789421858.799403,-14,26,0.0009547703069594793,0.5731488774884694,0.7081862745098039,79.78607766210507,76.70343456950242,1
1789421858.8367968,-9,40,-0.12518607784638064,0.7869452665359244,0.7031437908496732,79.66089158425869,77.49037983603834,1
1789421858.8725657,-9,48,-0.1982332706451416,0.7918279776306931,0.7005980392156863,79.46265831361355,78.28220781366903,1
1789421858.9084234,-12,50,-0.2786782302674547,0.7278961916543624,0.6976568627450981,79.18398008334609,79.0101040053234,1
1789421858.9448051,-8,54,-0.14771675836935474,0.7949564533775328,0.7005980392156863,79.03626332497673,79.80506045870094,1
1789421858.981173,-4,56,0.0,0.7875540431346529,0.7052222222222222,79.03626332497673,80.59261450183558,1
1789421859.0166037,-1,51,0.0,0.6394415621992988,0.7091862745098039,79.03626332497673,81.23205606403488,1
1789421859.0530643,3,43,0.0,0.520301974630574,0.707764705882353,79.03626332497673,81.75235803866545,1
1789421859.087643,5,36,0.0,0.4587749338040601,0.7045555555555556,79.03626332497673,82.21113297246951,1
1789421859.122537,4,29,0.0,0.38969139522647916,0.703781045751634,79.03626332497673,82.60082436769599,1
1789421859.156925,4,22,0.0,0.31818944448297387,0.6985294117647058,79.03626332497673,82.91901381217896,1
1789421859.1914058,5,16,0.0,0.2730269567861981,0.6958464052287582,79.03626332497673,83.19204076896516,1
1789421859.2264252,6,9,-0.0040114769169719185,0.1902543638525565,0.6981666666666667,79.03225184805976,83.38229513281772,1
1789421859.2611115,6,1,-0.024634361267089844,0.0,0.6998986928104575,79.00761748679267,83.38229513281772,1
1789421859.2964506,5,-7,0.0,0.005801953131474746,0.6985261437908497,79.00761748679267,83.3880970859492,1
1789421859.3316884,6,-18,-0.01624106407165528,-0.15816285301073005,0.6963823529411765,78.99137642272102,83.22993423293846,1
1789421859.3668342,6,-18,-0.012021598815917967,-0.015164289474487308,0.6958986928104575,78.9793548239051,83.21476994346398,1
1789421859.402528,6,-19,-0.007735242843627935,-0.052735905388764395,0.6960228758169935,78.97161958106147,83.16203403807522,1
1789421859.4380302,6,-20,-0.0034757804870605563,-0.07701436897212242,0.6961339869281046,78.96814380057441,83.08501966910309,1
1789421859.4734871,7,-18,0.025589445561036525,-0.02749888727654496,0.697218954248366,78.99373324613545,83.05752078182654,1
1789421859.508543,7,-16,0.01639240264892579,-0.018359322567748363,0.6984248366013072,79.01012564878438,83.03916145925879,1
1789421859.5436695,7,-16,0.021307668685913092,-0.058150491714477545,0.699421568627451,79.03143331747029,82.98101096754432,1
1789421859.5789623,7,-15,0.026255011558532722,-0.04457452528205635,0.6990980392156863,79.05768832902882,82.93643644226226,1
1789421859.6153278,6,-13,0.006853776101043806,-0.020692595481115933,0.6987483660130719,79.06454210512986,82.91574384678114,1
1789421859.6513267,6,-13,0.024937357902526852,-0.05755456924438476,0.697764705882353,79.08947946303239,82.85818927753675,1
1789421859.6866353,5,-13,0.0,-0.06671571254730226,0.6980751633986928,79.08947946303239,82.79147356498945,1
1789421859.7226248,5,-12,0.0,-0.051459668872161295,0.698218954248366,79.08947946303239,82.74001389611729,1
1789421859.7583532,6,-13,0.037781662940979,-0.098626924962697,0.6991143790849673,79.12726112597336,82.64138697115459,1
1789421859.794345,6,-15,0.04210020542144775,-0.1432432760910447,0.7005980392156863,79.16936133139481,82.49814369506355,1
1789421859.8301365,8,-19,0.0957792383605457,-0.22496271376599347,0.7313660130718954,79.26514056975536,82.27318098129756,1
1789421859.8633971,8,-19,0.07313955783843995,-0.18168442726135253,0.7313660130718954,79.3382801275938,82.0914965540362,0
1789421859.8993301,16,-33,0.27579174309556787,-0.5400223141460962,0.8672647058823529,79.61407187068937,81.5514742398901,1
1789421859.9349391,18,-49,0.22555332470915485,-0.7649481178791453,0.8176503267973856,79.83962519539853,80.78652612201095,1
1789421859.970713,19,-63,0.23505207855150817,-0.9210916301462257,0.8063823529411764,80.07467727395003,79.86543449186473,1
1789421860.0060291,23,-70,0.3339418573347203,-0.9439431022905771,0.8002483660130719,80.40861913128475,78.92149138957416,1
1789421860.0410516,26,-71,0.36838114232426705,-0.9188387564355015,0.7789379084967321,80.77700027360902,78.00265263313865,1
1789421860.0772765,28,-64,0.3934077757647846,-0.7433990234657754,0.7676339869281046,81.1704080493738,77.25925360967288,1
1789421860.1160896,32,-49,0.4822145703858124,-0.496679654131919,0.762078431372549,81.65262261975961,76.76257395554096,1
1789421860.1523,36,-25,0.5519051723869726,-0.11874869688832729,0.7628464052287581,82.20452779214658,76.64382525865263,1
1789421860.1873825,31,9,0.39721656914617154,0.38080136790238023,0.7684477124183007,82.60174436129275,77.024626626555,1
1789421860.2226517,18,44,0.16685205432556885,0.7735734539116185,0.7618039215686274,82.76859641561832,77.79820008046663,1
1789421860.2576497,9,61,0.13892333942723842,0.7328988831076325,0.7578986928104575,82.90751975504556,78.53109896357427,1
1789421860.2922995,0,55,0.0,0.3813176737319883,0.763454248366013,82.90751975504556,78.91241663730625,1
1789421860.3279731,-7,42,-0.016129204231736666,0.18628924156441368,0.7631045751633987,82.89139055081382,79.09870587887066,1
1789421860.3661122,-17,42,-0.14647321613624642,0.4001415681838989,0.7474150326797385,82.74491733467758,79.49884744705456,1
1789421860.4023266,-14,27,0.045910192180741806,0.06269405843267709,0.7597222222222222,82.79082752685832,79.56154150548724,1
1789421860.437188,-10,5,0.09382852643958839,0.0,0.7652287581699346,82.88465605329792,79.56154150548724,1
1789421860.4723783,-3,-12,0.0,-0.415731987006692,0.7756797385620915,82.88465605329792,79.14580951848055,1
1789421860.5070236,5,-20,0.0,-0.3464437736362693,0.779781045751634,82.88465605329792,78.79936574484428,1
1789421860.5433705,6,-19,0.2858668093138089,-0.2210564221150995,0.7852549019607843,83.17052286261172,78.57830932272918,1
1789421860.5796008,8,-16,0.2634832963988408,-0.17496870225535088,0.7992124183006536,83.43400615901056,78.40334062047383,1
1789421860.6158416,11,-11,0.31526672674085376,-0.10536237420379355,0.8088529411764706,83.74927288575142,78.29797824627003,1
1789421860.6528227,10,-9,0.2577356667972434,-0.1339656120344953,0.8070588235294117,84.00700855254867,78.16401263423553,1
1789421860.6880126,4,-7,0.0,-0.11745384689582938,0.7911830065359478,84.00700855254867,78.0465587873397,1
1789421860.7238295,2,-8,0.0,-0.1756152406883739,0.7848496732026143,84.00700855254867,77.87094354665133,1
1789421860.7599099,2,-8,0.0,-0.1674261474609375,0.7891176470588235,84.00700855254867,77.70351739919039,1
1789421860.797266,-4,-7,0.0,-0.1492638388353995,0.8009705882352941,84.00700855254867,77.554253560355,1
1789421860.834292,-11,-3,-0.0364699159231061,0.0,0.803359477124183,83.97053863662556,77.554253560355,1
1789421860.870693,-14,8,-0.06073273372742249,0.1011238844373344,0.7932712418300654,83.90980590289814,77.65537744479232,1
1789421860.9062073,-15,28,-0.05356253208219605,0.5005663914444307,0.7928758169934641,83.85624337081595,78.15594383623676,1
1789421860.9420202,26,53,0.9624185887903701,0.8561057802433585,0.9036437908496732,84.81866195960632,79.01204961648011,1
1789421860.9767277,21,43,0.28172839107551134,0.29266777458916005,0.894264705882353,85.10039035068183,79.30471739106927,1
1789421861.012228,46,27,0.9882756466092271,0.07074413778745647,0.9499346405228758,86.08866599729106,79.37546152885673,1
1789421861.0474093,43,32,0.5873336226832229,0.4395504166004738,0.9376797385620915,86.67599961997428,79.8150119454572,1
1789421861.0830219,21,16,0.10097352293049522,-0.00487681795538461,0.91740522875817,86.77697314290478,79.81013512750182,1
1789421861.1191645,9,-13,0.12416042386061105,-0.4804737648547724,0.9149901960784314,86.9011335667654,79.32966136264704,1
1789421861.154161,-7,-74,-0.1034724037058152,-1.6128186595310998,0.9607875816993464,86.79766116305959,77.71684270311594,1
1789421861.1888764,-21,-83,-0.23116367936974036,-1.0185967449013593,0.9534183006535948,86.56649748368984,76.69824595821459,1
1789421861.2227488,4,-92,0.0,-1.1742645657145963,0.9850490196078432,86.56649748368984,75.52398139249999,1
1789421861.2551255,-21,-92,-0.05730098247528076,-1.1008554077148438,0.9850490196078432,86.50919650121456,74.42312598478514,0
1789421861.288011,-21,-92,-0.0711126136779785,-1.12,0.9850490196078432,86.43808388753658,73.30312598478514,0
1789421861.3203824,-21,-92,-0.08470835208892821,-1.12,0.9850490196078432,86.35337553544765,72.18312598478514,0
1789421861.3526506,-21,-92,-0.09826153278350828,-1.12,0.9850490196078432,86.25511400266414,71.06312598478513,0
1789421861.3845892,-21,-92,-0.11167452335357665,-1.12,0.9850490196078432,86.14343947931057,69.94312598478513,0
1789421861.4169414,-21,-92,-0.12524843215942383,-1.12,0.9850490196078432,86.01819104715115,68.82312598478512,0
1789421861.4492295,-21,-92,-0.13880962371826172,-1.12,0.9850490196078432,85.87938142343289,67.70312598478512,0
1789421861.4821641,-21,-92,-0.15264719009399413,-1.12,0.9850490196078432,85.72673423333889,66.58312598478511,0
1789421861.5142953,-21,-92,-0.16614189147949218,-1.12,0.9850490196078432,85.56059234185939,65.46312598478511,0
1789421861.5464807,-21,-92,-0.17958902835845947,-1.12,0.9850490196078432,85.38100331350093,64.3431259847851,0
1789421861.579154,-21,-92,-0.19338523864746093,-1.12,0.9850490196078432,85.18761807485346,63.223125984785106,0
1789421861.6112108,-21,-92,-0.206859712600708,-1.12,0.9850490196078432,84.98075836225276,62.10312598478511,0
1789421861.6447492,-5,202,0.0,6.348860463833662,0.979202614379085,84.98075836225276,68.45198644861877,1
1789421861.6802218,8,226,0.3043871365432611,2.693477014783041,0.9870294117647059,85.28514549879601,71.14546346340181,1
1789421861.7123814,8,226,0.09932688713073731,2.4600000000000004,0.9870294117647059,85.38447238592676,73.6054634634018,0
1789421861.744747,8,226,0.10450289726257325,2.4600000000000004,0.9870294117647059,85.48897528318933,76.0654634634018,0
1789421861.7795246,-62,223,-1.6445266883784386,2.38686558752751,0.9512385620915033,83.8444485948109,78.45232905092931,1
1789421861.8153129,-83,182,-1.2016826211332596,1.4471107291104492,0.8161209150326797,82.64276597367764,79.89943978003976,1
1789421861.8506515,-80,137,-0.8921747667445652,0.9334964185990046,0.739078431372549,81.75059120693308,80.83293619863876,1
1789421861.8868635,-73,89,-0.8207850288832907,0.42718331226295836,0.7299705882352941,80.92980617804979,81.26011951090172,1
1789421861.922529,-56,50,-0.5217047944335644,0.15331180150794066,0.7378790849673202,80.40810138361623,81.41343131240966,1
1789421861.957802,-34,12,-0.22813054117265347,-0.21864720036769675,0.7440196078431373,80.17997084244358,81.19478411204196,1
1789421861.993231,-12,-20,-0.009515713535848402,-0.4658143571897847,0.7507091503267974,80.17045512890773,80.72896975485217,1
1789421862.0289195,15,-44,0.3390470027453887,-0.6218545797239332,0.7760555555555556,80.50950213165312,80.10711517512824,1
1789421862.0641859,68,-65,1.2900618231344958,-0.8392056286724379,0.8499869281045752,81.79956395478762,79.26790954645581,1
1789421862.0991738,91,-57,1.161098511569737,-0.3870030479992256,0.9092254901960785,82.96066246635735,78.88090649845658,1
1789421862.1370425,73,-45,0.470118345658872,-0.25698508667253267,0.8725065359477124,83.43078081201622,78.62392141178405,1
1789421862.1722138,75,-24,0.8088401551091948,0.07630004591879189,0.8786830065359477,84.23962096712542,78.70022145770284,1
1789421862.2063608,56,-2,0.3557762776172707,0.0,0.8741895424836601,84.59539724474268,78.70022145770284,1
1789421862.2416666,31,12,0.04045917688032097,0.4135716332502189,0.8463986928104575,84.635856421623,79.11379309095305,1
1789421862.276787,-10,18,-0.5991951757772953,0.312451356252328,0.7743660130718955,84.0366612458457,79.42624444720538,1
1789421862.3131535,-21,14,-0.29287968759754246,0.14218979225576456,0.7770522875816993,83.74378155824816,79.56843423946114,1
1789421862.3501308,6,-5,0.4922404285329124,0.0,0.8757679738562092,84.23602198678107,79.56843423946114,1
1789421862.385482,4,4,0.0,0.0,0.8669575163398693,84.23602198678107,79.56843423946114,1
1789421862.419965,49,-5,0.9392824585651722,0.0,0.9645686274509804,85.17530444534624,79.56843423946114,1
1789421862.4545596,44,-66,0.5378847611448578,-1.0722983701312805,0.9873888888888889,85.7131892064911,78.49613586932986,1
1789421862.4890869,43,-70,0.6155156056828306,-0.9357331779706786,0.9902679738562091,86.32870481217392,77.56040269135919,1
1789421862.5232878,50,-62,0.8023264813924147,-0.7030611556422947,0.9903954248366013,87.13103129356634,76.8573415357169,1
1789421862.5573063,42,-60,0.5024004934671676,-0.770600329443101,0.9882777777777778,87.6334317870335,76.0867412062738,1
1789421862.5914004,24,-59,0.1760578944056384,-0.7753348065062028,0.9820457516339869,87.80948968143915,75.31140639976759,1
1789421862.6259863,8,-59,0.04874960716747073,-0.79,0.9818856209150327,87.85823928860661,74.52140639976759,1
1789421862.659765,-3,-49,0.0,-0.5416624344836853,0.9824084967320261,87.85823928860661,73.9797439652839,1
1789421862.6944337,-7,-31,0.010824245644365293,-0.2508933062434792,0.9879477124183007,87.86906353425098,73.72885065904042,1
1789421862.7265363,-7,-31,0.1159261131286621,-0.51,0.9879477124183007,87.98498964737965,73.21885065904041,0
1789421862.7587783,-7,-31,0.11141122341156007,-0.51,0.9879477124183007,88.09640087079121,72.70885065904041,0
1789421862.7923365,-7,-31,0.10671335220336914,-0.51,0.9879477124183007,88.20311422299459,72.1988506590404,0
1789421862.8261805,-7,-31,0.10197515964508055,-0.51,0.9879477124183007,88.30508938263966,71.6888506590404,0
1789421862.8596244,-7,-31,0.09729260921478272,-0.51,0.9879477124183007,88.40238199185444,71.17885065904039,0
1789421862.8918853,-7,-31,0.09277718544006347,-0.51,0.9879477124183007,88.49515917729451,70.66885065904039,0
1789421862.927687,-7,-31,0.08776378631591797,-0.51,0.9879477124183007,88.58292296361043,70.15885065904038,0
1789421862.95909,-7,-31,0.08336765766143797,-0.51,0.9879477124183007,88.66629062127187,69.64885065904038,0
1789421862.9920368,-7,-31,0.07875553607940675,-0.51,0.9879477124183007,88.74504615735128,69.13885065904037,0
1789421863.025295,-7,-31,0.07409855365753173,-0.51,0.9879477124183007,88.81914471100882,68.62885065904037,0
1789421863.058269,-7,-31,0.06948189258575438,-0.51,0.9879477124183007,88.88862660359457,68.11885065904036,0
1789421863.092203,-7,-31,0.06473422050476074,-0.51,0.9879477124183007,88.95336082409933,67.60885065904036,0
1789421863.125856,-7,-31,0.06002099514007567,-0.51,0.9879477124183007,89.01338181923941,67.09885065904035,0
1789421863.1590014,-7,-31,0.055379900932312015,-0.51,0.9879477124183007,89.06876172017172,66.58885065904035,0
1789421863.191888,-7,-31,0.05077639102935791,-0.51,0.9879477124183007,89.11953811120108,66.07885065904034,0
1789421863.2258232,-7,-31,0.04602534770965576,-0.51,0.9879477124183007,89.16556345891074,65.56885065904034,0
1789421863.2588983,-7,-31,0.04139490127563476,-0.51,0.9879477124183007,89.20695836018638,65.05885065904033,0
1789421863.2937503,-40,194,-0.7897736438203984,5.102756628527455,0.9866928104575163,88.41718471636598,70.16160728756779,1
1789421863.327178,-39,201,-0.31760404606962156,2.1843206852673696,0.9864575163398693,88.09958067029636,72.34592797283516,1
1789421863.3608868,-46,210,-0.5373966961731403,2.4334858694729697,0.982718954248366,87.56218397412322,74.77941384230813,1
1789421863.394548,-49,210,-0.5411315555158274,2.3000000000000003,0.9784901960784314,87.02105241860738,77.07941384230813,1
1789421863.4280143,-36,185,-0.19643705123497848,1.6765010115977548,0.9805098039215686,86.8246153673724,78.75591485390588,1
1789421863.4620206,-82,165,-1.5826635140847174,1.5559826854999825,0.9147777777777778,85.24195185328769,80.31189753940586,1
1789421863.4969609,-94,102,-1.2639201516594067,0.31811612762297425,0.8387941176470588,83.97803170162828,80.63001366702883,1
1789421863.5317452,-41,70,0.17120459958087586,0.44011400376905957,0.906607843137255,84.14923630120916,81.07012767079789,1
1789421863.5639832,-41,70,-0.6100000000000001,0.9000000000000001,0.906607843137255,83.53923630120916,81.9701276707979,0
1789421863.596315,-41,70,-0.6100000000000001,0.9000000000000001,0.906607843137255,82.92923630120916,82.8701276707979,0
1789421863.6288335,-41,70,-0.6100000000000001,0.9000000000000001,0.906607843137255,82.31923630120916,83.7701276707979,0
1789421863.6612222,-41,70,-0.6100000000000001,0.9000000000000001,0.906607843137255,81.70923630120916,84.67012767079791,0
1789421863.6936345,-41,70,-0.6100000000000001,0.9000000000000001,0.906607843137255,81.09923630120916,85.57012767079792,0
1789421863.7258418,-41,70,-0.6100000000000001,0.9000000000000001,0.906607843137255,80.48923630120916,86.47012767079792,0
1789421863.7586324,-41,70,-0.6100000000000001,0.9000000000000001,0.906607843137255,79.87923630120916,87.37012767079793,0
1789421863.7936754,80,-67,2.382439556637449,-2.471698873845104,0.9765457516339869,82.26167585784661,84.89842879695283,1
1789421863.8289897,58,-122,0.16545966590118522,-1.9319997948259926,0.8570947712418301,82.4271355237478,82.96642900212683,1
1789421863.8644965,38,-137,0.022262235219503324,-1.6116129708648521,0.7875228758169934,82.4493977589673,81.35481603126198,1
1789421863.89984,36,-157,0.28114301195364655,-1.9943221135638605,0.794326797385621,82.73054077092094,79.36049391769812,1
1789421863.9352918,30,-168,0.18620690429094142,-2.035090807634645,0.828562091503268,82.91674767521188,77.32540311006348,1
1789421863.9702847,83,-169,1.6159830091581422,-1.904288501894094,0.9462124183006536,84.53273068437002,75.42111460816938,1
1789421864.004264,46,-113,-0.024438231587796455,-0.5058907554769624,0.9218758169934641,84.50829245278223,74.9152238526924,1
1789421864.038598,67,-66,1.0819961748954658,-0.17540354362155075,0.9576862745098039,85.5902886276777,74.73982030907085,1
1789421864.0728235,68,9,0.8472209956502603,0.9920865357914653,0.9776045751633987,86.43750962332795,75.73190684486232,1
1789421864.1064892,58,103,0.623085706570156,2.3011973897684466,0.9587418300653595,87.0605953298981,78.03310423463077,1
1789421864.1416159,-28,121,-1.330542895450564,1.4267170755181293,0.7865588235294118,85.73005243444754,79.4598213101489,1
1789421864.1770835,-46,95,-0.5745210966095096,0.6113600401362616,0.8039967320261437,85.15553133783803,80.07118135028516,1
1789421864.2121553,-26,59,0.14624299638185798,0.14604703034078048,0.9043823529411765,85.30177433421989,80.21722838062594,1
1789421864.2479286,-80,23,-1.491502757808268,-0.1875619225088364,0.7951470588235294,83.81027157641162,80.0296664581171,1
1789421864.2840405,-81,9,-0.8184785496936731,-0.011476342600681366,0.7739542483660131,82.99179302671794,80.01819011551642,1
1789421864.319735,14,-17,1.485837059169325,-0.4540538772641763,0.968140522875817,84.47763008588727,79.56413623825225,1
1789421864.35426,25,-83,0.4419161258792922,-1.763026652845423,0.9903006535947713,84.91954621176656,77.80110958540682,1
1789421864.3865013,25,-83,0.2987315559387207,-0.8606897592544557,0.9903006535947713,85.21827776770527,76.94041982615236,0
1789421864.4187553,25,-83,0.31485902309417724,-0.9142309713363648,0.9903006535947713,85.53313679079945,76.026188854816,0
1789421864.451052,25,-83,0.3310069942474365,-0.9678438186645508,0.9903006535947713,85.86414378504688,75.05834503615145,0
1789421864.485845,62,-70,1.275754065299794,-0.6997664304088016,0.987140522875817,87.13989785034667,74.35857860574265,1
1789421864.5203779,20,-40,-0.27033338762476167,-0.16552218500742388,0.9411045751633987,86.86956446272191,74.19305642073523,1
1789421864.5548348,-5,9,0.0,0.6085337268538769,0.8945196078431372,86.86956446272191,74.80159014758911,1
1789421864.5897584,-48,61,-0.8986319398068054,1.2018559795098769,0.8261013071895424,85.9709325229151,76.00344612709898,1
1789421864.6246386,-55,104,-0.6173671819942754,1.577901861971989,0.820954248366013,85.35356534092082,77.58134798907098,1
1789421864.658843,-12,69,0.5332372201534314,0.14701059815951223,0.9761764705882353,85.88680256107426,77.72835858723049,1
1789421864.6907396,-12,69,-0.10286997318267821,0.7026460361480713,0.9761764705882353,85.78393258789158,78.43100462337856,0
1789421864.725968,-12,69,-0.11132481098175048,0.751259708404541,0.9761764705882353,85.67260777690983,79.1822643317831,0
1789421864.7584617,-12,69,-0.11912418842315674,0.796102180480957,0.9761764705882353,85.55348358848667,79.97836651226406,0
1789421864.791233,-12,69,-0.1269667100906372,0.8413042688369752,0.9761764705882353,85.42651687839603,80.81967078110104,0
1789421864.8249502,-12,69,-0.1350841188430786,0.8878589487075806,0.9761764705882353,85.29143275955295,81.70752972980861,0
1789421864.8580256,-12,69,-0.14301750659942628,0.8900000000000001,0.9761764705882353,85.14841525295353,82.59752972980861,0
1789421864.891524,-12,69,-0.1510593843460083,0.8900000000000001,0.9761764705882353,84.99735586860751,83.48752972980861,0
1789421864.924397,-12,69,-0.15894773960113526,0.8900000000000001,0.9761764705882353,84.83840812900638,84.37752972980861,0
1789421864.9588382,-12,69,-0.16721409320831299,0.8900000000000001,0.9761764705882353,84.67119403579807,85.26752972980862,0
1789421864.9915092,-12,69,-0.17505524158477784,0.8900000000000001,0.9761764705882353,84.4961387942133,86.15752972980862,0
1789421865.024493,-12,69,-0.18297066211700438,0.8900000000000001,0.9761764705882353,84.3131681320963,87.04752972980862,0
1789421865.0577908,-12,69,-0.19096270084381103,0.8900000000000001,0.9761764705882353,84.12220543125248,87.93752972980862,0
1789421865.0928774,38,-189,1.0482392052744296,-5.499072857733695,0.9870294117647059,85.17044463652691,82.43845687207492,1
1789421865.1274266,19,-154,-0.11611076192670791,-1.0726149702598553,0.9232875816993464,85.0543338746002,81.36584190181507,1
1789421865.1623595,-9,-169,-0.5280842707178688,-2.06183883044714,0.8699967320261438,84.52624960388233,79.30400307136793,1
1789421865.1978428,-27,-171,-0.580433621619174,-1.9381844962907213,0.8252320261437909,83.94581598226316,77.36581857507721,1
1789421865.2334776,-35,-167,-0.5437653065494192,-1.8138806513333066,0.8058366013071896,83.40205067571374,75.5519379237439,1
1789421865.2692108,-32,-136,-0.38246393414516533,-1.1262589434636991,0.7975915032679739,83.01958674156857,74.42567898028021,1
1789421865.3041434,-26,-68,-0.2966730083397268,0.0938741258741258,0.8336928104575163,82.72291373322885,74.51955310615433,1
1789421865.339401,-16,11,-0.15136823571278854,1.0382111127886724,0.8625032679738562,82.57154549751606,75.557764218943,1
1789421865.3737786,1,99,0.0,2.1469895532016388,0.8649313725490196,82.57154549751606,77.70475377214464,1
1789421865.4085126,-7,126,-0.1485692096273733,1.611479977324964,0.7697745098039216,82.42297628788869,79.3162337494696,1
1789421865.4429169,26,112,0.6139320835068165,0.9570528700967098,0.8851535947712418,83.0369083713955,80.2732866195663,1
1789421865.4792514,68,47,1.1818870384680658,-0.3499221032285439,0.9555555555555556,84.21879540986356,79.92336451633776,1
1789421865.514553,31,13,-0.26863089070870605,-0.26770450036465526,0.8765032679738562,83.95016451915485,79.6556600159731,1
1789421865.5490131,-2,-3,0.0,0.0,0.7737614379084967,83.95016451915485,79.6556600159731,1
1789421865.584919,0,-18,0.0,-0.3419801358954294,0.7593562091503268,83.95016451915485,79.31367988007767,1
1789421865.6210701,-8,-30,-0.334446710716671,-0.42886939633976273,0.7670032679738562,83.61571780843818,78.88481048373791,1
1789421865.6567533,-7,-40,-0.13237350795440028,-0.5318803341343414,0.8112581699346405,83.48334430048378,78.35293014960357,1
1789421865.693643,-15,-29,-0.3458302342500055,-0.15411028282348146,0.7843692810457517,83.13751406623378,78.19881986678008,1
1789421865.7292447,-18,-13,-0.3224228843433607,0.07243850304352062,0.770516339869281,82.81509118189042,78.2712583698236,1
1789421865.7646627,18,-12,0.6007623455248856,-0.13680442315634986,0.8658104575163399,83.41585352741531,78.13445394666725,1
1789421865.8004744,33,13,0.47640241319095045,0.45812164511556075,0.9123398692810457,83.89225594060626,78.5925755917828,1
1789421865.8368866,16,28,-0.12467266312065718,0.4844492286385261,0.8678006535947712,83.7675832774856,79.07702482042133,1
1789421865.8734155,41,41,0.7296416402697543,0.6166119209087104,0.9049509803921568,84.49722491775535,79.69363674133004,1
1789421865.9088204,60,20,0.8885241409916045,-0.05366223506409579,0.9452614379084967,85.38574905874695,79.63997450626594,1
1789421865.943373,60,-41,0.6616277647018433,-1.2780288234266528,0.978218954248366,86.0473768234488,78.36194568283929,1
1789421865.9783542,65,-17,0.8285734360854333,0.17577379051124456,0.9671764705882353,86.87595025953424,78.53771947335053,1
1789421866.0138643,42,-11,0.2328819624988825,-0.03062587390474736,0.934186274509804,87.10883222203312,78.50709359944578,1
1789421866.0489156,20,-34,0.03701380149250194,-0.6971507023358523,0.9346928104575163,87.14584602352562,77.80994289710993,1
1789421866.0845819,6,-42,0.019043012756663175,-0.5910203397541264,0.9362941176470588,87.16488903628229,77.21892255735581,1
1789421866.119859,-10,-37,-0.1785527200119728,-0.3841590370519933,0.9295359477124183,86.98633631627031,76.83476352030382,1
1789421866.1548486,-19,-18,-0.18377347115323261,-0.006082101009067309,0.9076045751633987,86.80256284511708,76.82868141929475,1
1789421866.1896152,13,-64,0.7340115002242787,-1.4435899939238337,0.9902450980392157,87.53657434534136,75.38509142537092,1
1789421866.2220466,13,-64,0.2823281574249268,-0.8236279726028443,0.9902450980392157,87.81890250276629,74.56146345276807,0
1789421866.2549987,13,-64,0.29089210033416746,-0.8400000000000001,0.9902450980392157,88.10979460310045,73.72146345276806,0
1789421866.2897925,-64,198,-1.629783035027183,5.6824685060843105,0.9917254901960785,86.48001156807327,79.40393195885237,1
1789421866.3224993,-64,198,-0.5655187273025513,2.0473174476623535,0.9917254901960785,85.91449284077072,81.45124940651472,0
1789421866.3548012,-64,198,-0.6068648576736451,2.1752358150482176,0.9917254901960785,85.30762798309708,83.62648522156293,0
1789421866.387135,-64,198,-0.6482527971267701,2.18,0.9917254901960785,84.6593751859703,85.80648522156294,0
1789421866.4195938,-64,198,-0.68980309009552,2.18,0.9917254901960785,83.96957209587478,87.98648522156294,0
1789421866.4518838,-64,198,-0.7311330461502076,2.18,0.9917254901960785,83.23843904972458,90.16648522156295,0
1789421866.484325,-64,198,-0.7726586198806763,2.18,0.9917254901960785,82.4657804298439,92.34648522156296,0
1789421866.5209432,-64,198,-0.8144365739822388,2.18,0.9917254901960785,81.65134385586167,94.52648522156296,0
1789421866.5705333,-64,198,-0.8400000000000001,2.18,0.9917254901960785,80.81134385586167,96.70648522156297,0
1789421866.611243,-64,198,-0.8400000000000001,2.18,0.9917254901960785,79.97134385586166,98.88648522156298,0
1789421866.650328,87,-219,2.666453952953955,-7.490131229035789,0.9920751633986928,82.63779780881562,91.3963539925272,1
1789421866.6894722,87,-219,0.8058756875991822,-2.332546730041504,0.9920751633986928,83.4436734964148,89.0638072624857,0
1789421866.7278204,87,-219,0.8729338455200195,-2.39,0.9920751633986928,84.31660734193483,86.6738072624857,0
1789421866.7649157,87,-219,0.9343293237686157,-2.39,0.9920751633986928,85.25093666570345,84.2838072624857,0
1789421866.8022053,87,-219,1.002352418899536,-2.39,0.9920751633986928,86.25328908460298,81.8938072624857,0
1789421866.834279,87,-219,1.0582266807556153,-2.39,0.9920751633986928,87.31151576535859,79.5038072624857,0
1789421866.8668509,87,-219,1.07,-2.39,0.9920751633986928,88.38151576535859,77.1138072624857,0
1789421866.900366,87,-219,1.07,-2.39,0.9920751633986928,89.45151576535858,74.72380726248569,0
1789421866.933446,87,-219,1.07,-2.39,0.9920751633986928,90.52151576535857,72.33380726248569,0
1789421866.9667757,87,-219,1.07,-2.39,0.9920751633986928,91.59151576535857,69.94380726248569,0
1789421867.0022986,-30,-95,-1.7675590009537367,0.5952222945538739,0.9545947712418301,89.82395676440483,70.53902955703957,1
1789421867.0368023,-96,-23,-1.8048743550079915,0.6142250622406639,0.9075849673202614,88.01908240939683,71.15325461928023,1
1789421867.0710423,-122,118,-1.57121896870578,3.1222563166199437,0.925326797385621,86.44786344069105,74.27551093590017,1
1789421867.1048143,-91,180,-0.4825960109257121,2.7188928059040247,0.957640522875817,85.96526742976533,76.99440374180419,1
1789421867.1382823,-68,164,-0.4147821227597122,1.5132966650036774,0.9915130718954248,85.55048530700562,78.50770040680787,1
1789421867.1694467,-68,164,-0.8003667354583741,1.84,0.9915130718954248,84.75011857154725,80.34770040680787,0
1789421867.2014818,-68,164,-0.8439468097686769,1.84,0.9915130718954248,83.90617176177857,82.18770040680788,0
1789421867.2335236,-68,164,-0.8800000000000001,1.84,0.9915130718954248,83.02617176177857,84.02770040680788,0
1789421867.266573,-68,164,-0.8800000000000001,1.84,0.9915130718954248,82.14617176177858,85.86770040680788,0
1789421867.299632,-68,164,-0.8800000000000001,1.84,0.9915130718954248,81.26617176177858,87.70770040680789,0
1789421867.3323607,-68,164,-0.8800000000000001,1.84,0.9915130718954248,80.38617176177858,89.54770040680789,0
1789421867.364955,-68,164,-0.8800000000000001,1.84,0.9915130718954248,79.50617176177859,91.3877004068079,0
1789421867.3969254,-68,164,-0.8800000000000001,1.84,0.9915130718954248,78.6261717617786,93.2277004068079,0
1789421867.4292905,-68,164,-0.8800000000000001,1.84,0.9915130718954248,77.7461717617786,95.0677004068079,0
1789421867.4633584,116,-197,3.7384839330783644,-7.198791285123299,0.9783562091503268,81.48465569485697,87.8689091216846,1
1789421867.497491,89,-203,0.4344027032820737,-2.19079745312335,0.9444836601307189,81.91905839813904,85.67811166856124,1
1789421867.531632,74,-224,0.5104893594082329,-2.7476119803308006,0.9656797385620915,82.42954775754728,82.93049968823044,1
1789421867.5648274,74,-224,0.7768128490447997,-2.4400000000000004,0.9656797385620915,83.20636060659209,80.49049968823044,0
1789421867.5958993,74,-224,0.8254785251617431,-2.4400000000000004,0.9656797385620915,84.03183913175383,78.05049968823045,0
1789421867.6292536,-49,-213,-2.280635686717064,-2.165131916353397,0.9909477124183007,81.75120344503677,75.88536777187704,1
1789421867.6608956,-49,-213,-0.46823017597198485,-2.33,0.9909477124183007,81.28297326906478,73.55536777187704,0
1789421867.6935146,-49,-213,-0.500184645652771,-2.33,0.9909477124183007,80.78278862341202,71.22536777187705,0
1789421867.7257497,-49,-213,-0.5317732191085816,-2.33,0.9909477124183007,80.25101540430343,68.89536777187705,0
1789421867.7592516,67,-13,2.4038503747675186,2.6544200939234384,0.9795392156862746,82.65486577907095,71.54978786580048,1
1789421867.7941434,15,49,-0.5811722012439582,1.2125837496874983,0.7770915032679738,82.07369357782699,72.76237161548798,1
1789421867.8301816,12,75,0.1005749536913534,0.9990639660586774,0.7910784313725491,82.17426853151834,73.76143558154665,1
1789421867.8645813,8,140,0.04959683801096931,2.329621660238442,0.8496143790849673,82.2238653695293,76.0910572417851,1
1789421867.8984246,-6,216,-0.2430531966302673,3.4131805798065367,0.9357745098039215,81.98081217289904,79.50423782159163,1
1789421867.9320583,-56,217,-1.3172366709002092,2.3848648790411184,0.9746699346405229,80.66357550199882,81.88910270063275,1
1789421867.9666367,-21,147,0.2677378761198235,0.6576934958901086,0.8659607843137255,80.93131337811865,82.54679619652286,1
1789421868.002023,-15,77,-0.10439042140242114,-0.019389317607413803,0.8006601307189543,80.82692295671622,82.52740687891544,1
1789421868.038391,-12,12,-0.1266238110953215,-0.5732998682805035,0.7489575163398693,80.70029914562089,81.95410701063494,1
1789421868.0733857,0,-44,0.0,-1.072220812499996,0.7241633986928104,80.70029914562089,80.88188619813495,1
1789421868.1091263,17,-68,0.3511953230975207,-0.894632631281111,0.7114019607843137,81.0514944687184,79.98725356685384,1
1789421868.144943,16,-77,0.13368385893221876,-0.8302342809138183,0.7117058823529412,81.18517832765062,79.15701928594002,1
1789421868.1808414,14,-74,0.10983047892927933,-0.6859102608896006,0.7073562091503268,81.2950088065799,78.47110902505042,1
1789421868.2172775,12,-64,0.0990124198745288,-0.537150228087636,0.7062058823529411,81.39402122645443,77.93395879696278,1
1789421868.253377,15,-46,0.20884744114514328,-0.2782723887113827,0.7070261437908497,81.60286866759957,77.6556864082514,1
1789421868.2898235,18,-19,0.2515208039470844,0.09895630723581939,0.7100588235294117,81.85438947154665,77.75464271548722,1
1789421868.3251102,16,18,0.17333785789497688,0.6356762193898206,0.7064640522875817,82.02772732944163,78.39031893487704,1
1789421868.3595994,2,96,0.0,2.0902045657253576,0.6970261437908497,82.02772732944163,80.4805235006024,1
1789421868.395189,-2,92,0.0,0.9266897521115441,0.7056535947712418,82.02772732944163,81.40721325271394,1
1789421868.4307096,-8,67,-0.16884031440361885,0.42929316571024706,0.7087483660130719,81.85888701503801,81.8365064184242,1
1789421868.4667168,-10,49,-0.11017891178922287,0.3859055817871018,0.7083725490196079,81.74870810324879,82.22241200021129,1
1789421868.503208,-7,28,-0.016357298853146858,0.15834348198639203,0.7140849673202614,81.73235080439564,82.38075548219769,1
1789421868.5380878,-6,0,-0.037708664506690005,0.0,0.7173300653594771,81.69464213988894,82.38075548219769,1
1789421868.5731187,-5,-26,0.0,-0.5164774751800141,0.7169346405228758,81.69464213988894,81.86427800701767,1
1789421868.60859,-3,-45,0.0,-0.6198780988529333,0.7095522875816993,81.69464213988894,81.24439990816474,1
1789421868.6434484,0,-59,0.0,-0.7339286540388115,0.7094803921568628,81.69464213988894,80.51047125412593,1
1789421868.6788049,-1,-60,0.0,-0.5996713240959183,0.7064117647058824,81.69464213988894,79.91079993003001,1
1789421868.7142692,-2,-54,0.0,-0.4791793485199187,0.7071111111111111,81.69464213988894,79.43162058151009,1
1789421868.7498116,-1,-42,0.0,-0.30497161223238756,0.7074117647058824,81.69464213988894,79.1266489692777,1
1789421868.7853053,0,-29,0.0,-0.18115112976656358,0.7083660130718954,81.69464213988894,78.94549783951113,1
1789421868.8203819,-1,-13,0.0,0.014703207494630582,0.7075163398692811,81.69464213988894,78.96020104700577,1
1789421868.8547363,-2,4,0.0,0.0,0.7072614379084967,81.69464213988894,78.96020104700577,1
1789421868.889815,-2,21,0.0,0.4006034891581915,0.7065751633986929,81.69464213988894,79.36080453616395,1
1789421868.9275544,-4,39,0.0,0.6036661406377472,0.7048986928104575,81.69464213988894,79.9644706768017,1
1789421868.9655266,-6,34,-0.10299680709838867,0.2753419767926825,0.7064183006535948,81.59164533279055,80.23981265359438,1
1789421869.0022597,-6,33,-0.10740269660949707,0.3417001598986459,0.7053104575163399,81.48424263618105,80.58151281349303,1
1789421869.0382407,-4,36,0.0,0.4529313033837297,0.7049117647058823,81.48424263618105,81.03444411687677,1
1789421869.0739648,-4,36,0.0,0.4369061088562012,0.705937908496732,81.48424263618105,81.47135022573298,1
1789421869.1093206,-5,33,0.0,0.38780578159691637,0.6997712418300653,81.48424263618105,81.85915600732989,1
1789421869.146101,-6,21,-0.12466402053833008,0.16278954225821526,0.709532679738562,81.35957861564272,82.0219455495881,1
1789421869.1830566,-5,9,0.0,0.04967408604167686,0.7102941176470589,81.35957861564272,82.07161963562977,1
1789421869.2182815,-4,-5,0.0,0.0,0.7122091503267974,81.35957861564272,82.07161963562977,1
1789421869.2534544,-2,-16,0.0,-0.23771105917216623,0.7109705882352941,81.35957861564272,81.8339085764576,1
1789421869.2884142,-1,-23,0.0,-0.24638955160536374,0.7094509803921568,81.35957861564272,81.58751902485224,1
1789421869.323395,5,-25,0.0,-0.21234538468489197,0.7096633986928105,81.35957861564272,81.37517364016735,1
1789421869.3587253,11,-21,0.1320906743949213,-0.10213812598666559,0.7085424836601307,81.49166929003763,81.27303551418068,1
1789421869.394523,11,-22,0.09999619483947754,-0.19834654707677987,0.7093856209150327,81.59166548487711,81.0746889671039,1
1789421869.4302912,11,-24,0.10785739898681641,-0.24951116313769006,0.7088039215686275,81.69952288386393,80.8251778039662,1
1789421869.4659493,12,-23,0.14043550116852035,-0.21392458327806957,0.7085555555555556,81.83995838503246,80.61125322068813,1
1789421869.5020149,12,-21,0.13506731033325195,-0.1953456347381603,0.7088496732026144,81.97502569536572,80.41590758594997,1
1789421869.5375621,12,-22,0.14361101150512695,-0.26279515888850613,0.709045751633987,82.11863670687084,80.15311242706146,1
1789421869.5738509,12,-23,0.1523204803466797,-0.2892113818891507,0.7092156862745098,82.27095718721752,79.86390104517231,1
1789421869.609427,12,-22,0.1608568000793457,-0.26703348746668704,0.708764705882353,82.43181398729686,79.59686755770562,1
1789421869.645465,12,-19,0.16950292587280275,-0.2231494766165798,0.7086764705882352,82.60131691316967,79.37371808108904,1
1789421869.6814497,12,-13,0.17812576293945312,-0.1307591449612202,0.708483660130719,82.77944267610913,79.24295893612782,1
1789421869.7181506,12,-2,0.18709472656249998,0.0,0.7088398692810457,82.96653740267163,79.24295893612782,1
1789421869.7544694,6,14,0.04736006098502585,0.261180794325803,0.7105196078431373,83.01389746365666,79.50413973045363,1
1789421869.7899084,-5,34,0.0,0.5831143807260355,0.7085490196078431,83.01389746365666,80.08725411117966,1
1789421869.824983,-20,50,-0.34116091497879886,0.7231043354915495,0.7055915032679738,82.67273654867786,80.81035844667122,1
1789421869.8597972,-22,44,-0.2208685019844553,0.37998262699318996,0.7057549019607843,82.4518680466934,81.19034107366441,1
1789421869.8955672,-23,43,-0.23258628548009003,0.472923630728811,0.704562091503268,82.21928176121331,81.66326470439323,1
1789421869.9314196,-19,38,-0.13638669744793064,0.3944232342031486,0.7115098039215686,82.08289506376538,82.05768793859637,1
1789421869.9676654,-19,18,-0.20599249839782716,0.0011384335636093756,0.7162450980392157,81.87690256536754,82.05882637215998,1
1789421870.00338,-19,-4,-0.2198040533065796,0.0,0.7149542483660131,81.65709851206097,82.05882637215998,1
1789421870.0391119,-17,-19,-0.18328285628086063,-0.3788005798385526,0.7130620915032679,81.47381565578011,81.68002579232143,1
1789421870.074669,-12,-27,-0.09996028805222906,-0.33166183661749515,0.7112777777777778,81.37385536772788,81.34836395570393,1
1789421870.110019,-7,-31,-0.05450547438677786,-0.3376638364558884,0.7102712418300654,81.31934989334111,81.01070011924804,1
1789421870.1461859,0,-32,0.0,-0.32802774374602967,0.7095555555555556,81.31934989334111,80.68267237550201,1
1789421870.1830375,4,-30,0.0,-0.2891734734749182,0.7083300653594772,81.31934989334111,80.39349890202709,1
1789421870.220047,6,-26,0.077053670621807,-0.24164462804426137,0.7081797385620915,81.39640356396292,80.15185427398283,1
1789421870.2558825,6,-25,0.02227206707000732,-0.28953989327425705,0.7085490196078431,81.41867563103293,79.86231438070858,1
1789421870.2914238,6,-25,0.02653859615325927,-0.3212637138366699,0.7077450980392157,81.44521422718618,79.54105066687191,1
1789421870.3268557,6,-22,0.030791363716125484,-0.2645205143094159,0.708218954248366,81.4760055909023,79.2765301525625,1
1789421870.362917,6,-13,0.035116572380065915,-0.10141236247160422,0.7081699346405229,81.51112216328237,79.1751177900909,1
1789421870.398229,6,3,0.039426445960998535,0.0,0.7084673202614379,81.55054860924336,79.1751177900909,1
1789421870.4346614,6,24,0.04372367382049561,0.43611212128845445,0.7066568627450981,81.59427228306386,79.61122991137935,1
1789421870.4706097,7,49,0.07265642993357234,0.8109839971050034,0.7048006535947713,81.66692871299743,80.42221390848435,1
1789421870.5060928,5,64,0.0,0.8705416809459636,0.7028692810457516,81.66692871299743,81.29275558943031,1
1789421870.540934,2,61,0.0,0.6282417735078303,0.7058464052287582,81.66692871299743,81.92099736293814,1
1789421870.5757878,1,49,0.0,0.4132540050592803,0.7089575163398693,81.66692871299743,82.33425136799742,1
1789421870.6112158,3,34,0.0,0.2478366099294992,0.7123529411764706,81.66692871299743,82.58208797792692,1
1789421870.6466804,5,13,0.0,-0.03741087897926987,0.715,81.66692871299743,82.54467709894764,1
1789421870.6825788,8,-10,0.1050298671481748,-0.2981518207696321,0.7157058823529412,81.77195858014561,82.24652527817801,1
1789421870.7189035,10,-30,0.15745000242524876,-0.47545563065095153,0.7143006535947712,81.92940858257086,81.77106964752706,1
1789421870.7545078,10,-44,0.1370619010925293,-0.5681662933813341,0.7110326797385621,82.06647048366338,81.20290335414572,1
1789421870.790156,10,-50,0.14419185638427734,-0.5513858852176106,0.707421568627451,82.21066234004766,80.6515174689281,1
1789421870.8252554,10,-45,0.15121447563171386,-0.3775946473533468,0.706421568627451,82.36187681567938,80.27392282157476,1
1789421870.860493,10,-40,0.1582615089416504,-0.35606271830197567,0.7061732026143791,82.52013832462103,79.91786010327279,1
1789421870.8964808,9,-34,0.1408077742595139,-0.3080010994019706,0.7060522875816994,82.66094609888054,79.60985900387081,1
1789421870.9319081,9,-29,0.16110916137695314,-0.2915101404901481,0.7058333333333333,82.8220552602575,79.31834886338066,1
1789421870.9688957,10,-21,0.19203003141732572,-0.18929716206646596,0.7061601307189542,83.01408529167483,79.1290517013142,1
1789421871.0043998,10,-9,0.1856143093109131,-0.015119566295182019,0.704421568627451,83.19969960098574,79.11393213501901,1
1789421871.039999,8,8,0.14322105014605843,0.23052581484102092,0.7072026143790849,83.34292065113179,79.34445794986003,1
1789421871.074797,-4,30,0.0,0.5493495751203374,0.7065163398692811,83.34292065113179,79.89380752498036,1
1789421871.110593,-13,51,-0.20579495609005963,0.7719051011495547,0.7028071895424837,83.13712569504173,80.66571262612992,1
1789421871.1465461,-17,60,-0.16495430538483496,0.7375414721736981,0.7006339869281045,82.97217138965689,81.40325409830362,1
1789421871.1824088,-20,54,-0.19541059458657425,0.5073778296356923,0.704437908496732,82.77676079507032,81.9106319279393,1
1789421871.2186859,-21,38,-0.19262036166177607,0.2382338509888635,0.7090098039215686,82.58414043340854,82.14886577892817,1
1789421871.254484,-19,24,-0.14451465459332297,0.14024468627077388,0.7047418300653595,82.43962577881521,82.28911046519895,1
1789421871.2894518,-17,5,-0.13644068701675843,0.0,0.7075653594771242,82.30318509179845,82.28911046519895,1
1789421871.3248098,-24,-29,-0.3519058841202385,-0.6117922312162671,0.7038267973856209,81.95127920767821,81.67731823398267,1
1789421871.359948,-32,-38,-0.4675524635862575,-0.4797413670681031,0.7046078431372549,81.48372674409195,81.19757686691457,1
1789421871.3958282,-41,-38,-0.5986233309063751,-0.37895735740661624,0.704797385620915,80.88510341318558,80.81861950950795,1
1789421871.4322176,-51,-33,-0.7476582651223288,-0.28427837824552343,0.7057581699346406,80.13744514806325,80.53434113126244,1
1789421871.4696171,-56,-24,-0.7689717648625899,-0.1606077978432195,0.7060065359477125,79.36847338320067,80.37373333341922,1
1789421871.5059805,-55,-15,-0.7184022910888647,-0.07810183329277642,0.7083071895424836,78.6500710921118,80.29563150012645,1
1789421871.541886,-53,-6,-0.7021458616956986,0.009188696291631132,0.7128660130718955,77.9479252304161,80.30482019641808,1
1789421871.5782123,-49,7,-0.6349389370598157,0.19786543513139873,0.7080718954248366,77.31298629335629,80.50268563154948,1
1789421871.6142306,-48,21,-0.6661085402770142,0.3684407529515247,0.7157745098039215,76.64687775307928,80.87112638450101,1
1789421871.6503315,-44,41,-0.5846296501650166,0.6806297877302097,0.7135457516339869,76.06224810291427,81.55175617223122,1
1789421871.686659,-45,53,-0.6637778361758601,0.7274419593756164,0.7136928104575163,75.39847026673841,82.27919813160683,1
1789421871.7227464,-50,63,-0.7692010612040178,0.8461002834584341,0.7110065359477125,74.6292692055344,83.12529841506527,1
1789421871.7579827,-60,64,-0.9418624095244539,0.7769504972072442,0.7263398692810458,73.68740679600995,83.90224891227251,1
1789421871.7934234,-65,51,-0.9205347064798435,0.4855156540566675,0.7535032679738562,72.76687208953011,84.38776456632918,1
1789421871.830665,-70,29,-0.9671578623763899,0.17507256197568322,0.7597549019607843,71.79971422715371,84.56283712830486,1
1789421871.867041,-70,7,-0.9000000000000001,-0.04701588080625435,0.7556993464052287,70.89971422715371,84.51582124749861,1
1789421871.9031677,-68,-11,-0.8523624383076022,-0.18126903241922743,0.7560555555555556,70.0473517888461,84.33455221507938,1
1789421871.9401586,-72,-23,-0.974093528334494,-0.2315853586538929,0.755640522875817,69.07325826051161,84.1029668564255,1
1789421871.976001,-80,-32,-1.1115862509311483,-0.30785019328813695,0.7520359477124183,67.96167200958045,83.79511666313736,1
1789421872.0112898,-84,-37,-1.0966866781095,-0.3292769071250176,0.7441764705882353,66.86498533147095,83.46583975601234,1
1789421872.0467227,-78,-37,-0.8952500353604408,-0.2846385145187378,0.7507549019607843,65.9697352961105,83.18120124149361,1
1789421872.0826957,-72,-33,-0.8366042867936533,-0.21279253846232865,0.7564019607843138,65.13313100931684,82.96840870303129,1
1789421872.118722,-65,-28,-0.7529693112040875,-0.1691802482237979,0.7646699346405229,64.38016169811276,82.79922845480749,1
1789421872.1539073,-55,-23,-0.6078760894021333,-0.1336940551262148,0.773235294117647,63.772285608710625,82.66553439968128,1
1789421872.188803,-40,-17,-0.385023611177552,-0.07062409180288465,0.7782156862745098,63.387261997533074,82.5949103078784,1
1789421872.2231982,-31,-17,-0.379201405395666,-0.16830713748931886,0.7829738562091503,63.008060592137404,82.42660317038907,1
1789421872.257784,-25,-18,-0.3633169468173051,-0.20521476152272103,0.7775882352941177,62.6447436453201,82.22138840886635,1
1789421872.2925653,-20,-14,-0.32811424105520787,-0.10299117736958273,0.7811797385620916,62.31662940426489,82.11839723149676,1
1789421872.3272896,-15,-5,-0.2792100590717299,0.0,0.7878464052287582,62.03741934519316,82.11839723149676,1
1789421872.3621697,-8,7,-0.1778607628404047,0.21013146524893483,0.7878006535947712,61.859558582352754,82.32852869674569,1
1789421872.396974,-3,20,0.0,0.39024262901112766,0.7907091503267973,61.859558582352754,82.71877132575682,1
1789421872.4325397,6,34,-0.03204832546882426,0.5638849645289301,0.7910392156862746,61.82751025688393,83.28265629028574,1
1789421872.4693837,13,47,0.04296724408254329,0.7083364148973037,0.7826601307189542,61.87047750096647,83.99099270518305,1
1789421872.5050383,15,45,0.00676162783299326,0.5160519941863907,0.7840915032679738,61.87723912879947,84.50704469936943,1
1789421872.5400972,16,31,0.014209176094679674,0.2261824375165896,0.7952385620915032,61.89144830489415,84.73322713688601,1
1789421872.574836,20,13,0.11140112795049578,-0.004181246883073142,0.7927549019607844,62.00284943284464,84.72904589000294,1
1789421872.6091855,29,-2,0.29287192194772677,0.0,0.7949934640522875,62.29572135479237,84.72904589000294,1
1789421872.6442766,40,-12,0.4611977508172895,-0.1918131336587448,0.789437908496732,62.75691910560966,84.5372327563442,1
1789421872.6808815,48,-21,0.5261585847822592,-0.24012987579286527,0.7824477124183007,63.28307769039192,84.29710288055134,1
1789421872.7164435,56,-28,0.6491080780980408,-0.305485333591921,0.7813529411764706,63.93218576848996,83.99161754695942,1
1789421872.751689,68,-33,0.8747791278566479,-0.35126670348190403,0.7825947712418301,64.8069648963466,83.64035084347752,1
1789421872.7868738,84,-35,1.151071502157468,-0.35339629070492706,0.7857222222222222,65.95803639850406,83.2869545527726,1
1789421872.8218358,102,-31,1.4324557347962292,-0.2494570696285359,0.7818627450980392,67.3904921333003,83.03749748314407,1
1789421872.8560216,105,-28,1.293875614569749,-0.25192243196677777,0.7664542483660131,68.68436774787004,82.78557505117729,1
1789421872.8916905,111,-25,1.3940631730846316,-0.2415842920649063,0.7715098039215686,70.07843092095467,82.54399075911239,1
1789421872.926143,117,-23,1.4570819889961588,-0.25045699009630973,0.7844411764705882,71.53551290995084,82.29353376901608,1
1789421872.9607217,128,-19,1.6391502666455098,-0.19474947898391398,0.7977483660130719,73.17466317659635,82.09878429003217,1
1789421872.9952505,136,-12,1.6758023716506303,-0.08958149515598493,0.7999052287581699,74.85046554824699,82.00920279487619,1
1789421873.0294065,140,1,1.657587961500968,0.0,0.8016797385620915,76.50805350974795,82.00920279487619,1
1789421873.064222,143,18,1.673836178425607,0.3514286709197265,0.7976339869281046,78.18188968817356,82.36063146579592,1
1789421873.0989003,146,37,1.703259870456702,0.6236196886213166,0.7833039215686275,79.88514955863026,82.98425115441724,1
1789421873.1337957,147,51,1.6843496069026391,0.7258262978819014,0.7628725490196079,81.5694991655329,83.71007745229913,1
1789421873.1687503,147,60,1.67,0.7857588995621855,0.739937908496732,83.2394991655329,84.49583635186131,1
1789421873.2036397,143,52,1.572696850877792,0.49877126125573956,0.7388235294117647,84.8121960164107,84.99460761311705,1
1789421873.2384439,137,28,1.4838085870071513,0.04815147332227332,0.729251633986928,86.29600460341784,85.04275908643933,1
1789421873.2734096,136,7,1.545683601163251,-0.11253617216487721,0.7246699346405229,87.84168820458109,84.93022291427445,1
1789421873.3087652,137,-12,1.5841293717365674,-0.2793721030663558,0.7252549019607843,89.42581757631766,84.6508508112081,1
1789421873.3438058,146,-29,1.788416279987481,-0.44356277557565904,0.7241633986928104,91.21423385630514,84.20728803563244,1
1789421873.379422,144,-45,1.6118837086145987,-0.6178650351659329,0.7235457516339869,92.82611756491974,83.58942300046651,1
1789421873.4148986,132,-58,1.350966852721301,-0.7472774024425589,0.7229934640522876,94.17708441764104,82.84214559802395,1
1789421873.4523895,125,-65,1.356700240875031,-0.7763046889303145,0.7250522875816994,95.53378465851607,82.06584090909364,1
1789421873.4877346,117,-70,1.2568392283825711,-0.853170207500416,0.7338104575163399,96.79062388689864,81.21267070159323,1
1789421873.522859,102,-68,1.006491465028676,-0.7817352192575796,0.7360522875816994,97.79711535192732,80.43093548233564,1
1789421873.5580473,98,-61,1.1231966305069137,-0.6837114543900324,0.740375816993464,98.92031198243423,79.7472240279456,1
1789421873.5937102,95,-44,1.1079268136101008,-0.40165540847706915,0.7430522875816994,100.02823879604433,79.34556861946854,1
1789421873.6324363,98,-22,1.218838066077337,-0.13549486640315234,0.7214248366013072,101.24707686212167,79.21007375306539,1
1789421873.6690695,87,14,0.9202656558313429,0.4409169590215937,0.7280915032679739,102.16734251795302,79.65099071208698,1
1789421873.705239,74,57,0.7602658403929194,1.0158774177583454,0.7353464052287582,102.92760835834594,80.66686812984533,1
1789421873.7411218,47,88,0.2936667286986575,1.226664948797521,0.7528856209150326,103.22127508704459,81.89353307864285,1
1789421873.7770503,34,82,0.35911387416317786,0.7100862592221845,0.7417875816993464,103.58038896120776,82.60361933786503,1
1789421873.8147469,253,86,5.637179946828713,0.9514729052144734,0.7377091503267974,109.21756890803647,83.5550922430795,1
1789421873.8504899,11,55,-3.072120021058664,0.19421336867635514,0.7463496732026144,106.1454488869778,83.74930561175586,1
1789421873.886558,7,40,0.21453592869799795,0.2986291806597886,0.7503006535947713,106.3599848156758,84.04793479241565,1
1789421873.9215212,-20,-12,-0.4000048013672076,-0.7654524757914314,0.7733496732026144,105.9599800143086,83.28248231662421,1
1789421873.956646,-33,-36,-0.35216226868422973,-0.6287007830726004,0.7611633986928105,105.60781774562437,82.65378153355161,1
1789421873.99148,-37,-55,-0.2903723106741382,-0.7881132998364837,0.7531666666666667,105.31744543495023,81.86566823371513,1
1789421874.026483,-35,-68,-0.208894100418214,-0.8787146277223968,0.7468725490196079,105.10855133453201,80.98695360599272,1
1789421874.061776,-34,-71,-0.2372847774261518,-0.8156366852889044,0.744313725490196,104.87126655710586,80.17131692070382,1
1789421874.0991054,-37,-67,-0.3492973630107742,-0.72942007311447,0.7462483660130719,104.52196919409508,79.44189684758935,1
1789421874.1360412,-40,-61,-0.4091298371302535,-0.6870988005199109,0.7459771241830065,104.11283935696483,78.75479804706944,1
1789421874.1717997,-45,-47,-0.5207317258700337,-0.46605376518361025,0.7522483660130719,103.59210763109479,78.28874428188583,1
1789421874.2074163,-50,-22,-0.6066309727789295,-0.06904276113208557,0.7590098039215686,102.98547665831586,78.21970152075374,1
1789421874.2427387,-48,11,-0.5220272218301464,0.38485284035501616,0.7619477124183006,102.46344943648572,78.60455436110875,1
1789421874.278212,-42,52,-0.435554935809568,0.9426062596875963,0.7545228758169935,102.02789450067615,79.54716062079635,1
1789421874.314329,-43,85,-0.5750209470027264,1.2130616939467112,0.7297875816993464,101.45287355367343,80.76022231474306,1
1789421874.35138,-55,82,-0.88376875909405,0.7463468114971039,0.7641503267973856,100.56910479457937,81.50656912624017,1
1789421874.3874693,-57,59,-0.7977131624677066,0.2807609470569337,0.7601666666666667,99.77139163211167,81.7873300732971,1
1789421874.4227707,-62,34,-0.8907665312402986,0.019396464966862148,0.7525196078431372,98.88062510087137,81.80672653826396,1
1789421874.457921,-70,17,-1.013803246440515,-0.026453919429037742,0.7652058823529412,97.86682185443085,81.78027261883493,1
1789421874.4934037,-78,-9,-1.0928244139285281,-0.41740151119268065,0.7613856209150327,96.77399744050233,81.36287110764225,1
1789421874.5290158,-79,-30,-1.0040440241885258,-0.5774106653703914,0.748,95.7699534163138,80.78546044227186,1
1789421874.565464,-82,-43,-1.0612708750155797,-0.622260220221377,0.7353986928104576,94.70868254129822,80.16320022205048,1
1789421874.6024,-87,-43,-1.1375633219286208,-0.4754985809326172,0.7310915032679739,93.57111921936959,79.68770164111785,1
1789421874.6382072,-98,-32,-1.333314848537211,-0.2348215157531303,0.7254967320261438,92.23780437083238,79.45288012536473,1
1789421874.6738229,-110,-15,-1.4684662409125597,0.009538115796988933,0.7237875816993464,90.76933812991982,79.46241824116171,1
1789421874.7094142,-119,6,-1.516435165895191,0.2801866739138147,0.7203071895424836,89.25290296402463,79.74260491507553,1
1789421874.7457268,-128,31,-1.6039744620477654,0.6020051737660425,0.7137189542483661,87.64892850197687,80.34461008884158,1
1789421874.7819328,-147,56,-1.9324599880118827,0.8934822330750868,0.7001993464052287,85.71646851396498,81.23809232191667,1
1789421874.8196836,-158,76,-1.9256254426775918,1.0704521639830291,0.6835686274509803,83.7908430712874,82.3085444858997,1
1789421874.854746,-179,92,-2.2895890668154175,1.258365120058555,0.6668398692810458,81.50125400447197,83.56690960595826,1
1789421874.8897293,-182,99,-2.062836903383945,1.269410738997393,0.6676862745098039,79.43841710108804,84.83632034495565,1
1789421874.9246485,-188,94,-2.165934764792657,1.0684008985940692,0.673921568627451,77.27248233629538,85.90472124354972,1
1789421874.9594164,-177,70,-1.811842656263926,0.5548726437412146,0.7066503267973856,75.46063968003146,86.45959388729094,1
1789421874.9940865,-163,44,-1.6280942268679297,0.26504760660427307,0.7086830065359477,73.83254545316353,86.7246414938952,1
1789421875.0293288,-154,19,-1.6121612549274595,0.03502941793783304,0.7046143790849673,72.22038419823608,86.75967091183304,1
1789421875.0640066,-150,-3,-1.6433351481704146,0.0,0.7014738562091504,70.57704905006567,86.75967091183304,1
1789421875.1008704,-149,-21,-1.6762201721532295,-0.31952465434338806,0.6981764705882353,68.90082887791243,86.44014625748966,1
1789421875.1369665,-143,-38,-1.5468720469319803,-0.4729892174697317,0.7005065359477124,67.35395683098045,85.96715704001993,1
1789421875.1721826,-129,-53,-1.2912205115705948,-0.6377712485331253,0.7020098039215686,66.06273631940985,85.3293857914868,1
1789421875.2074711,-126,-59,-1.417493321442325,-0.6114747841141013,0.6885359477124183,64.64524299796753,84.71791100737269,1
1789421875.2428708,-121,-53,-1.3393740780903758,-0.4192363216391668,0.6905522875816994,63.305868919877156,84.29867468573353,1
1789421875.278665,-111,-44,-1.1702941803453422,-0.3197508480059519,0.6952843137254902,62.13557473953181,83.97892383772758,1
1789421875.3148656,-93,-36,-0.8811914472903677,-0.28103186933033675,0.6969509803921569,61.25438329224144,83.69789196839724,1
1789421875.3517606,-80,-31,-0.8239337660240886,-0.29666291128815714,0.7006797385620915,60.43044952621735,83.40122905710909,1
1789421875.3874078,-68,-29,-0.7117083798658527,-0.33704278676621885,0.7010196078431372,59.7187411463515,83.06418627034287,1
1789421875.4224355,-46,-20,-0.34609353780837954,-0.16066576062821403,0.7036307189542483,59.37264760854312,82.90352050971465,1
1789421875.4580798,-44,-9,-0.611953272215424,-0.03122290305568748,0.703532679738562,58.760694336327695,82.87229760665896,1
1789421875.492418,-40,4,-0.5427383136740935,0.0,0.7065588235294118,58.2179560226536,82.87229760665896,1
1789421875.5280714,-31,17,-0.3816116726753282,0.28401167812766226,0.7078104575163399,57.836344349978276,83.15630928478663,1
1789421875.5633535,-26,32,-0.38907359307359307,0.4834689419865326,0.7086503267973856,57.447270756904686,83.63977822677316,1
1789421875.5993814,-22,46,-0.36436709221739566,0.6384005545220082,0.7058856209150327,57.082903664687294,84.27817878129517,1
1789421875.6361508,-18,57,-0.3257827070487713,0.7453770484264142,0.699359477124183,56.75712095763852,85.02355582972159,1
1789421875.6723185,-15,51,-0.3085083887306109,0.4898692819317837,0.7099575163398693,56.44861256890791,85.51342511165338,1
1789421875.7078912,-16,31,-0.37405503652570204,0.11372547559771146,0.7226764705882353,56.07455753238221,85.6271505872511,1
1789421875.7429514,-14,7,-0.3114787670254796,-0.18248087410800426,0.7227549019607843,55.76307876535673,85.44466971314309,1
1789421875.7789843,-8,-13,-0.19670917178563868,-0.32717313420523964,0.7201209150326797,55.56636959357109,85.11749657893785,1
1789421875.8147812,5,-28,0.0,-0.4295707581860804,0.7223235294117647,55.56636959357109,84.68792582075177,1
1789421875.8502715,17,-39,0.16958276844138206,-0.5119569009877416,0.7159183006535947,55.73595236201247,84.17596891976403,1
1789421875.8865535,24,-45,0.17810053373219692,-0.5326704683589938,0.7103823529411765,55.91405289574467,83.64329845140503,1
1789421875.921255,34,-47,0.34932953351688656,-0.5314332169257643,0.7113758169934641,56.263382429261554,83.11186523447927,1
1789421875.9558659,42,-45,0.42986212384139744,-0.48487996525426535,0.713016339869281,56.69324455310295,82.626985269225,1
1789421875.9908516,48,-41,0.4936729543521582,-0.44528829963259864,0.7149575163398693,57.18691750745511,82.18169696959241,1
1789421876.0259352,52,-35,0.5414275276158002,-0.38151136105923744,0.7165588235294118,57.72834503507091,81.80018560853317,1
1789421876.0634294,54,-28,0.5715599400939415,-0.3245574228814311,0.7237091503267974,58.29990497516485,81.47562818565174,1
1789421876.0997784,58,-15,0.6820482106535535,-0.12011287491069272,0.7377385620915032,58.981953185818405,81.35551531074105,1
1789421876.1352892,53,8,0.5445054902768476,0.26038957259867,0.7446372549019608,59.52645867609525,81.61590488333972,1
1789421876.170857,45,37,0.4542412543267979,0.6607781060767777,0.7516470588235294,59.98069993042205,82.2766829894165,1
1789421876.2064326,48,72,0.6730368263090187,1.1462826413624159,0.7595686274509804,60.653736756731064,83.42296563077892,1
1789421876.2417567,47,108,0.6399202642679284,1.6001650413249657,0.7421830065359477,61.29365702099899,85.02313067210389,1
1789421876.2773652,42,116,0.5497389439828464,1.365579726719343,0.7398169934640523,61.84339596498184,86.38871039882324,1
1789421876.3134503,41,93,0.5961280204261175,0.7715128973573124,0.7625816993464052,62.43952398540795,87.16022329618055,1
1789421876.349325,38,66,0.5381899160669072,0.4834890583752802,0.7676045751633986,62.97771390147486,87.64371235455583,1
1789421876.385752,44,42,0.7222364174656393,0.2908262885620295,0.7687320261437909,63.699950318940495,87.93453864311786,1
1789421876.4200218,79,0,1.491765880068907,0.0,0.7806928104575164,65.1917161990094,87.93453864311786,1
1789421876.4544039,84,-23,1.1139908409012327,-0.5349395970878631,0.7796601307189542,66.30570703991064,87.39959904603,1
1789421876.488791,84,-44,1.04,-0.607169591275809,0.7771633986928105,67.34570703991065,86.7924294547542,1
1789421876.5229228,84,-63,1.04,-0.8131932596461575,0.7817091503267973,68.38570703991066,85.97923619510804,1
1789421876.5573437,79,-79,0.9172978388534899,-0.9816705473536869,0.7726209150326797,69.30300487876414,84.99756564775436,1
1789421876.59184,81,-81,1.0389605877316541,-0.8541053340398764,0.7706960784313726,70.3419654664958,84.14346031371448,1
1789421876.6267424,90,-76,1.2289452980358668,-0.7565385714003077,0.7748137254901961,71.57091076453166,83.38692174231417,1
1789421876.6619198,96,-71,1.2452749242665546,-0.7570499739730715,0.7720882352941176,72.81618568879821,82.6298717683411,1
1789421876.6968124,102,-61,1.3062605452763059,-0.6271148309688586,0.7799771241830066,74.12244623407452,82.00275693737224,1
1789421876.733079,105,-41,1.2913283496791061,-0.32478070341669485,0.7798202614379085,75.41377458375362,81.67797623395555,1
1789421876.7690253,107,-19,1.2977604855416345,-0.0842420623612446,0.7813823529411764,76.71153506929525,81.5937341715943,1
1789421876.804628,111,4,1.365232905574906,0.0,0.7813267973856209,78.07676797487015,81.5937341715943,1
1789421876.8390226,112,28,1.334800674698115,0.45490547949372373,0.7739183006535948,79.41156864956827,82.04863965108802,1
1789421876.8737283,114,37,1.3688115842475117,0.3645431206843339,0.7605228758169935,80.78038023381578,82.41318277177236,1
1789421876.9079578,113,29,1.3153910959715227,0.057865446216880445,0.7724575163398693,82.0957713297873,82.47104821798924,1
1789421876.9422817,103,12,1.0842662765890911,-0.23476029660685468,0.777983660130719,83.18003760637639,82.23628792138238,1
1789421876.9783041,92,-5,0.9698690459920474,0.0,0.772578431372549,84.14990665236843,82.23628792138238,1
1789421877.013253,85,-19,0.9479785950574042,-0.5424187748949413,0.768375816993464,85.09788524742584,81.69386914648744,1
1789421877.0484452,97,-33,1.3404124163709743,-0.6860627649610849,0.7763921568627451,86.43829766379682,81.00780638152636,1
1789421877.0836542,92,-63,1.0490443161748289,-1.255970466563302,0.7777581699346405,87.48734197997165,79.75183591496307,1
1789421877.1193554,87,-94,0.9999922553077848,-1.5741146791134972,0.7766928104575164,88.48733423527943,78.17772123584957,1
1789421877.1539807,85,-134,1.0211153991832462,-2.1175567841479452,0.7666339869281046,89.50844963446268,76.06016445170162,1
1789421877.188917,78,-142,0.8798658699626204,-1.7345053952047174,0.7725196078431372,90.3883155044253,74.3256590564969,1
1789421877.2236483,70,-147,0.7848383075698088,-1.7419750696703868,0.7774836601307189,91.1731538119951,72.58368398682651,1
1789421877.2593224,60,-142,0.6598244758002527,-1.5499216061057681,0.7730849673202614,91.83297828779536,71.03376238072074,1
1789421877.2954025,52,-112,0.6091231743262355,-0.9042283901665346,0.7759183006535948,92.4421014621216,70.12953399055421,1
1789421877.3317943,43,-62,0.5058763391007556,-0.13232801248671977,0.7870261437908497,92.94797780122235,69.99720597806748,1
1789421877.3704674,42,10,0.6071151442913229,0.8377655369173254,0.7933823529411764,93.55509294551368,70.83497151498482,1
1789421877.4063296,33,39,0.4044946837160127,0.6300746536952561,0.7800588235294118,93.95958762922969,71.46504616868008,1
1789421877.4415176,27,14,0.38476493300638104,-0.36962881409966697,0.7966699346405228,94.34435256223607,71.0954173545804,1
1789421877.4771023,22,-13,0.34972811408887733,-0.6731203009735329,0.7939346405228758,94.69408067632494,70.42229705360687,1
1789421877.513139,11,-23,0.1571423043282356,-0.5490562990671474,0.7933692810457517,94.85122298065318,69.87324075453972,1
1789421877.549052,7,-10,0.21433682143023033,-0.10643780825663349,0.7974705882352942,95.06555980208341,69.7668029462831,1
1789421877.5851657,18,13,0.5321288850493606,0.27024716304205065,0.7925653594771241,95.59768868713277,70.03705010932515,1
1789421877.6203618,13,-12,0.2589953073261239,-0.6615951816698049,0.8032124183006536,95.85668399445889,69.37545492765534,1
1789421877.6556056,14,-19,0.3541870086996523,-0.4891840825838675,0.8013039215686274,96.21087100315854,68.88627084507148,1
1789421877.6905396,19,-6,0.4615404820871796,-0.07393889180833565,0.8042254901960785,96.67241148524572,68.81233195326314,1
1789421877.7250102,25,-1,0.5355695176437786,0.0,0.8037908496732026,97.2079810028895,68.81233195326314,1
1789421877.7603588,21,-12,0.3524349592380116,-0.36297075727823785,0.806078431372549,97.56041596212751,68.4493611959849,1
1789421877.7957084,19,-13,0.36167293184842,-0.34416296016154196,0.8072026143790849,97.92208889397592,68.10519823582337,1
1789421877.8320498,15,-4,0.2959165855388285,0.0,0.806640522875817,98.21800547951476,68.10519823582337,1
1789421877.867854,10,-3,0.2301889455533216,0.0,0.8062418300653594,98.44819442506808,68.10519823582337,1
1789421877.903873,6,-8,0.20351904444489333,-0.25689608066065595,0.805156862745098,98.65171346951297,67.84830215516271,1
1789421877.9384036,2,-5,0.0,0.0,0.8052777777777778,98.65171346951297,67.84830215516271,1
1789421877.9724405,0,0,0.0,0.0,0.8034705882352942,98.65171346951297,67.84830215516271,1
1789421878.00636,-4,-4,0.0,0.0,0.8047875816993464,98.65171346951297,67.84830215516271,1
1789421878.040815,-7,-5,0.0634873344963899,0.0,0.8023921568627451,98.71520080400936,67.84830215516271,1
1789421878.0765467,-6,-1,0.13045109341597827,0.0,0.8018071895424836,98.84565189742534,67.84830215516271,1
1789421878.1112757,-5,-1,0.0,0.0,0.8027352941176471,98.84565189742534,67.84830215516271,1
1789421878.1463373,-6,-5,0.10808325767517091,0.0,0.8009705882352941,98.95373515510052,67.84830215516271,1
1789421878.1816125,-9,-1,0.02922121593273109,0.0,0.8011339869281046,98.98295637103325,67.84830215516271,1
1789421878.2170477,-14,4,-0.058706198544363514,0.0,0.7998562091503268,98.9242501724889,67.84830215516271,1
1789421878.2528758,-27,13,-0.321796044530237,0.050825955907562295,0.8001274509803922,98.60245412795867,67.89912811107027,1
1789421878.2880254,-37,22,-0.4054098016058144,0.2542034022778503,0.7992450980392157,98.19704432635285,68.15333151334812,1
1789421878.3232088,-49,29,-0.5882476077817358,0.3160875500336552,0.7965849673202614,97.60879671857111,68.46941906338178,1
1789421878.3580801,-62,34,-0.7773346738921052,0.362022616444054,0.7947712418300653,96.83146204467901,68.83144167982583,1
1789421878.3929336,-77,44,-1.0098640090997848,0.564477364844259,0.7895392156862745,95.82159803557923,69.3959190446701,1
1789421878.4276807,-93,52,-1.2494615928999486,0.6522385531413948,0.7841209150326798,94.57213644267928,70.0481575978115,1
1789421878.4647198,-108,58,-1.45212085304964,0.7211482386667419,0.7711274509803921,93.12001558962965,70.76930583647824,1
1789421878.5015275,-109,68,-1.3035515204776613,0.9258721588926244,0.7634738562091503,91.81646406915199,71.69517799537087,1
1789421878.5367582,-106,77,-1.2174095857026808,1.0621316815133646,0.7531895424836601,90.59905448344931,72.75730967688423,1
1789421878.572091,-105,74,-1.2358533768651683,0.8975532586695452,0.7526470588235294,89.36320110658414,73.65486293555378,1
1789421878.6073945,-108,67,-1.3224877327336453,0.7708559310587029,0.7484117647058823,88.0407133738505,74.42571886661248,1
1789421878.6423082,-119,68,-1.5475201742586155,0.8943200158416924,0.7481535947712419,86.49319319959187,75.32003888245417,1
1789421878.6774173,-125,72,-1.5355247339015536,0.9769649936506427,0.7331732026143791,84.95766846569032,76.29700387610481,1
1789421878.7131028,-129,63,-1.5460567209061444,0.703841184963371,0.7373823529411765,83.41161174478417,77.00084506106818,1
1789421878.7486823,-130,50,-1.514049010544368,0.5173028916066342,0.7237483660130719,81.8975627342398,77.51814795267481,1
1789421878.7853029,-134,49,-1.5945735401269907,0.6763536852790556,0.7177581699346405,80.30298919411281,78.19450163795386,1
1789421878.8214123,-147,53,-1.849888330968955,0.7853802195770864,0.6953856209150326,78.45310086314386,78.97988185753096,1
1789421878.8578355,-147,57,-1.67,0.8249093289346215,0.6906176470588236,76.78310086314386,79.80479118646558,1
1789421878.893825,-148,68,-1.6938938525649094,1.0328263032720095,0.6886307189542483,75.08920701057895,80.83761748973758,1
1789421878.929697,-155,76,-1.8479461031899065,1.07164639883943,0.6879934640522876,73.24126090738903,81.90926388857702,1
1789421878.9665473,-164,81,-1.9619558036752733,1.0777965926356965,0.6809640522875817,71.27930510371377,82.98706048121271,1
1789421879.003726,-172,85,-2.0273865533309436,1.103774507038642,0.6753300653594771,69.25191855038283,84.09083498825134,1
1789421879.039466,-175,90,-1.991969060817707,1.1699512344814245,0.6692777777777777,67.25994948956512,85.26078622273278,1
1789421879.0752287,-166,93,-1.7342010717427818,1.1719416419452686,0.676640522875817,65.52574841782233,86.43272786467804,1
1789421879.1112099,-157,86,-1.644902284642457,0.9627217642537176,0.6826666666666666,63.88084613317987,87.39544962893176,1
1789421879.1473124,-151,66,-1.6268462275559903,0.5829690492860069,0.7017254901960784,62.253999905623886,87.97841867821776,1
1789421879.1832259,-142,43,-1.4947844362623146,0.30986024809679624,0.7085163398692811,60.75921546936157,88.28827892631456,1
1789421879.2189128,-124,2,-1.192122714856062,0.0,0.6961143790849673,59.56709275450551,88.28827892631456,1
1789421879.2541716,-121,-19,-1.3667243587538949,-0.4538813448513853,0.6909575163398692,58.20036839575162,87.83439758146318,1
1789421879.2895646,-114,-39,-1.2410957305611514,-0.5271046010924918,0.6857124183006535,56.95927266519047,87.30729298037069,1
1789421879.3250456,-105,-52,-1.1231586863168082,-0.5946802892024428,0.6692581699346405,55.83611397887366,86.71261269116825,1
1789421879.3612444,-98,-56,-1.0832780940333122,-0.5472637690123509,0.6645032679738562,54.75283588484035,86.1653489221559,1
1789421879.3978148,-86,-54,-0.8955529591656702,-0.48411138426118033,0.6597287581699346,53.85728292567468,85.68123753789472,1
1789421879.434194,-80,-52,-0.9177436916559893,-0.5018698983352594,0.6606732026143791,52.93953923401869,85.17936763955946,1
1789421879.470304,-73,-52,-0.8330551751008737,-0.5668860197067261,0.6652941176470588,52.106484058917815,84.61248161985273,1
1789421879.5051696,-59,-51,-0.5891549769809075,-0.5781023727414123,0.6708398692810458,51.51732908193691,84.03437924711132,1
1789421879.53993,-43,-50,-0.3999371816056332,-0.6028275418323119,0.6690196078431373,51.11739190033127,83.431551705279,1
1789421879.5748754,-29,-37,-0.28973173992524076,-0.32708428694849334,0.666516339869281,50.82766016040603,83.10446741833051,1
1789421879.6096134,-20,-13,-0.2704413173899315,0.06334602285797669,0.6728496732026144,50.5572188430161,83.16781344118849,1
1789421879.6446571,-6,18,-0.060205999237846364,0.48287541371381315,0.6782908496732026,50.49701284377826,83.6506888549023,1
1789421879.6798275,8,56,0.08490027452502495,1.0003367759733384,0.6857058823529412,50.581913118303284,84.65102563087564,1
1789421879.7151737,16,101,0.09006761950811677,1.6179277417906026,0.688702614379085,50.6719807378114,86.26895337266625,1
1789421879.751376,21,133,0.1111458839884757,1.8393314335310884,0.7095555555555556,50.78312662179988,88.10828480619733,1
1789421879.7858796,17,156,-0.044043118380154005,2.068547669307509,0.7612777777777778,50.73908350341973,90.17683247550484,1
1789421879.8199716,20,158,0.10152714411446101,1.8093342844953597,0.7693464052287582,50.84061064753419,91.9861667600002,1
1789421879.853649,29,157,0.3006504368113518,1.7551560588901471,0.774859477124183,51.141261084345544,93.74132281889035,1
1789421879.8877192,41,154,0.49111590020855056,1.6959720917863916,0.7738300653594771,51.63237698455409,95.43729491067674,1
1789421879.9213262,56,149,0.7259609121778048,1.6155991371970255,0.7710849673202614,52.358337896731896,97.05289404787376,1
1789421879.9553654,64,135,0.743647550052196,1.3443723832669157,0.7736339869281046,53.10198544678409,98.39726643114068,1
1789421879.988662,65,110,0.694509453427973,0.9245457995860815,0.7835751633986928,53.79649490021207,99.32181223072676,1
1789421880.022466,64,86,0.6979746459736459,0.7050518476727786,0.7887418300653595,54.49446954618571,100.02686407839954,1
1789421880.0563877,52,66,0.4511431656864392,0.5651787496661185,0.7993104575163399,54.94561271187215,100.59204282806566,1
1789421880.089706,32,48,0.14931520446044344,0.4099263371776893,0.7990718954248366,55.094927916332594,101.00196916524335,1
1789421880.1231604,22,34,0.2146191268080157,0.3307585823528154,0.800718954248366,55.30954704314061,101.33272774759617,1
1789421880.1565995,18,27,0.27629080730664196,0.365317369539484,0.8006437908496732,55.585837850447255,101.69804511713565,1
1789421880.1899347,18,23,0.3481252479553223,0.37000509218863986,0.8030555555555555,55.93396309840258,102.06805020932428,1
1789421880.2251668,19,21,0.38570518671354537,0.3816140768814294,0.8060392156862745,56.31966828511612,102.44966428620572,1
1789421880.259137,20,20,0.40981759985302707,0.38528417654901415,0.8056666666666666,56.72948588496915,102.83494846275474,1
1789421880.2922654,17,17,0.3247064447388124,0.32471492118332973,0.8142026143790849,57.054192329707966,103.15966338393807,1
1789421880.3243132,12,4,0.2434336619204089,0.0,0.8248071895424837,57.29762599162837,103.15966338393807,1
1789421880.357564,8,-14,0.2187563206810201,-0.19563884608673207,0.8342679738562091,57.51638231230939,102.96402453785133,1
1789421880.3900716,3,-38,0.0,-0.5928408937014351,0.8386111111111111,57.51638231230939,102.3711836441499,1
1789421880.4250486,0,-54,0.0,-0.6494373109946271,0.8434607843137255,57.51638231230939,101.72174633315527,1
1789421880.458161,-4,-57,0.0,-0.5337636159195217,0.8488823529411764,57.51638231230939,101.18798271723574,1
1789421880.4908664,-1,-56,0.0,-0.4998125817757966,0.8709705882352942,57.51638231230939,100.68817013545994,1
1789421880.523847,14,-48,0.3580421382872252,-0.34574854776333624,0.919359477124183,57.874424450596614,100.3424215876966,1
1789421880.5563595,16,-26,0.39075972630668027,0.07462757857773927,0.9395261437908496,58.2651841769033,100.41704916627434,1
1789421880.5889835,12,-15,0.258699034660158,0.005084859981577289,0.9472941176470588,58.52388321156346,100.42213402625592,1
1789421880.6198516,12,-15,0.32,-0.17276987075805664,0.9472941176470588,58.84388321156346,100.24936415549786,0
1789421880.650282,12,-15,0.32,-0.18189846515655517,0.9472941176470588,59.16388321156346,100.06746569034131,0
1789421880.6812546,12,-15,0.32,-0.19118441581726073,0.9472941176470588,59.48388321156346,99.87628127452405,0
1789421880.71255,12,-15,0.32,-0.20057264804840086,0.9472941176470588,59.80388321156346,99.67570862647564,0
1789421880.7464435,12,-15,0.32,-0.2107348585128784,0.9472941176470588,60.12388321156346,99.46497376796276,0
1789421880.7795339,12,-15,0.32,-0.22066067695617675,0.9472941176470588,60.44388321156346,99.24431309100659,0
1789421880.8153777,8,15,0.22461831793964443,0.5082599708090407,0.9836666666666667,60.668501529503104,99.75257306181562,1
1789421880.8480387,7,7,0.2546948906387979,-0.10777573429777484,0.9814640522875817,60.9231964201419,99.64479732751785,1
1789421880.881388,-8,-19,-0.110503364792686,-0.6478176050082318,0.9581307189542484,60.812693055349214,98.99697972250962,1
1789421880.9148085,-23,-36,-0.27485478381563744,-0.7063891376538358,0.9164509803921569,60.53783827153358,98.29059058485579,1
1789421880.9483678,-28,-44,-0.19402230037757467,-0.6807943617585921,0.8900555555555556,60.343815971156005,97.6097962230972,1
1789421880.9819748,-27,-53,-0.1127883712909925,-0.8211189983888124,0.8706013071895424,60.231027599865016,96.7886772247084,1
1789421881.0161424,-26,-60,-0.1207968602019175,-0.900642929270268,0.8428823529411764,60.110230739663095,95.88803429543813,1
1789421881.049567,-16,-72,0.10349044265285781,-1.0995314713750668,0.8464967320261438,60.21372118231595,94.78850282406306,1
1789421881.0831466,-7,-69,0.17326913514431286,-0.8453116027985937,0.8360130718954248,60.38699031746026,93.94319122126447,1
1789421881.1168623,0,-68,0.0,-0.865151960124893,0.8209640522875817,60.38699031746026,93.07803926113958,1
1789421881.1509776,12,-77,0.38541627521855804,-1.101650714599594,0.8101078431372549,60.77240659267882,91.97638854653998,1
1789421881.185066,24,-87,0.5577821495398356,-1.216649883919331,0.7977614379084967,61.33018874221865,90.75973866262065,1
1789421881.2198417,38,-84,0.7495657035716898,-0.9968664747017688,0.7877516339869282,62.07975444579034,89.76287218791887,1
1789421881.253729,55,-84,1.0007902108232447,-1.04,0.7797418300653595,63.08054465661359,88.72287218791887,1
1789421881.28756,71,-90,1.146485340550293,-1.1886745031712476,0.7665653594771242,64.22702999716388,87.53419768474762,1
1789421881.3215306,78,-99,1.0830259458624876,-1.3224637896790583,0.7496732026143791,65.31005594302637,86.21173389506856,1
1789421881.3554726,79,-105,1.0047372297140609,-1.338391699565871,0.7342483660130719,66.31479317274044,84.87334219550269,1
1789421881.3896067,80,-110,1.014644302613019,-1.3732378783857404,0.726392156862745,67.32943747535346,83.50010431711695,1
1789421881.4238617,79,-110,0.9754023833389018,-1.3,0.7214117647058823,68.30483985869236,82.20010431711695,1
1789421881.4581041,78,-105,0.965402281728768,-1.1769992133055787,0.7168660130718955,69.27024214042113,81.02310510381137,1
1789421881.4920654,79,-97,1.0047221251114433,-1.052217211215793,0.7164771241830066,70.27496426553257,79.97088789259558,1
1789421881.5265427,82,-84,1.0635289445463036,-0.8513941473538569,0.717562091503268,71.33849321007888,79.11949374524173,1
1789421881.562285,78,-68,0.9239192945628121,-0.6560021362100964,0.7262091503267973,72.26241250464169,78.46349160903164,1
1789421881.5981867,71,-52,0.8126869423416018,-0.49731329970799043,0.7294084967320261,73.07509944698329,77.96617830932364,1
1789421881.6336312,63,-32,0.7172006185497698,-0.2379693110450652,0.7363104575163398,73.79230006553306,77.72820899827857,1
1789421881.6688697,54,-10,0.6122693970913669,0.012209234183939266,0.7385196078431373,74.40456946262442,77.74041823246252,1
1789421881.7039058,44,7,0.4973006811238203,0.11747000444948422,0.7310032679738562,74.90187014374824,77.857888236912,1
1789421881.7384787,40,5,0.5431488946419617,0.0,0.7355032679738562,75.4450190383902,77.857888236912,1
1789421881.7739518,34,-16,0.4539365137991177,-0.5242019805890022,0.7497941176470588,75.89895555218932,77.333686256323,1
1789421881.8096154,26,-34,0.3478858089866617,-0.7922839040821237,0.7484607843137255,76.24684136117598,76.54140235224088,1
1789421881.8448474,29,-44,0.5325886844563584,-0.7819392216582064,0.7493235294117647,76.77943004563234,75.75946313058267,1
1789421881.8825653,38,-49,0.699387752778428,-0.7563017856239567,0.7565490196078432,77.47881779841077,75.00316134495871,1
1789421881.9175458,33,-60,0.458628000844014,-0.9571349790202169,0.7614019607843138,77.93744579925479,74.0460263659385,1
1789421881.9526796,24,-56,0.31190183449502185,-0.7030674819977875,0.7652058823529412,78.2493476337498,73.34295888394071,1
1789421881.98733,16,-38,0.24459908379304177,-0.32029077399380806,0.7768202614379085,78.49394671754285,73.0226681099469,1
1789421882.0211048,4,-7,0.0,0.18981067700229154,0.7844640522875816,78.49394671754285,73.21247878694919,1
1789421882.055637,-7,17,-0.047951211759261675,0.3286377314301905,0.7725849673202614,78.4459955057836,73.54111651837938,1
1789421882.0905063,-17,26,-0.1348088075887522,0.2189448323126187,0.7677254901960784,78.31118669819485,73.760061350692,1
1789421882.1253805,-30,31,-0.32878770104806526,0.23319806297581294,0.7698921568627451,77.98239899714677,73.99325941366781,1
1789421882.161788,-39,41,-0.38452036549039226,0.4288489815089185,0.7600849673202614,77.59787863165639,74.42210839517674,1
1789421882.197369,-43,49,-0.3874672923847461,0.5185635539814669,0.7600915032679738,77.21041133927164,74.9406719491582,1
1789421882.2334125,-51,57,-0.5589808984877044,0.6382629421780097,0.7616535947712418,76.65143044078394,75.57893489133622,1
1789421882.2691858,-59,71,-0.6820795717943128,0.9138374533359215,0.7611013071895425,75.96935086898962,76.49277234467213,1
1789421882.304866,-66,93,-0.7855157558315133,1.3127997604747417,0.7629346405228759,75.18383511315811,77.80557210514688,1
1789421882.3398006,-76,113,-0.9836266407457155,1.5696704666522496,0.757173202614379,74.2002084724124,79.37524257179913,1
1789421882.3758636,-86,123,-1.1412058174020694,1.5686473442726996,0.7530686274509804,73.05900265501033,80.94388991607184,1
1789421882.4108331,-92,130,-1.2057888772984804,1.6000774710778733,0.752375816993464,71.85321377771186,82.5439673871497,1
1789421882.4459565,-90,140,-1.0715113124630673,1.7424269919317597,0.7706045751633986,70.78170246524878,84.28639437908147,1
1789421882.4817755,-88,148,-1.0520848707504726,1.791678355566206,0.7992418300653594,69.72961759449831,86.07807273464768,1
1789421882.5159867,-78,155,-0.8337856794255037,1.852298671795515,0.8473725490196078,68.8958319150728,87.93037140644319,1
1789421882.550555,-68,154,-0.7355760013222413,1.7255451569101825,0.8664738562091503,68.16025591375056,89.65591656335337,1
1789421882.585145,-59,150,-0.6598848882178976,1.6421698654312817,0.8676895424836601,67.50037102553266,91.29808642878466,1
1789421882.6192808,-52,143,-0.6174870183377327,1.5274855865921786,0.8552745098039216,66.88288400719493,92.82557201537684,1
1789421882.653043,-43,127,-0.49669796809119227,1.23301526248508,0.8595555555555555,66.38618603910373,94.05858727786192,1
1789421882.6871486,-33,106,-0.3833777992183513,0.9521385789782737,0.8743954248366013,66.00280823988538,95.0107258568402,1
1789421882.7207417,-27,79,-0.38065113009394375,0.5881269854788571,0.8915686274509804,65.62215710979144,95.59885284231905,1
1789421882.7539747,-27,54,-0.47000000000000003,0.36392367835879774,0.904781045751634,65.15215710979145,95.96277652067785,1
1789421882.7870429,-30,32,-0.5453549410305949,0.1873539344475047,0.9170784313725491,64.60680216876085,96.15013045512535,1
1789421882.8204172,-28,22,-0.4500310528384124,0.2701659700639446,0.9287418300653595,64.15677111592244,96.42029642518929,1
1789421882.8534763,-25,22,-0.4046309952189684,0.42000000000000004,0.9374869281045751,63.75214012070347,96.8402964251893,1
1789421882.8866363,-14,38,-0.17413856374565015,0.8212824897351637,0.9478692810457516,63.57800155695782,97.66157891492446,1
1789421882.9194722,-5,51,0.0,0.9083367719594349,0.9452843137254902,63.57800155695782,98.5699156868839,1
1789421882.9517276,-3,53,0.0,0.7610039251051499,0.9399934640522876,63.57800155695782,99.33091961198905,1
1789421882.9847667,1,49,0.0,0.6294293718816113,0.9357058823529412,63.57800155695782,99.96034898387066,1
1789421883.0173726,4,34,0.0,0.31018016043483987,0.937562091503268,63.57800155695782,100.2705291443055,1
1789421883.0506177,6,11,-0.059339655370302,-0.03533872688350648,0.934954248366013,63.51866190158752,100.23519041742199,1
1789421883.0832305,4,-12,0.0,-0.28109334342861936,0.9296437908496732,63.51866190158752,99.95409707399337,1
1789421883.1155474,0,-31,0.0,-0.43222147805958255,0.9292058823529412,63.51866190158752,99.52187559593378,1
1789421883.1476662,0,-45,0.0,-0.524546357277209,0.9242124183006536,63.51866190158752,98.99732923865658,1
1789421883.1797378,0,-55,0.0,-0.5979522580707682,0.9164738562091503,63.51866190158752,98.39937698058581,1
1789421883.2128818,-1,-58,0.0,-0.5557184706884923,0.9145718954248366,63.51866190158752,97.84365850989732,1
1789421883.2457757,-2,-52,0.0,-0.39342814849971014,0.919062091503268,63.51866190158752,97.45023036139762,1
1789421883.2791486,-4,-32,0.0,-0.00646479808065159,0.9233006535947712,63.51866190158752,97.44376556331696,1
1789421883.3125806,-5,-11,0.0,0.21053833407406178,0.9208790849673203,63.51866190158752,97.65430389739102,1
1789421883.3457055,-6,1,-0.2802943156003461,0.0,0.9178169934640523,63.23836758598718,97.65430389739102,1
1789421883.3796244,-6,10,-0.26,0.27651276521590745,0.9183660130718955,62.97836758598718,97.93081666260693,1
1789421883.4132118,-7,12,-0.2848832350415523,0.17786622235915234,0.9179509803921568,62.693484350945624,98.10868288496609,1
1789421883.4456637,-3,10,0.0,0.10367765481761074,0.921016339869281,62.693484350945624,98.2123605397837,1
1789421883.4790788,-2,7,0.0,0.06435682472037113,0.919264705882353,62.693484350945624,98.27671736450408,1
1789421883.5122187,-1,8,0.0,0.13963698932830362,0.920421568627451,62.693484350945624,98.41635435383239,1
1789421883.5454957,-2,7,0.0,0.10418948078395962,0.9205424836601307,62.693484350945624,98.52054383461635,1
1789421883.5789528,-3,6,0.0,0.098270317644717,0.9205915032679739,62.693484350945624,98.61881415226107,1
1789421883.612329,-4,6,0.0,0.11722965717315674,0.921578431372549,62.693484350945624,98.73604380943422,1
1789421883.6453567,-5,6,0.0,0.12119246006011963,0.9221470588235294,62.693484350945624,98.85723626949434,1
1789421883.679688,-6,7,-0.2581235990644623,0.15054072170391444,0.9220065359477124,62.43536075188116,99.00777699119826,1
1789421883.712964,-7,7,-0.28501806046891337,0.14066971302032472,0.9206928104575164,62.15034269141225,99.14844670421859,1
1789421883.7462208,-7,7,-0.27,0.1453268623352051,0.922235294117647,61.880342691412245,99.2937735665538,1
1789421883.7789485,-1,8,0.0,0.17586959250976464,0.9253366013071895,61.880342691412245,99.46964315906357,1
1789421883.8133059,6,10,-0.035047413191600194,0.21647558076756848,0.9260065359477124,61.84529527822065,99.68611873983113,1
1789421883.846915,11,8,-0.00019027906887701673,0.143061045958669,0.925078431372549,61.84510499915177,99.8291797857898,1
1789421883.8801935,11,-5,-0.06709830284118652,0.0,0.9291895424836601,61.778006696310584,99.8291797857898,1
1789421883.9134893,13,-26,-0.008008379691635377,-0.4571322808970133,0.9308627450980392,61.769998316618945,99.37204750489279,1
1789421883.9470994,11,-46,-0.0809745560968984,-0.7303248904021482,0.9313431372549019,61.68902376052205,98.64172261449065,1
1789421883.980176,9,-62,-0.0954695041387035,-0.8755555046981851,0.9322156862745098,61.59355425638334,97.76616710979246,1
1789421884.0131383,7,-64,-0.11100697585475455,-0.7262730596218367,0.933781045751634,61.482547280528586,97.03989405017063,1
1789421884.0459173,8,-41,-0.05014636967757959,-0.14199329467280813,0.9404052287581699,61.43240091085101,96.89790075549783,1
1789421884.0783982,16,-4,0.14600420420538976,0.0,0.9551437908496732,61.5784051150564,96.89790075549783,1
1789421884.1121688,18,14,0.08730617703126628,0.49085458691757455,0.9621241830065359,61.665711292087664,97.38875534241541,1
1789421884.1456358,18,23,0.06918591499328612,0.3155743505468586,0.9658071895424837,61.73489720708095,97.70432969296226,1
1789421884.1790771,17,27,0.05559875874246882,0.29901362008486965,0.9663660130718954,61.79049596582342,98.00334331304713,1
1789421884.2125041,17,25,0.0819098711013794,0.20597523038472465,0.9651470588235294,61.8724058369248,98.20931854343185,1
1789421884.245576,17,24,0.0931678056716919,0.22668500522919222,0.9634901960784313,61.96557364259649,98.43600354866103,1
1789421884.2793272,17,24,0.1046334218978882,0.2579851818084717,0.9634575163398693,62.070207064494376,98.6939887304695,1
1789421884.3127885,17,25,0.11601059913635256,0.29965869832786757,0.9652254901960784,62.18621766363073,98.99364742879737,1
1789421884.3458643,18,27,0.1530328788125242,0.3528133096582544,0.9669444444444445,62.33925054244325,99.34646073845563,1
1789421884.3791378,18,26,0.14989075660705564,0.31483258698422534,0.9674771241830066,62.48914129905031,99.66129332543986,1
1789421884.4124336,18,26,0.16189186096191405,0.3471991539001465,0.967532679738562,62.651033160012226,100.00849247934,1
1789421884.445551,18,23,0.173812198638916,0.2871290946538547,0.9678398692810457,62.82484535865114,100.29562157399386,1
1789421884.4787953,21,7,0.26289525460748575,-0.06356810632173923,0.9703006535947712,63.087740613258624,100.23205346767212,1
1789421884.511843,22,-19,0.25744525028151294,-0.4887403380280284,0.9684640522875817,63.34518586354014,99.7433131296441,1
1789421884.5449839,17,-43,0.1281449448720044,-0.7260590158421896,0.9686307189542483,63.47333080841214,99.0172541138019,1
1789421884.57896,8,-58,-0.013496458982428516,-0.7742048786582769,0.969859477124183,63.45983434942971,98.24304923514362,1
1789421884.6114342,-3,-55,0.0,-0.5127773940819712,0.9689477124183007,63.45983434942971,97.73027184106165,1
1789421884.645029,-8,-34,-0.17260159972137895,-0.059969753470277665,0.9649019607843137,63.28723274970833,97.67030208759137,1
1789421884.6784596,-6,-13,-0.00565603769119909,0.14343537328819794,0.961218954248366,63.281576712017134,97.81373746087957,1
1789421884.7111015,-9,-2,-0.11666478343037782,0.0,0.9603758169934641,63.164911928586754,97.81373746087957,1
1789421884.7450504,-13,6,-0.1802275971634123,0.1700554287327304,0.9534705882352941,62.984684331423345,97.98379288961229,1
1789421884.779807,-16,13,-0.20450300281317538,0.20708664083206457,0.9466470588235294,62.78018132861017,98.19087953044435,1
1789421884.8126926,-18,5,-0.22325064326903765,0.0,0.9368856209150327,62.55693068534113,98.19087953044435,1
1789421884.8452997,-17,0,-0.17914793831313744,0.0,0.925437908496732,62.37778274702799,98.19087953044435,1
1789421884.8782005,-18,0,-0.23151871800114898,0.0,0.911578431372549,62.146264029026845,98.19087953044435,1
1789421884.9172084,-21,0,-0.3011495421769439,0.0,0.8987581699346405,61.8451144868499,98.19087953044435,1
1789421884.950344,-18,-1,-0.19937577347524607,0.0,0.8909281045751634,61.645738713374655,98.19087953044435,1
1789421884.9834325,-10,-3,-0.05035631052715539,0.0,0.8834117647058823,61.5953824028475,98.19087953044435,1
1789421885.0158386,-2,-1,0.0,0.0,0.8789901960784313,61.5953824028475,98.19087953044435,1
1789421885.0485578,8,1,0.15737478948923303,0.0,0.877421568627451,61.75275719233673,98.19087953044435,1
1789421885.081228,13,1,0.1541661596220621,0.0,0.8715882352941177,61.906923351958795,98.19087953044435,1
1789421885.1139405,13,0,0.08614951610565186,0.0,0.8695718954248366,61.993072868064445,98.19087953044435,1
1789421885.1466925,12,0,0.0687452940767832,0.0,0.872375816993464,62.06181816214123,98.19087953044435,1
1789421885.1794028,12,2,0.09185767650604247,0.0,0.8723039215686275,62.153675838647274,98.19087953044435,1
1789421885.2122762,11,0,0.07388190643772151,0.0,0.8714607843137255,62.227557745084994,98.19087953044435,1
1789421885.2455223,11,-1,0.09640311241149903,0.0,0.8687875816993464,62.323960857496495,98.19087953044435,1
1789421885.2785864,10,1,0.07790101634696542,0.0,0.8682222222222222,62.40186187384346,98.19087953044435,1
1789421885.311475,11,1,0.12545408046765485,0.0,0.8685490196078431,62.52731595431111,98.19087953044435,1
1789421885.3447883,12,0,0.14326377191546377,0.0,0.8672941176470588,62.67057972622658,98.19087953044435,1
1789421885.3780572,12,0,0.13623705863952637,0.0,0.8672679738562091,62.8068167848661,98.19087953044435,1
1789421885.4117255,13,2,0.16984335643659093,0.0,0.8680980392156863,62.976660141302695,98.19087953044435,1
1789421885.4448948,14,2,0.18938775770722135,0.0,0.870140522875817,63.16604789900992,98.19087953044435,1
1789421885.4778547,8,1,0.029121112626070908,0.0,0.8749934640522876,63.19516901163599,98.19087953044435,1
1789421885.511381,6,2,0.07371406235744064,0.0,0.8824869281045752,63.26888307399343,98.19087953044435,1
1789421885.5444021,8,3,0.15911135939822518,0.0,0.889983660130719,63.42799443339165,98.19087953044435,1
1789421885.5795105,8,2,0.13444692611694337,0.0,0.8952189542483661,63.5624413595086,98.19087953044435,1
1789421885.6124954,7,1,0.11390282987068033,0.0,0.8988562091503268,63.67634418937928,98.19087953044435,1
1789421885.64464,5,1,0.0,0.0,0.9013627450980393,63.67634418937928,98.19087953044435,1
1789421885.6768868,2,2,0.0,0.0,0.8982450980392157,63.67634418937928,98.19087953044435,1
1789421885.7102475,-1,0,0.0,0.0,0.8903888888888889,63.67634418937928,98.19087953044435,1
1789421885.743556,-3,-1,0.0,0.0,0.879781045751634,63.67634418937928,98.19087953044435,1
1789421885.778035,-6,-3,-0.060065215223250965,0.0,0.8697156862745098,63.616278974156025,98.19087953044435,1
1789421885.8132584,-26,-6,-0.5278278661922671,-0.21679929022844316,0.8973104575163399,63.088451107963756,97.97408024021591,1
1789421885.8463275,-43,13,-0.6942563078237538,0.2782541389392109,0.9427875816993464,62.39419480014,98.25233437915513,1
1789421885.8792655,-47,46,-0.5689135620650178,0.8522527886090826,0.9698006535947712,61.82528123807498,99.10458716776421,1
1789421885.913028,29,-41,1.396754416606762,-1.8348406929870587,0.9780228758169934,63.22203565468174,97.26974647477715,1
1789421885.946171,18,-22,0.007309603126626679,-0.08434183517623278,0.9556928104575163,63.22934525780837,97.18540463960092,1
1789421885.979018,-5,10,0.0,0.4439167434824612,0.9022385620915032,63.22934525780837,97.62932138308338,1
1789421886.0112898,-3,5,0.0,0.0,0.8819771241830066,63.22934525780837,97.62932138308338,1
1789421886.0441296,3,7,0.0,-0.08833679722720486,0.9079967320261438,63.22934525780837,97.54098458585618,1
1789421886.07769,28,-12,0.38499491405229735,-0.5457023321878692,0.9523954248366013,63.61434017186067,96.99528225366831,1
1789421886.110931,29,-11,0.3913112027434948,-0.2456494667350818,0.9528496732026144,64.00565137460416,96.74963278693322,1
1789421886.1442554,30,-13,0.421262584032913,-0.31936590521453173,0.9470915032679739,64.42691395863707,96.4302668817187,1
1789421886.1776335,26,-15,0.32373365533273174,-0.3493260486363582,0.9441274509803922,64.7506476139698,96.08094083308234,1
1789421886.2106612,21,-3,0.27339467353144187,0.0,0.9320032679738562,65.02404228750125,96.08094083308234,1
1789421886.2436972,18,5,0.28423106031483925,0.0,0.9249509803921568,65.30827334781608,96.08094083308234,1
1789421886.2780044,3,17,0.0,0.194278273974751,0.918235294117647,65.30827334781608,96.27521910705708,1
1789421886.3115187,-7,19,-0.11580679635389524,0.09726214467034697,0.9088562091503268,65.19246655146219,96.37248125172744,1
1789421886.345404,-9,19,0.014606436235732056,0.08036367416381836,0.9108954248366014,65.20707298769793,96.45284492589126,1
1789421886.379204,-23,20,-0.31847697782923723,0.1186768118031922,0.8850653594771242,64.88859600986869,96.57152173769445,1
1789421886.4128692,-26,19,-0.20348273660986974,0.09182334307982677,0.8812712418300653,64.68511327325882,96.66334508077428,1
1789421886.4464176,-28,23,-0.22750987335313472,0.22170726244005842,0.8729183006535948,64.4576033999057,96.88505234321434,1
1789421886.48016,-31,26,-0.29309337604840696,0.2541223333422871,0.8595326797385621,64.16451002385729,97.13917467655662,1
1789421886.5138092,-32,28,-0.2950211115489463,0.27821652703115574,0.8527516339869281,63.86948891230834,97.41739120358778,1
1789421886.547325,-32,28,-0.30161577701568604,0.2672618293762207,0.8514183006535948,63.56787313529266,97.68465303296401,1
1789421886.580833,-31,28,-0.2974700096902311,0.2860304832458496,0.8575915032679738,63.27040312560243,97.97068351620986,1
1789421886.6142924,-31,30,-0.33312645435333255,0.3559925242183485,0.8586372549019607,62.937276671249094,98.32667604042821,1
1789421886.647621,-31,30,-0.3537945795059204,0.3461101245880127,0.8585359477124183,62.58348209174317,98.67278616501622,1
1789421886.681121,-25,31,-0.22100430516199376,0.39180208430177177,0.864421568627451,62.36247778658118,99.06458824931799,1
1789421886.7144983,-12,32,0.006036386547974393,0.4232138187163706,0.8614575163398693,62.36851417312916,99.48780206803437,1
1789421886.7474036,-3,30,0.0,0.37748676906492173,0.8608856209150327,62.36851417312916,99.86528883709929,1
1789421886.7806532,9,17,0.19209973837815572,0.09416283629386987,0.8725392156862745,62.56061391150731,99.95945167339316,1
1789421886.8141184,24,-7,0.42340496259263966,-0.31393364169832194,0.8756111111111111,62.98401887409995,99.64551803169483,1
1789421886.8470187,25,-36,0.24106132308311926,-0.7098952330519981,0.8722712418300653,63.22508019718307,98.93562279864284,1
1789421886.8802347,16,-59,0.010971161586869449,-0.8845465751634407,0.8661503267973856,63.236051358769934,98.0510762234794,1
1789421886.9133832,7,-63,-0.07463798510829957,-0.6803870471897868,0.8715130718954248,63.16141337366164,97.37068917628962,1
1789421886.946363,1,-47,0.0,-0.24781132130674668,0.8926764705882353,63.16141337366164,97.12287785498287,1
1789421886.9790466,1,-19,0.0,0.20496554974923287,0.8991339869281045,63.16141337366164,97.3278434047321,1
1789421887.0124278,11,6,0.14310913575479342,0.40431657616161565,0.8843888888888889,63.30452250941643,97.73215998089373,1
1789421887.046045,9,18,0.07922995816063104,0.3411084269289064,0.8847026143790849,63.38375246757706,98.07326840782264,1
1789421887.0790157,2,29,0.0,0.45901815168366866,0.8971535947712418,63.38375246757706,98.5322865595063,1
1789421887.1117568,0,24,0.0,0.18117061418341684,0.9023954248366013,63.38375246757706,98.71345717368972,1
1789421887.1445978,-1,22,0.0,0.22150076694354753,0.905843137254902,63.38375246757706,98.93495794063327,1
1789421887.178256,20,22,0.3134547663281518,0.26679316997528074,0.8559901960784314,63.69720723390521,99.20175111060855,1
1789421887.212508,16,24,0.18435118016113153,0.33243317450580095,0.8547254901960785,63.88155841406634,99.53418428511435,1
1789421887.246295,12,22,0.15175736613141422,0.26851357401676434,0.8555294117647059,64.03331578019775,99.80269785913111,1
1789421887.2799747,12,20,0.2189942455291748,0.2618649602761696,0.8581470588235294,64.25231002572693,100.06456281940729,1
1789421887.313399,10,10,0.17578745318705122,0.04873455631712373,0.8638464052287582,64.42809747891398,100.11329737572441,1
1789421887.3471322,6,-13,0.11044440742493755,-0.3813651592082413,0.8665490196078431,64.53854188633892,99.73193221651617,1
1789421887.3799727,-4,-37,0.0,-0.6710753404341699,0.8657156862745098,64.53854188633892,99.060856876082,1
1789421887.4133666,-5,-56,0.0,-0.8165454938845318,0.860313725490196,64.53854188633892,98.24431138219747,1
1789421887.446917,-7,-65,-0.0393693025910378,-0.7997449293180228,0.8521339869281046,64.49917258374788,97.44456645287944,1
1789421887.4806633,-9,-56,-0.02994013469237696,-0.4803133868747459,0.8601307189542484,64.4692324490555,96.9642530660047,1
1789421887.5137727,-9,-31,-0.006275424957275386,-0.0067326486427298216,0.8569248366013071,64.46295702409822,96.95752041736198,1
1789421887.5471363,-9,-13,-0.012283015251159657,0.056906600903662174,0.8571993464052288,64.45067400884706,97.01442701826564,1
1789421887.5797193,-12,-3,-0.09546863228323924,0.0,0.8635653594771242,64.35520537656382,97.01442701826564,1
1789421887.613122,-13,7,-0.08401254817407394,0.14790707875568154,0.8568300653594771,64.27119282838974,97.16233409702131,1
1789421887.6467323,-9,11,0.02466136227038864,0.10326315011423523,0.838359477124183,64.29585419066014,97.26559724713555,1
1789421887.6796536,-10,4,-0.06644569567820936,0.0,0.8398006535947713,64.22940849498193,97.26559724713555,1
1789421887.712486,-12,-1,-0.10987450177180288,0.0,0.8343986928104575,64.11953399321013,97.26559724713555,1
1789421887.7483711,-14,-3,-0.13731807417342284,0.0,0.8292712418300654,63.982215919036705,97.26559724713555,1
1789421887.7817347,-16,-7,-0.17046379685354382,-0.22180478985438495,0.8273431372549019,63.81175212218316,97.04379245728116,1
1789421887.8153787,-16,-15,-0.15070101737976074,-0.36416792738199666,0.8276143790849673,63.6610511048034,96.67962452989916,1
1789421887.8491926,-19,-24,-0.23793183207145016,-0.4845627462947353,0.8242712418300654,63.423119272731945,96.19506178360442,1
1789421887.8831902,-23,-32,-0.3079313267644009,-0.5707934012923412,0.8196862745098039,63.11518794596754,95.62426838231208,1
1789421887.9172122,-25,-42,-0.31561434102416186,-0.7287803305216816,0.8147581699346406,62.799573604943376,94.8954880517904,1
1789421887.9513228,-27,-50,-0.3539490678571869,-0.8131695377364982,0.8139705882352941,62.44562453708619,94.0823185140539,1
1789421887.9852238,-31,-57,-0.4446653694618295,-0.8732542096304529,0.8095326797385621,62.00095916762436,93.20906430442344,1
1789421888.019616,-30,-64,-0.381757208271137,-0.9417653860551528,0.8103464052287581,61.61920195935322,92.26729891836828,1
1789421888.053276,-21,-67,-0.18670443087460964,-0.914566206940519,0.8018333333333333,61.432497528478606,91.35273271142776,1
1789421888.0873194,-12,-64,-0.10645282963442848,-0.795941567809073,0.802702614379085,61.32604469884418,90.5567911436187,1
1789421888.1210175,1,-61,0.0,-0.765405678966842,0.7966568627450981,61.32604469884418,89.79138546465185,1
1789421888.154861,11,-64,0.17652422635232173,-0.8842415352268174,0.7912483660130719,61.5025689251965,88.90714392942503,1
1789421888.1887484,12,-71,0.039152208034781956,-1.0133283405597162,0.7804215686274509,61.541721133231285,87.89381558886532,1
1789421888.2243803,12,-68,0.032916979789733875,-0.8379057011528092,0.7802483660130719,61.57463811302102,87.05590988771252,1
1789421888.258426,13,-62,0.06643604114838358,-0.7319139784946237,0.7767352941176471,61.6410741541694,86.3239959092179,1
1789421888.295058,18,-59,0.18325064244440795,-0.7490418665816011,0.7738333333333334,61.82432479661381,85.57495404263629,1
1789421888.3300674,23,-54,0.2525289077037566,-0.668586197737535,0.7701993464052288,62.076853704317564,84.90636784489875,1
1789421888.3654015,27,-45,0.2968017732241553,-0.5226305588922031,0.7638431372549019,62.37365547754172,84.38373728600655,1
1789421888.4005554,31,-36,0.35876701034183844,-0.4320225654656162,0.7603300653594771,62.732422487883554,83.95171472054093,1
1789421888.4352875,37,-26,0.4740321356959587,-0.31605578892458064,0.7561241830065359,63.20645462357951,83.63565893161635,1
1789421888.4700398,38,-14,0.43846679405127187,-0.1673487146767654,0.7540196078431373,63.64492141763078,83.46831021693959,1
1789421888.5039642,37,-1,0.42514456217909374,0.0,0.7595261437908497,64.07006597980988,83.46831021693959,1
1789421888.5386887,35,16,0.41421428255330933,0.20046420242046306,0.7639967320261438,64.48428026236319,83.66877441936005,1
1789421888.5730772,29,38,0.316179324476556,0.5480245081121677,0.7737156862745098,64.80045958683974,84.21679892747221,1
1789421888.6077988,19,60,0.1727195159762325,0.8065237806402399,0.7714084967320262,64.97317910281596,85.02332270811245,1
1789421888.6423976,7,82,0.028051915727424215,1.084464323384067,0.7726830065359477,65.0012310185434,86.10778703149651,1
1789421888.6776612,-7,104,-0.14192439658584982,1.3717922387040964,0.7761013071895425,64.85930662195754,87.47957927020062,1
1789421888.7129111,-23,145,-0.346850247267084,2.1537882101921366,0.790781045751634,64.51245637469046,89.63336748039275,1
1789421888.747482,-24,158,-0.16069557811350066,1.9679945938491243,0.8171078431372549,64.35176079657695,91.60136207424188,1
1789421888.7819848,-28,163,-0.2635210499683015,1.9024560009397522,0.8292385620915033,64.08823974660865,93.50381807518163,1
1789421888.8183494,-32,162,-0.3238246899365126,1.8062544930195976,0.8284934640522876,63.764415056672135,95.31007256820122,1
1789421888.8528697,-32,155,-0.29093538761138915,1.6485868260163725,0.8175816993464052,63.473479669060744,96.95865939421759,1
1789421888.887504,-24,141,-0.11214123521154397,1.4079205175855185,0.816843137254902,63.3613384338492,98.36657991180311,1
1789421888.9211154,-10,110,0.11398715239881062,0.8388160917094072,0.8324477124183006,63.47532558624801,99.20539600351252,1
1789421888.9539192,1,73,0.0,0.36505093630777297,0.842562091503268,63.47532558624801,99.57044693982029,1
1789421888.9868474,1,33,0.0,-0.07743437678766685,0.844624183006536,63.47532558624801,99.49301256303262,1
1789421889.0201566,0,-6,0.0,-0.44964956366531506,0.8447222222222223,63.47532558624801,99.0433629993673,1
1789421889.0532575,1,-37,0.0,-0.6665421213309943,0.8354150326797386,63.47532558624801,98.37682087803631,1
1789421889.086703,4,-52,0.0,-0.6075517766157226,0.8196176470588236,63.47532558624801,97.76926910142059,1
1789421889.1197226,3,-41,0.0,-0.13376845645722735,0.8262320261437909,63.47532558624801,97.63550064496336,1
1789421889.1529562,4,-31,0.0,-0.07051310934945701,0.8244019607843137,63.47532558624801,97.5649875356139,1
1789421889.1866672,6,-33,0.12770125500985638,-0.2928586939568281,0.8269183006535947,63.603026841257865,97.27212884165706,1
1789421889.2198005,3,-36,0.0,-0.36241913982940466,0.8281111111111111,63.603026841257865,96.90970970182767,1
1789421889.2530892,0,-31,0.0,-0.21259990813648166,0.8250196078431372,63.603026841257865,96.69710979369118,1
1789421889.2861614,0,-35,0.0,-0.41132925582273777,0.8261307189542484,63.603026841257865,96.28578053786845,1
1789421889.319354,2,-51,0.0,-0.7857382305652366,0.8287058823529412,63.603026841257865,95.5000423073032,1
1789421889.3520944,3,-71,0.0,-1.09664502591222,0.8236339869281045,63.603026841257865,94.40339728139098,1
1789421889.385573,5,-87,0.0,-1.2483860450973507,0.8137222222222222,63.603026841257865,93.15501123629363,1
1789421889.4196427,10,-97,0.19275489413435104,-1.3165044080868484,0.8058104575163398,63.79578173539222,91.83850682820679,1
1789421889.4537861,15,-108,0.31761965931384,-1.4410502167705723,0.8016928104575164,64.11340139470606,90.39745661143621,1
1789421889.4872205,20,-112,0.38256828278652777,-1.3798237651723695,0.789264705882353,64.49596967749258,89.01763284626384,1
1789421889.5210693,25,-105,0.448587217389458,-1.146571195062494,0.7842941176470588,64.94455689488204,87.87106165120134,1
1789421889.5557058,31,-100,0.5428488507429476,-1.1278044078462692,0.7773660130718955,65.48740574562498,86.74325724335507,1
1789421889.5898492,39,-95,0.6800131771288608,-1.0768071086540745,0.7712745098039215,66.16741892275384,85.666450134701,1
1789421889.6247585,44,-85,0.7115321854449205,-0.9067636532524657,0.7656209150326797,66.87895110819876,84.75968648144853,1
1789421889.6590543,40,-72,0.541715826188458,-0.7305040209632239,0.763313725490196,67.42066693438721,84.0291824604853,1
1789421889.6939304,39,-62,0.5756624598345527,-0.6766324396013071,0.7517320261437909,67.99632939422176,83.352550020884,1
1789421889.7292082,39,-52,0.5900000000000001,-0.5781903506102715,0.7471732026143791,68.58632939422176,82.77435967027372,1
1789421889.7644577,42,-41,0.6625587228573361,-0.4539903967754808,0.7427320261437909,69.2488881170791,82.32036927349824,1
1789421889.7993803,44,-34,0.668700588476803,-0.43967905638586496,0.7421143790849674,69.91758870555591,81.88069021711237,1
1789421889.8347197,45,-29,0.6640996382901478,-0.41934980932231936,0.742562091503268,70.58168834384607,81.46134040779006,1
1789421889.8697042,44,-25,0.6257074081646562,-0.3928327495263667,0.7454084967320261,71.20739575201073,81.0685076582637,1
1789421889.904798,43,-21,0.6157481056616083,-0.353004817197872,0.7458986928104575,71.82314385767233,80.71550284106583,1
1789421889.9402916,41,-16,0.5818300793187055,-0.28956526411951206,0.748078431372549,72.40497393699104,80.42593757694631,1
1789421889.9753006,42,-9,0.6342789677946483,-0.1900295279344066,0.7495555555555555,73.03925290478568,80.2359080490119,1
1789421890.0099075,51,-4,0.8377937356967784,0.0,0.7510457516339869,73.87704664048246,80.2359080490119,1
1789421890.0439475,57,-1,0.8581563747950733,0.0,0.757937908496732,74.73520301527753,80.2359080490119,1
1789421890.0781488,61,0,0.8684698297193122,0.0,0.7690686274509804,75.60367284499685,80.2359080490119,1
1789421890.1121442,65,-1,0.9088868468898514,0.0,0.779983660130719,76.51255969188671,80.2359080490119,1
1789421890.1460733,67,-3,0.899449005097384,0.0,0.7857908496732026,77.41200869698409,80.2359080490119,1
1789421890.179903,67,-4,0.8700000000000001,0.0,0.7914313725490196,78.2820086969841,80.2359080490119,1
1789421890.213683,69,-4,0.9196049013241482,0.0,0.7917973856209151,79.20161359830824,80.2359080490119,1
1789421890.247352,73,-5,0.9894089843556348,0.0,0.7900490196078431,80.19102258266388,80.2359080490119,1
1789421890.2818542,72,-8,0.9052538585401182,-0.27836897148434614,0.7915424836601307,81.096276441204,79.95753907752756,1
1789421890.316259,71,-10,0.8954663192326883,-0.32906393741381584,0.79209477124183,81.99174276043668,79.62847514011374,1
1789421890.3512046,71,-13,0.9099999999999999,-0.37292223935379115,0.7920849673202615,82.90174276043668,79.25555290075994,1
1789421890.3866441,72,-17,0.9341087445002085,-0.42643877496097743,0.7904411764705882,83.83585150493688,78.82911412579897,1
1789421890.4220243,72,-16,0.9199999999999999,-0.3458493677548211,0.7872222222222223,84.75585150493689,78.48326475804414,1
1789421890.4567516,71,-13,0.895567241319982,-0.2868587846455559,0.7860261437908497,85.65141874625687,78.19640597339858,1
1789421890.4908965,71,-3,0.9099999999999999,0.0,0.7814444444444445,86.56141874625686,78.19640597339858,1
1789421890.5263937,70,13,0.8856702972326616,0.13476418156681955,0.7783039215686275,87.44708904348953,78.3311701549654,1
1789421890.5648887,70,26,0.9000000000000001,0.2670494461503129,0.776781045751634,88.34708904348953,78.59821960111572,1
1789421890.6009526,65,26,0.780725790468137,0.11687958717346192,0.7794281045751634,89.12781483395767,78.71509918828917,1
1789421890.636265,58,19,0.6808780224306386,-0.03883749836029121,0.7747614379084967,89.8086928563883,78.67626168992888,1
1789421890.6713371,59,16,0.8042554788188592,-0.0012464561919684758,0.7719705882352941,90.61294833520716,78.67501523373691,1
1789421890.7063968,61,14,0.8385142526938374,0.002818050181528177,0.7719967320261438,91.451462587901,78.67783328391845,1
1789421890.7417784,66,9,0.9306768579555413,-0.08296244841405231,0.7718071895424836,92.38213944585655,78.5948708355044,1
1789421890.77634,61,0,0.7389004610794685,0.0,0.7718856209150327,93.12103990693602,78.5948708355044,1
1789421890.8117754,56,0,0.6894239907386218,0.0,0.7725882352941177,93.81046389767464,78.5948708355044,1
1789421890.8466508,47,-3,0.5410035880998108,0.0,0.773375816993464,94.35146748577445,78.5948708355044,1
1789421890.8823104,40,-7,0.5001322221844281,-0.2488954628072047,0.7761797385620915,94.85159970795888,78.3459753726972,1
1789421890.9185588,34,-10,0.4573199463821064,-0.2705925906389229,0.7764477124183007,95.30891965434098,78.07538278205827,1
1789421890.9541166,29,-13,0.41964371502569814,-0.31066719671263826,0.7812745098039215,95.72856336936668,77.76471558534563,1
1789421890.9900508,22,-19,0.32263659998938826,-0.4255776100631762,0.7831045751633987,96.05119996935608,77.33913797528245,1
1789421891.0251563,17,-27,0.29879810956894914,-0.5550172387974749,0.7852941176470588,96.34999807892503,76.78412073648498,1
1789421891.0636697,9,-37,0.1860384188773013,-0.6994259840815872,0.7887352941176471,96.53603649780233,76.0846947524034,1
1789421891.0988684,-4,-48,0.0,-0.8365516745275016,0.7914019607843137,96.53603649780233,75.2481430778759,1
1789421891.1348977,-17,-56,-0.17667275394612525,-0.870788964169209,0.787892156862745,96.3593637438562,74.37735411370669,1
1789421891.1713965,-26,-59,-0.22650356046495496,-0.8310986007499249,0.7857320261437909,96.13286018339126,73.54625551295676,1
1789421891.2078109,-33,-58,-0.29335766862071544,-0.7662671844202448,0.7862745098039216,95.83950251477054,72.77998832853652,1
1789421891.243431,-42,-57,-0.44351698431088604,-0.7559601127394207,0.78709477124183,95.39598553045965,72.0240282157971,1
1789421891.2795036,-62,-60,-0.8390636392770403,-0.8415722158347541,0.7871797385620916,94.55692189118261,71.18245599996234,1
1789421891.3171897,-72,-68,-0.8487968857344508,-0.9861298313533484,0.7856209150326797,93.70812500544817,70.19632616860899,1
1789421891.353191,-83,-73,-1.0387167507495798,-0.9994513180553715,0.7840784313725491,92.66940825469858,69.19687485055361,1
1789421891.390037,-93,-71,-1.1901599338802278,-0.8828597792185943,0.7811274509803922,91.47924832081836,68.31401507133502,1
1789421891.4256375,-92,-68,-1.0959473924665195,-0.8378735696063531,0.7839052287581699,90.38330092835184,67.47614150172866,1
1789421891.4612582,-77,-63,-0.7593368156705174,-0.7598033833856619,0.7843039215686275,89.62396411268132,66.716338118343,1
1789421891.4974236,-71,-55,-0.8269230891120486,-0.6393856124689299,0.7850098039215686,88.79704102356928,66.07695250587408,1
1789421891.533777,-66,-42,-0.7913377205906428,-0.44123810897646054,0.7844183006535947,88.00570330297863,65.63571439689761,1
1789421891.568881,-63,-39,-0.7872617435075302,-0.5472672589453094,0.7851601307189543,87.2184415594711,65.0884471379523,1
1789421891.6039035,-61,-40,-0.7814475077945241,-0.6142760517358749,0.7835620915032679,86.43699405167658,64.47417108621643,1
1789421891.6389017,-58,-35,-0.7371502594908259,-0.47857452301320785,0.7880457516339869,85.69984379218575,63.99559656320322,1
1789421891.6732147,-54,-23,-0.6817040800016678,-0.25512925349695303,0.786235294117647,85.01813971218408,63.74046730970627,1
1789421891.709193,-56,-17,-0.7877908351223132,-0.2866120241755911,0.7884836601307189,84.23034887706177,63.45385528553068,1
1789421891.7435226,-66,1,-1.0031073261273065,0.0,0.7907058823529411,83.22724155093447,63.45385528553068,1
1789421891.7786198,-68,16,-0.9090148799435518,0.21993920609801906,0.789297385620915,82.31822667099091,63.6737944916287,1
1789421891.8144708,-72,22,-0.9757712401353624,0.1416259119902899,0.7890522875816993,81.34245543085555,63.81542040361899,1
1789421891.8490736,-71,24,-0.8955497385084993,0.12350307469432215,0.7904738562091503,80.44690569234706,63.938923478313306,1
1789421891.8844047,-72,24,-0.9341414719011719,0.11156441688537597,0.7920980392156862,79.51276422044589,64.05048789519869,1
1789421891.9190958,-76,26,-1.0176429665972637,0.17842970163753485,0.7929248366013072,78.49512125384862,64.22891759683623,1
1789421891.9536934,-74,29,-0.9110697751413988,0.24304079846014007,0.7957679738562091,77.58405147870722,64.47195839529637,1
1789421891.988636,-75,32,-0.9643663179815998,0.2949449966807207,0.7994248366013071,76.61968516072562,64.7669033919771,1
1789421892.023136,-81,34,-1.0965364015240087,0.3244677653511746,0.8007287581699346,75.52314875920162,65.09137115732827,1
1789421892.058759,-84,34,-1.082112331572923,0.31971772193908693,0.7994248366013071,74.44103642762869,65.41108887926735,1
1789421892.095617,-83,37,-1.016419080553559,0.41769751614602096,0.8020816993464053,73.42461734707513,65.82878639541337,1
1789421892.1318452,-76,38,-0.8634231730743928,0.42831655108671307,0.8090522875816993,72.56119417400073,66.25710294650008,1
1789421892.1681366,-69,30,-0.7935912496962614,0.2460652431417259,0.8165522875816994,71.76760292430447,66.50316818964181,1
1789421892.2030969,-61,22,-0.6955961104405759,0.17728897262099763,0.8158006535947713,71.0720068138639,66.68045716226281,1
1789421892.2378342,-48,25,-0.4929482747974284,0.38222609919415557,0.8203300653594772,70.57905853906647,67.06268326145697,1
1789421892.273023,-35,22,-0.3652113653616745,0.28190266315020557,0.8219673202614379,70.21384717370479,67.34458592460717,1
1789421892.309445,-26,10,-0.33648230774768173,0.0470826076653498,0.8261111111111111,69.8773648659571,67.39166853227252,1
1789421892.343796,-14,1,-0.1683613943432387,0.0,0.8225196078431373,69.70900347161387,67.39166853227252,1
1789421892.3777146,-5,-5,0.0,0.0,0.8275228758169935,69.70900347161387,67.39166853227252,1
1789421892.4125054,3,-16,0.0,-0.2073777559313847,0.8267777777777777,69.70900347161387,67.18429077634113,1
1789421892.4481888,9,-22,0.019497842491447606,-0.24076622954375076,0.8187614379084968,69.72850131410532,66.94352454679738,1
1789421892.4840548,13,-19,0.013743655803792706,-0.09868974330611265,0.8184705882352942,69.74224496990911,66.84483480349127,1
1789421892.5194156,19,-17,0.1162868498065491,-0.10423857114759626,0.8188660130718954,69.85853181971565,66.74059623234368,1
1789421892.5553508,24,-19,0.16832583705574442,-0.19400553884728627,0.8181535947712418,70.0268576567714,66.54659069349638,1
1789421892.5904198,32,-21,0.31507344997522135,-0.22942155314151497,0.8175588235294118,70.34193110674661,66.31716914035486,1
1789421892.625795,42,-22,0.4721723098251873,-0.24060714233063632,0.8185653594771242,70.8141034165718,66.07656199802423,1
1789421892.661597,55,-24,0.6818806641441093,-0.2915928842379175,0.8183464052287581,71.4959840807159,65.78496911378632,1
1789421892.697414,69,-27,0.8852984851959774,-0.35487930205995005,0.8151045751633987,72.38128256591187,65.43008981172636,1
1789421892.734496,83,-28,1.0797915544348906,-0.3572473379616681,0.8109705882352941,73.46107412034677,65.0728424737647,1
1789421892.770124,99,-30,1.3462242975143763,-0.4132116264557336,0.8091830065359477,74.80729841786115,64.65963084730896,1
1789421892.8067675,120,-31,1.6865931228362443,-0.43150628855822476,0.7972450980392157,76.49389154069739,64.22812455875074,1
1789421892.8415165,123,-29,1.4731551235706888,-0.3892439773915101,0.7916339869281046,77.96704666426808,63.83888058135923,1
1789421892.8754296,118,-1,1.3075680230991868,0.0,0.7855490196078432,79.27461468736728,63.83888058135923,1
1789421892.9103937,117,17,1.355458761206759,0.39930619500965475,0.7827908496732026,80.63007344857404,64.23818677636888,1
1789421892.9451783,114,27,1.2968336249305312,0.32798682389279843,0.7776143790849673,81.92690707350457,64.56617360026168,1
1789421892.9802186,106,25,1.1458514189294924,0.1531679874927038,0.7825228758169934,83.07275849243406,64.71934158775439,1
1789421893.0154262,99,22,1.0905631299447274,0.1245899749020074,0.7739411764705882,84.16332162237879,64.8439315626564,1
1789421893.050624,96,26,1.1174185217020527,0.2823086106235609,0.771516339869281,85.28074014408084,65.12624017327995,1
1789421893.085942,91,33,1.0391928502454606,0.4179355418020637,0.7680980392156863,86.3199329943263,65.54417571508202,1
1789421893.1214623,90,35,1.0858934382672452,0.3918196625413606,0.7638692810457516,87.40582643259354,65.93599537762339,1
1789421893.1564014,90,38,1.1,0.46314630264920076,0.7599052287581699,88.50582643259354,66.39914168027259,1
1789421893.1914,88,44,1.0514276683288373,0.5967353351224602,0.7566078431372549,89.55725410092238,66.99587701539505,1
1789421893.2264345,86,46,1.03145761143246,0.5917984124215323,0.7544869281045752,90.58871171235484,67.58767542781658,1
1789421893.262436,85,45,1.0360959225618247,0.5717513118404272,0.7400359477124183,91.62480763491666,68.15942673965701,1
1789421893.2983317,82,48,0.9782118547251522,0.6918942346040147,0.7434607843137255,92.60301948964181,68.85132097426103,1
1789421893.3347936,84,58,1.0674017521738848,0.9170687581699346,0.7397875816993464,93.67042124181569,69.76838973243096,1
1789421893.3699365,88,64,1.1369020091980846,0.9253564877625224,0.734281045751634,94.80732325101377,70.69374622019349,1
1789421893.4051642,87,62,1.0558010805833526,0.7916098498693634,0.7346535947712418,95.86312433159712,71.48535607006285,1
1789421893.440213,85,66,1.0214717833264184,0.9170645841553177,0.7333202614379085,96.88459611492354,72.40242065421816,1
1789421893.4751148,76,84,0.8310916901725892,1.2978500799191246,0.7209117647058824,97.71568780509612,73.70027073413729,1
1789421893.511911,72,85,0.8656393587101623,1.063592714781087,0.7217450980392157,98.5813271638063,74.76386344891837,1
1789421893.5482,63,90,0.7058551123096656,1.1689113647864462,0.7208692810457517,99.28718227611596,75.93277481370482,1
1789421893.5847688,61,95,0.7826954665000131,1.2183191514314384,0.7201274509803921,100.06987774261597,77.15109396513627,1
1789421893.6207988,52,89,0.5947860976402608,1.0066694569536425,0.7310424836601307,100.66466384025624,78.15776342208991,1
1789421893.6563761,43,73,0.5038234739649836,0.7052986225046708,0.737859477124183,101.16848731422122,78.86306204459459,1
1789421893.692598,34,55,0.4157480514008848,0.5015222748815166,0.7409542483660131,101.5842353656221,79.36458431947611,1
1789421893.7288752,21,43,0.23050251176877246,0.4644506163905956,0.7408823529411764,101.81473787739088,79.8290349358667,1
1789421893.7650952,9,31,0.12444408189042686,0.34444517100961125,0.7410032679738562,101.93918195928131,80.17348010687631,1
1789421893.8011203,-2,14,0.0,0.10342050220311091,0.7448986928104575,101.93918195928131,80.27690060907942,1
1789421893.8352072,-1,-5,0.0,0.0,0.718718954248366,101.93918195928131,80.27690060907942,1
1789421893.8706713,-9,-17,0.005774069384452171,-0.2161877541701987,0.7107941176470588,101.94495602866577,80.06071285490923,1
1789421893.9066272,-11,-20,0.03526849539804454,-0.07978215759649539,0.7072058823529411,101.98022452406381,79.98093069731273,1
1789421893.9418378,-11,-27,0.05533284187316896,-0.22650156119137616,0.7121895424836602,102.03555736593698,79.75442913612136,1
1789421893.9774144,-21,-31,-0.20005701779215976,-0.24534117259432742,0.7313464052287582,101.83550034814482,79.50908796352704,1
1789421894.0129366,-19,-29,-0.02491583115522953,-0.16158011577490228,0.7390326797385621,101.81058451698959,79.34750784775214,1
1789421894.0487688,-17,-28,-0.017382607387001123,-0.18585314050538623,0.7445522875816993,101.79320190960259,79.16165470724675,1
1789421894.0851479,-18,-34,-0.0821273260631332,-0.36703792072086283,0.7506601307189542,101.71107458353946,78.79461678652589,1
1789421894.121009,-18,-38,-0.08125511169433593,-0.4075440358922184,0.7515555555555555,101.62981947184512,78.38707275063368,1
1789421894.156852,-8,-35,0.151986849020588,-0.30504236077535374,0.7350261437908496,101.78180632086571,78.08203038985832,1
1789421894.1925213,-7,-35,0.03201370910681376,-0.37186157703399664,0.7359803921568627,101.81382002997253,77.71016881282432,1
1789421894.2288094,-8,-32,-0.011606092261341253,-0.32367822298048954,0.7375816993464053,101.80221393771119,77.38649058984383,1
1789421894.2646232,-18,-24,-0.2502031773588204,-0.19063745163799536,0.7618725490196079,101.55201076035236,77.19585313820583,1
1789421894.3007352,-18,-7,-0.12370912075042724,0.09798568047952413,0.7695718954248366,101.42830163960193,77.29383881868536,1
1789421894.3362482,-20,9,-0.1860674368425673,0.2543208029269532,0.7650032679738562,101.24223420275936,77.54815962161231,1
1789421894.3715613,-23,12,-0.2466333817121002,0.11002257725447832,0.7645980392156863,100.99560082104726,77.6581821988668,1
1789421894.4076002,-27,6,-0.3191269279374791,-0.07137221708504049,0.7641274509803921,100.67647389310979,77.58680998178176,1
1789421894.4424303,-27,8,-0.2824405670166016,0.06615434020424774,0.7682058823529412,100.39403332609318,77.652964321986,1
1789421894.4777606,-28,5,-0.326478495106874,0.0,0.7739084967320261,100.06755483098631,77.652964321986,1
1789421894.5128105,-30,0,-0.3821356752543456,0.0,0.7760490196078431,99.68541915573196,77.652964321986,1
1789421894.5478044,-24,0,-0.22471869468538347,0.0,0.7842156862745098,99.46070046104659,77.652964321986,1
1789421894.5829928,-16,1,-0.1280268629173091,0.0,0.7884281045751634,99.33267359812928,77.652964321986,1
1789421894.618466,-10,0,-0.1041019226806431,0.0,0.7942124183006536,99.22857167544863,77.652964321986,1
1789421894.6535513,-7,-4,-0.12092544661840221,0.0,0.7996568627450981,99.10764622883023,77.652964321986,1
1789421894.688519,-2,-8,0.0,-0.19443121031869298,0.8051045751633987,99.10764622883023,77.45853311166731,1
1789421894.72324,2,-9,0.0,-0.19256435726656856,0.809297385620915,99.10764622883023,77.26596875440075,1
1789421894.7577722,2,-11,0.0,-0.2347159539921298,0.8171176470588235,99.10764622883023,77.03125280040861,1
1789421894.7927892,2,-20,0.0,-0.4383674255433479,0.8262712418300654,99.10764622883023,76.59288537486526,1
1789421894.8283968,3,-30,0.0,-0.5715329380559239,0.8287549019607843,99.10764622883023,76.02135243680934,1
1789421894.8634467,4,-38,0.0,-0.6518994053266559,0.8286699346405229,99.10764622883023,75.36945303148268,1
1789421894.8987064,2,-42,0.0,-0.6640860262193409,0.8312875816993464,99.10764622883023,74.70536700526334,1
1789421894.9337487,-2,-48,0.0,-0.7655747551686616,0.8330261437908497,99.10764622883023,73.93979225009468,1
1789421894.9694319,-7,-53,-0.2077863168716431,-0.7999283761253752,0.8312941176470589,98.89985991195859,73.1398638739693,1
1789421895.005038,-11,-54,-0.3117926604031083,-0.754042143464549,0.8308921568627451,98.58806725155547,72.38582173050476,1
1789421895.040049,-18,-59,-0.43816900488323035,-0.8614001865735161,0.8358104575163399,98.14989824667224,71.52442154393124,1
1789421895.0749905,-34,-69,-0.7509187499467359,-1.0330897504127947,0.8343986928104575,97.3989794967255,70.49133179351844,1
1789421895.1097093,-44,-70,-0.7839659504359169,-0.9144013404567992,0.8382679738562091,96.61501354628959,69.57693045306164,1
1789421895.1449008,-55,-70,-0.9063670329223407,-0.9000000000000001,0.8355849673202614,95.70864651336724,68.67693045306163,1
1789421895.1801898,-57,-65,-0.7983458291939528,-0.7791622361087656,0.8325882352941176,94.9103006841733,67.89776821695287,1
1789421895.2151427,-57,-60,-0.77,-0.728478548530114,0.8302614379084967,94.1403006841733,67.16928966842275,1
1789421895.2512088,-57,-50,-0.77,-0.5613554055572818,0.8344542483660131,93.3703006841733,66.60793426286547,1
1789421895.286687,-60,-38,-0.8423330686727045,-0.4108407340189555,0.8336111111111111,92.5279676155006,66.19709352884651,1
1789421895.3219697,-64,-35,-0.8965899281546195,-0.5075027964659156,0.8303954248366013,91.63137768734597,65.6895907323806,1
1789421895.3571303,-64,-36,-0.8400000000000001,-0.574221161344572,0.8309542483660131,90.79137768734597,65.11536957103603,1
1789421895.3921604,-75,-30,-1.1070258797903478,-0.4143594301932252,0.8297320261437908,89.68435180755563,64.7010101408428,1
1789421895.427367,-86,-22,-1.2162230183184912,-0.3063886451053687,0.812813725490196,88.46812878923714,64.39462149573743,1
1789421895.4630942,-91,-22,-1.1800063425088296,-0.42000000000000004,0.8053954248366013,87.28812244672831,63.97462149573742,1
1789421895.4984913,-94,-22,-1.1823821187502528,-0.42000000000000004,0.8030032679738562,86.10574032797805,63.55462149573742,1
1789421895.534144,-94,-16,-1.1400000000000001,-0.2758153450905879,0.8017908496732026,84.96574032797805,63.27880615064684,1
1789421895.569163,-92,-7,-1.0914613013628724,-0.1415688652091371,0.8043431372549019,83.87427902661518,63.1372372854377,1
1789421895.6033916,-93,-1,-1.1443530442400351,0.0,0.8043202614379085,82.72992598237515,63.1372372854377,1
1789421895.63762,-100,1,-1.302244522141275,0.0,0.8056797385620915,81.42768146023387,63.1372372854377,1
1789421895.672596,-106,8,-1.347298884386968,-0.030939439117742926,0.8088823529411765,80.0803825758469,63.106297846319954,1
1789421895.7071495,-106,27,-1.26,0.3801579101217145,0.814562091503268,78.82038257584689,63.48645575644167,1
1789421895.7418804,-105,33,-1.2356126890041437,0.2744968835447745,0.8116241830065359,77.58476988684275,63.76095263998645,1
1789421895.7766168,-101,41,-1.1524254770075497,0.41176718811289126,0.8181732026143791,76.4323444098352,64.17271982809935,1
1789421895.8115706,-96,52,-1.0884619583014954,0.6003411787704145,0.8199150326797385,75.3438824515337,64.77306100686977,1
1789421895.8467438,-89,62,-0.9904572707238516,0.7287317768567219,0.8226503267973856,74.35342518080985,65.50179278372649,1
1789421895.8820007,-82,71,-0.9207043735880196,0.8542763379369347,0.8252352941176471,73.43272080722183,66.35606912166342,1
1789421895.9179783,-73,77,-0.8048525166261097,0.9254458074971853,0.8260392156862745,72.62786829059571,67.28151492916061,1
1789421895.9532678,-67,72,-0.7847632008562353,0.7720346978851663,0.8328496732026144,71.84310508973948,68.05354962704577,1
1789421895.9884086,-55,62,-0.5799296222959593,0.6441861756621958,0.8396078431372549,71.26317546744352,68.69773580270797,1
1789421896.0229125,-40,52,-0.38262598901288747,0.5750990119532923,0.8446372549019607,70.88054947843062,69.27283481466127,1
1789421896.0576763,-28,39,-0.30736884852309676,0.403009856034678,0.8447058823529412,70.57318062990753,69.67584467069594,1
1789421896.0929332,-24,19,-0.38326232845673625,0.10634042092733864,0.8486960784313725,70.18991830145079,69.78218509162328,1
1789421896.1280024,-19,3,-0.319897243560173,0.0,0.8423660130718954,69.87002105789061,69.78218509162328,1
1789421896.1631749,-12,-6,-0.21870578575125066,-0.04641074442697382,0.84259477124183,69.65131527213936,69.7357743471963,1
1789421896.1981797,-5,-16,0.0,-0.12274343286825304,0.843937908496732,69.65131527213936,69.61303091432805,1
1789421896.2331252,0,-27,0.0,-0.26579354029588753,0.8446601307189543,69.65131527213936,69.34723737403216,1
1789421896.2688537,5,-31,0.0,-0.22661977031332015,0.8386764705882352,69.65131527213936,69.12061760371884,1
1789421896.3042488,6,-28,-0.059283901726954094,-0.11820591256277538,0.8375784313725491,69.5920313704124,69.00241169115607,1
1789421896.339317,6,-28,-0.11886018753051758,-0.18013471603393558,0.8379084967320262,69.47317118288188,68.82227697512214,1
1789421896.373443,7,-31,-0.08943269889791039,-0.27524533369550014,0.83759477124183,69.38373848398398,68.54703164142664,1
1789421896.407896,12,-30,0.026760918062942368,-0.22745655617799318,0.8400718954248366,69.41049940204692,68.31957508524864,1
1789421896.4425287,20,-32,0.16347144476339756,-0.31300753476502385,0.8390424836601307,69.57397084681033,68.00656755048362,1
1789421896.4775283,23,-34,0.13701151068943926,-0.3565048136353879,0.8353104575163399,69.71098235749976,67.65006273684824,1
1789421896.5123315,24,-29,0.1352128577190797,-0.22626152779047365,0.8395882352941176,69.84619521521884,67.42380120905777,1
1789421896.5475218,24,-16,0.13772514820098875,0.005354783632777471,0.8441928104575164,69.98392036341983,67.42915599269055,1
1789421896.5835695,25,-2,0.17969215754594364,0.0,0.8416013071895425,70.16361252096577,67.42915599269055,1
1789421896.6189177,26,4,0.20856531599568118,0.0,0.8419803921568627,70.37217783696146,67.42915599269055,1
1789421896.653999,28,11,0.26266934978171264,0.24082773154392917,0.8514379084967321,70.63484718674317,67.66998372423448,1
1789421896.6891813,30,22,0.30329916034689436,0.3958716420156253,0.8583562091503268,70.93814634709007,68.0658553662501,1
1789421896.724188,32,26,0.3458450076278238,0.3548796920458431,0.859686274509804,71.2839913547179,68.42073505829595,1
1789421896.7591605,32,21,0.3396555519104004,0.1909514823496689,0.862562091503268,71.6236469066283,68.61168654064562,1
1789421896.7956629,32,20,0.36298852920532226,0.2533172485420935,0.862702614379085,71.98663543583362,68.86500378918771,1
1789421896.8311636,28,22,0.28650756773939995,0.3308144615550924,0.8694346405228758,72.27314300357303,69.1958182507428,1
1789421896.8669102,19,19,0.14071617793612443,0.2442983808604343,0.8695065359477124,72.41385918150915,69.44011663160323,1
1789421896.9082024,11,16,0.09252500615215041,0.2303098228113269,0.8673921568627451,72.5063841876613,69.67042645441455,1
1789421896.9616401,-2,3,0.0,0.0,0.8656993464052287,72.5063841876613,69.67042645441455,1
1789421897.0030022,-5,-1,0.0,0.0,0.8609411764705882,72.5063841876613,69.67042645441455,1
1789421897.0477831,-5,-4,0.0,0.0,0.8587287581699347,72.5063841876613,69.67042645441455,1
1789421897.0901806,-7,-28,-0.059603140211365015,-0.39386292437427606,0.8424869281045752,72.44678104744993,69.27656353004028,1
1789421897.1369724,-6,-29,0.004333809619313468,-0.3222497456002346,0.8367843137254902,72.45111485706924,68.95431378444005,1
1789421897.1791086,-3,-29,0.0,-0.3359787273406982,0.8317581699346405,72.45111485706924,68.61833505709934,1
1789421897.2146695,2,-46,0.0,-0.7777327044626428,0.8317091503267974,72.45111485706924,67.84060235263671,1
1789421897.250916,6,-47,0.17996392615311751,-0.5965774018549996,0.8352287581699347,72.63107878322236,67.24402495078171,1
1789421897.2860587,10,-47,0.2311712920124159,-0.6158716344833375,0.8430980392156863,72.86225007523478,66.62815331629837,1
1789421897.3215406,14,-49,0.28065522445511315,-0.698828215967022,0.8514281045751634,73.1429052996899,65.92932510033134,1
1789421897.3565643,16,-40,0.2840744466850231,-0.47145340498130484,0.8649934640522876,73.42697974637493,65.45787169535004,1
1789421897.3914328,13,-23,0.19157367393465236,-0.1862984715500506,0.8702320261437908,73.61855342030958,65.27157322379999,1
1789421897.4260159,13,-5,0.2437159776687622,0.0,0.8677418300653594,73.86226939797834,65.27157322379999,1
1789421897.4602704,8,4,0.12619840840313545,0.0,0.8631241830065359,73.98846780638148,65.27157322379999,1
1789421897.494722,2,11,0.0,0.09742486464143939,0.8655196078431373,73.98846780638148,65.36899808844143,1
1789421897.5296917,0,20,0.0,0.16536857382396866,0.8676405228758169,73.98846780638148,65.5343666622654,1
1789421897.5650718,1,24,0.0,0.1501950141004887,0.8696143790849673,73.98846780638148,65.68456167636589,1
1789421897.600351,2,20,0.0,0.011093541009951108,0.8718169934640523,73.98846780638148,65.69565521737584,1
1789421897.634722,2,17,0.0,0.005832796167714566,0.8704248366013072,73.98846780638148,65.70148801354355,1
1789421897.6693106,2,17,0.0,0.061239438056945816,0.8702352941176471,73.98846780638148,65.7627274516005,1
1789421897.7037401,3,16,0.0,0.04773059414413691,0.8724575163398692,73.98846780638148,65.81045804574464,1
1789421897.7382667,2,14,0.0,0.022969607187984954,0.879921568627451,73.98846780638148,65.83342765293263,1
1789421897.7720215,4,11,0.0,-0.01510002311025168,0.9015196078431372,73.98846780638148,65.81832762982238,1
1789421897.8076587,5,10,0.0,0.012455831072100075,0.9102320261437908,73.98846780638148,65.83078346089448,1
1789421897.8418846,7,9,0.2412276169335302,0.008070968711795993,0.9157320261437909,74.22969542331501,65.83885442960627,1
1789421897.8769681,10,6,0.3223228337970071,-0.04589921750024854,0.9188398692810458,74.55201825711201,65.79295521210602,1
1789421897.911075,13,3,0.3617980007472262,0.0,0.9184869281045752,74.91381625785924,65.79295521210602,1
1789421897.9459248,15,0,0.3777366599078488,0.0,0.9152124183006536,75.29155291776709,65.79295521210602,1
1789421897.980617,14,-1,0.3255929213267017,0.0,0.9136013071895425,75.6171458390938,65.79295521210602,1
1789421898.015714,10,-3,0.24300249363003232,0.0,0.9131503267973856,75.86014833272382,65.79295521210602,1
1789421898.0505931,5,-7,0.0,-0.19489090062879177,0.9127091503267973,75.86014833272382,65.59806431147723,1
1789421898.0852575,-3,-7,0.0,-0.16229040622711183,0.9128529411764705,75.86014833272382,65.43577390525012,1
1789421898.1191998,-8,-5,0.01648615965698773,0.0,0.9117679738562091,75.87663449238082,65.43577390525012,1
1789421898.1543517,-8,-6,0.09791198730468749,-0.15335806296631457,0.913235294117647,75.9745464796855,65.2824158422838,1
1789421898.1891665,-8,-8,0.09234272003173828,-0.2148836044168984,0.9149117647058823,76.06688919971724,65.0675322378669,1
1789421898.2237794,-8,-8,0.08680480957031249,-0.19169701099395753,0.9164803921568627,76.15369400928755,64.87583522687294,1
1789421898.2583592,-9,-6,0.056122885430985536,-0.1469288376244294,0.9193660130718955,76.20981689471853,64.72890638924851,1
1789421898.2928958,-16,-7,-0.11183430387376772,-0.20516001373204634,0.9218529411764705,76.09798259084477,64.52374637551647,1
1789421898.3274689,-21,-9,-0.14728988493441209,-0.24582693476523784,0.9224869281045751,75.95069270591036,64.27791944075123,1
1789421898.362723,-22,-7,-0.1146872313844904,-0.1734642612694336,0.9243333333333333,75.83600547452586,64.1044551794818,1
1789421898.397585,-22,-4,-0.11610160827636719,0.0,0.9246078431372549,75.7199038662495,64.1044551794818,1
1789421898.4320507,-21,-1,-0.1060771173703398,0.0,0.9252254901960785,75.61382674887916,64.1044551794818,1
1789421898.466794,-21,5,-0.13517623901367187,0.0,0.9246797385620915,75.47865050986549,64.1044551794818,1
1789421898.5017545,-20,12,-0.1243658260017656,0.08985471849400108,0.9226241830065359,75.35428468386372,64.1943098979758,1
1789421898.5364666,-18,11,-0.10259924055887526,0.004760947932385963,0.9229346405228758,75.25168544330485,64.19907084590818,1
1789421898.5710113,-16,8,-0.09352400570951395,-0.048720651425994875,0.9228529411764705,75.15816143759534,64.15035019448219,1
1789421898.6053643,-11,6,-0.007171544427894624,-0.05029619585197108,0.9283692810457517,75.15098989316745,64.10005399863022,1
1789421898.6394067,-7,3,0.01277669491630505,0.0,0.9334673202614379,75.16376658808376,64.10005399863022,1
1789421898.6747832,-1,-1,0.0,0.0,0.9365915032679738,75.16376658808376,64.10005399863022,1
1789421898.7085109,6,-3,0.1874824192386867,0.0,0.9386339869281046,75.35124900732245,64.10005399863022,1
1789421898.743174,16,-8,0.3511108941561175,-0.2340273050452573,0.9396372549019608,75.70235990147857,63.866026693584956,1
1789421898.7783241,26,-13,0.46495271192674786,-0.3135247350661141,0.9383137254901961,76.16731261340531,63.55250195851884,1
1789421898.8136528,39,-17,0.6640387432659735,-0.35096670183465417,0.9399346405228758,76.83135135667129,63.20153525668418,1
1789421898.8481429,53,-22,0.8598620003536577,-0.43212077995838183,0.9443006535947712,77.69121335702495,62.7694144767258,1
1789421898.8844197,69,-26,1.0872087899894105,-0.47349765951392075,0.9492777777777778,78.77842214701435,62.29591681721188,1
1789421898.9191134,85,-28,1.2802601630479538,-0.4866742563516584,0.9514967320261438,80.05868231006231,61.80924256086023,1
1789421898.9540212,93,-25,1.2445796863902094,-0.4023458713785476,0.9511633986928104,81.30326199645252,61.40689668948168,1
1789421898.9885771,96,-17,1.2034324846744353,-0.2542208036878826,0.9502843137254902,82.50669448112696,61.1526758857938,1
1789421899.0226784,103,-12,1.3326068455522084,-0.24669863684026566,0.9507712418300653,83.83930132667916,60.90597724895353,1
1789421899.0565035,109,-6,1.3787095118580976,-0.1713029944171883,0.9511633986928104,85.21801083853725,60.734674254536344,1
1789421899.0908206,112,7,1.363706449551227,0.06423274452867445,0.9497843137254902,86.58171728808848,60.79890699906502,1
1789421899.1249533,112,20,1.32,0.2088543154766949,0.9487091503267974,87.90171728808848,61.00776131454171,1
1789421899.1590834,111,22,1.2953479214699923,0.08277706334875184,0.9478954248366013,89.19706520955847,61.09053837789046,1
1789421899.1936994,111,22,1.31,0.06870920181274415,0.9456960784313726,90.50706520955848,61.159247579703205,1
1789421899.228301,107,26,1.2121195887669909,0.18453925668193452,0.9425522875816994,91.71918479832547,61.34378683638514,1
1789421899.2627366,103,29,1.1719569898425175,0.22020107342141554,0.9415294117647058,92.89114178816799,61.563987909806556,1
1789421899.2982867,98,30,1.109671084401996,0.22206520363641366,0.940813725490196,94.00081287256998,61.78605311344297,1
1789421899.3330147,91,34,1.0092673999711803,0.3291930936597707,0.9432124183006536,95.01008027254116,62.115246207102736,1
1789421899.3678858,81,37,0.8666353798511085,0.3704368224389877,0.9442156862745098,95.87671565239226,62.485683029541725,1
1789421899.4021766,71,37,0.764159863141351,0.3527990341186523,0.9444281045751634,96.64087551553361,62.83848206366038,1
1789421899.4360337,58,38,0.5880166752343194,0.403298846869069,0.9461732026143791,97.22889219076792,63.24178091052945,1
1789421899.46975,46,38,0.48208678685047723,0.41415837287902835,0.9463954248366013,97.7109789776184,63.65593928340848,1
1789421899.5034869,25,22,0.13873549700327942,0.031873860738449694,0.9464738562091504,97.84971447462168,63.68781314414693,1
1789421899.5371654,17,16,0.25121063475767336,0.13068527265548951,0.9459575163398692,98.10092510937935,63.81849841680242,1
1789421899.5708501,7,12,0.12160890423559714,0.1284943858850586,0.9458790849673203,98.22253401361495,63.946992802687475,1
1789421899.6038013,-4,6,0.0,0.040570687797843286,0.9465392156862745,98.22253401361495,63.98756349048532,1
1789421899.6368382,-15,-2,-0.1351673341556784,0.0,0.9473692810457517,98.08736667945927,63.98756349048532,1
1789421899.6707149,-25,-11,-0.23690083881708027,-0.17982462787196396,0.9487091503267974,97.85046584064219,63.807738862613355,1
1789421899.7043965,-34,-14,-0.3331205905401343,-0.13689240393364607,0.9493300653594772,97.51734525010205,63.67084645867971,1
1789421899.738122,-43,-11,-0.45191784761297366,-0.025311472227921843,0.9497091503267974,97.06542740248908,63.64553498645179,1
1789421899.7717226,-53,-11,-0.6029532771236132,-0.07717178821563721,0.9494542483660131,96.46247412536546,63.568363198236156,1
1789421899.8059704,-65,-11,-0.7937859729938941,-0.0847067928314209,0.949813725490196,95.66868815237157,63.48365640540474,1
1789421899.8401434,-77,-8,-0.9669168924886814,-0.01627157626596943,0.9516960784313725,94.70177125988289,63.467384829138766,1
1789421899.8740516,-90,-6,-1.1740210447331114,-0.01475599785506515,0.9539346405228758,93.52775021514978,63.452628831283704,1
1789421899.907665,-90,-6,-1.0428412008285524,-0.04827630996704101,0.9560751633986928,92.48490901432123,63.40435252131666,1
1789421899.94147,-84,-7,-0.9509042692948986,-0.07779868919369896,0.9573300653594772,91.53400474502634,63.32655383212296,1
1789421899.9783003,-79,-6,-0.92207516858518,-0.043846422757382174,0.9597189542483661,90.61192957644116,63.28270740936558,1
1789421900.0122156,-78,-6,-0.9652472195451379,-0.061496949195861815,0.9620424836601307,89.64668235689602,63.221210460169715,1
1789421900.0455983,-88,-9,-1.2297527152762406,-0.14243489476287732,0.9657679738562092,88.41692964161979,63.078775565406836,1
1789421900.0800579,-96,-10,-1.2760242045352383,-0.12890702115009314,0.966656862745098,87.14090543708456,62.949868544256745,1
1789421900.1136754,-101,-11,-1.2843718393372625,-0.14666912094209852,0.9685261437908497,85.85653359774729,62.803199423314645,1
1789421900.1469986,-104,-14,-1.2850583761253034,-0.2161521209764141,0.9711633986928104,84.57147522162198,62.58704730233823,1
1789421900.181568,-107,-13,-1.3134279876579853,-0.15562295179742808,0.974640522875817,83.25804723396399,62.4314243505408,1
1789421900.2164564,-113,-11,-1.4159236153315624,-0.1291570987450415,0.9773529411764705,81.84212361863243,62.30226725179576,1
1789421900.250061,-119,-8,-1.4793152567396828,-0.08851248724517063,0.9789640522875817,80.36280836189275,62.21375476455059,1
1789421900.2832108,-122,-4,-1.464397950686633,0.0,0.9806470588235294,78.89841041120611,62.21375476455059,1
1789421900.316937,-111,10,-1.143830319968882,0.19479225259274013,0.9892320261437908,77.75458009123723,62.408547017143334,1
1789421900.3485548,-111,10,-1.31,0.0665302562713623,0.9892320261437908,76.44458009123723,62.4750772734147,0
1789421900.380535,-111,10,-1.31,0.07293155670166016,0.9892320261437908,75.13458009123723,62.54800883011636,0
1789421900.412464,-111,10,-1.31,0.07932088851928712,0.9892320261437908,73.82458009123722,62.62732971863564,0
1789421900.4436336,-111,10,-1.31,0.08555825233459473,0.9892320261437908,72.51458009123722,62.712887970970236,0
1789421900.4756114,-111,10,-1.31,0.09195321083068848,0.9892320261437908,71.20458009123722,62.804841181800924,0
1789421900.5071752,-111,10,-1.31,0.09826553344726563,0.9892320261437908,69.89458009123722,62.90310671524819,0
1789421900.5390613,-111,10,-1.31,0.1046422290802002,0.9892320261437908,68.58458009123721,63.00774894432839,0
1789421900.5700474,-111,10,-1.31,0.11083925247192383,0.9892320261437908,67.27458009123721,63.11858819680032,0
1789421900.6013608,-111,10,-1.31,0.11710227012634278,0.9892320261437908,65.96458009123721,63.23569046692666,0
1789421900.6336396,-111,10,-1.31,0.12355764389038086,0.9892320261437908,64.65458009123721,63.35924811081704,0
1789421900.6670773,-111,10,-1.31,0.1302450466156006,0.9892320261437908,63.344580091237205,63.48949315743264,0
1789421900.700211,-111,10,-1.31,0.13687174797058105,0.9892320261437908,62.0345800912372,63.62636490540322,0
1789421900.73557,-33,-121,0.5726333045729077,-3.1109986529505727,0.9918562091503268,62.60721339581011,60.51536625245265,1
1789421900.7687984,-13,-123,-0.02909361570855662,-1.3905412312234515,0.9890718954248366,62.57811978010156,59.1248250212292,1
1789421900.8034966,9,-124,0.2132688443799413,-1.4544106426254741,0.987359477124183,62.7913886244815,57.67041437860372,1
1789421900.837295,19,-108,0.15705145177160043,-1.0432894400823969,0.9858398692810457,62.9484400762531,56.62712493852133,1
1789421900.8709254,29,-74,0.27723884620403016,-0.4346263519739173,0.9864248366013072,63.22567892245713,56.19249858654741,1
1789421900.9045844,31,-31,0.19917469815899308,0.12881850059859878,0.9857777777777778,63.42485362061612,56.32131708714601,1
1789421900.93814,20,-7,-0.0909901355169141,0.08756813321871826,0.9808496732026144,63.33386348509921,56.40888522036472,1
1789421900.972433,13,-20,-0.09023000612537253,-0.5895644942601465,0.9713725490196078,63.243633478973834,55.81932072610458,1
1789421901.007015,13,-12,0.020797886848449715,-0.2043325542755107,0.9701633986928104,63.26443136582228,55.61498817182907,1
1789421901.0409527,11,-11,-0.021228582541383652,-0.29526204531399336,0.9699542483660131,63.2432027832809,55.31972612651508,1
1789421901.0753198,7,-15,-0.08507399998275203,-0.40817342579750343,0.9588529411764706,63.158128783298146,54.91155270071758,1
1789421901.1094277,2,-15,0.0,-0.35,0.9523627450980392,63.158128783298146,54.56155270071758,1
1789421901.1428628,3,-5,0.0,0.0,0.9423267973856209,63.158128783298146,54.56155270071758,1
1789421901.1766613,3,5,0.0,0.0,0.9367941176470588,63.158128783298146,54.56155270071758,1
1789421901.2134018,4,14,0.0,0.10859105115450196,0.9386045751633987,63.158128783298146,54.67014375187208,1
1789421901.2496617,2,19,0.0,0.10187456228162471,0.9401045751633987,63.158128783298146,54.772018314153705,1
1789421901.2842455,0,17,0.0,-0.004238501884323415,0.9349771241830065,63.158128783298146,54.76777981226938,1
1789421901.3184216,1,15,0.0,-0.014356464228593914,0.9388921568627451,63.158128783298146,54.75342334804079,1
1789421901.3529418,2,20,0.0,0.15113729355428612,0.9364444444444444,63.158128783298146,54.904560641595076,1
1789421901.387496,2,22,0.0,0.14285220730567708,0.9392091503267974,63.158128783298146,55.047412848900755,1
1789421901.4220655,3,22,0.0,0.1291195869445801,0.9392647058823529,63.158128783298146,55.17653243584534,1
1789421901.4567654,3,18,0.0,0.043953806809159425,0.9394803921568627,63.158128783298146,55.220486242654495,1
1789421901.4908931,3,19,0.0,0.13922650955705387,0.9396209150326797,63.158128783298146,55.35971275221155,1
1789421901.5245748,4,21,0.0,0.18841915365063489,0.9415980392156863,63.158128783298146,55.548131905862185,1
1789421901.5597136,6,23,0.020167607706159316,0.22332580884795386,0.9422614379084967,63.1782963910043,55.77145771471014,1
1789421901.5953922,7,20,0.05021941763837648,0.13711988066086384,0.9466993464052288,63.228515808642676,55.908577595371,1
1789421901.6312208,6,20,0.016536999192077836,0.19351851463317873,0.9445588235294118,63.24505280783475,56.102096110004176,1
1789421901.6667755,8,21,0.08428428775135473,0.23251471948802,0.9499607843137254,63.329337095586105,56.3346108294922,1
1789421901.7020197,10,24,0.11160376657325309,0.3079333119548311,0.9532614379084967,63.44094086215936,56.64254414144703,1
1789421901.7363572,10,23,0.09009774684906006,0.2566063940216222,0.9529738562091503,63.53103860900842,56.89915053546866,1
1789421901.7705824,10,20,0.09694446086883546,0.21103421859704677,0.9516633986928105,63.62798306987725,57.110184754065706,1
1789421901.8056564,10,9,0.10396359920501709,-0.005593351063213514,0.9490588235294117,63.73194666908227,57.104591403002495,1
1789421901.839074,9,-5,0.08538628151232197,0.0,0.9487745098039215,63.81733295059459,57.104591403002495,1
1789421901.873678,11,-9,0.1569773180208687,-0.17338839665984002,0.9532777777777778,63.97431026861546,56.931203006342656,1
1789421901.9083471,11,-9,0.1351931571960449,-0.047307553291320796,0.9543758169934641,64.10950342581151,56.88389545305134,1
1789421901.9426026,11,-12,0.14273151874542236,-0.12930929041212413,0.9547941176470588,64.25223494455693,56.754586162639214,1
1789421901.9771163,16,19,0.2762278544249511,0.6867505991000926,0.9717091503267974,64.52846279898188,57.44133676173931,1
1789421902.0113654,-5,-15,0.0,-0.6102231254391304,0.949954248366013,64.52846279898188,56.83111363630018,1
1789421902.0453353,-5,21,0.0,0.7914844071501679,0.9707385620915032,64.52846279898188,57.622598043450346,1
1789421902.080323,-18,-16,-0.3381963780682754,-0.6477410627316378,0.953735294117647,64.1902664209136,56.974856980718705,1
1789421902.1164207,-17,-10,-0.16177862635005458,0.016223392021226635,0.9576143790849673,64.02848779456355,56.99108037273993,1
1789421902.1517982,-15,-8,-0.138047080841203,-0.024241111634056973,0.9577091503267974,63.89044071372234,56.966839261105875,1
1789421902.1869183,-18,-17,-0.25161872526128964,-0.2825669463090318,0.9546993464052288,63.63882198846105,56.68427231479684,1
1789421902.221944,-18,-20,-0.22151503086090088,-0.24126883042734576,0.9562352941176471,63.417306957600154,56.4430034843695,1
1789421902.2566457,300,183,7.750421422418802,4.884053770924716,0.9683169934640523,71.16772838001896,61.327057255294214,1
1789421902.2909935,-10,17,-4.451581685023234,-2.1060801881373283,0.972702614379085,66.71614669499573,59.22097706715689,1
1789421902.325809,-10,14,0.05277360439300538,0.24688113254883765,0.9738660130718955,66.76892029938874,59.467858199705724,1
1789421902.36019,-15,20,-0.080269718326608,0.45098118377931706,0.9732614379084967,66.68865058106213,59.91883938348504,1
1789421902.3950512,300,113,7.722663745592715,2.6649793012813494,0.96390522875817,74.41131432665485,62.58381868476639,1
1789421902.4300048,-56,-50,-5.488410768107429,-2.6650197374795423,0.9490196078431372,68.92290355854742,59.91879894728685,1
1789421902.465088,295,57,8.157178825786177,2.2957925857426495,0.9377385620915033,77.0800823843336,62.214591533029505,1
1789421902.5008528,298,56,3.2218930476298286,0.7460298833576477,0.9419771241830065,80.30197543196343,62.960621416387156,1
1789421902.5352032,293,28,3.0572317450623885,0.07240725778462653,0.9191764705882353,83.35920717702581,63.03302867417178,1
1789421902.5688307,251,1,2.0965755912750375,0.0,0.8013627450980392,85.45578276830085,63.03302867417178,1
1789421902.603585,198,-16,1.4040145214890112,-0.3035843606110716,0.7867843137254902,86.85979728978987,62.72944431356071,1
1789421902.6378431,137,-30,0.6802142837270123,-0.34674535282169094,0.8020261437908497,87.54001157351688,62.38269896073902,1
1789421902.672354,80,-42,0.17416137122012887,-0.46529377264732197,0.7970915032679738,87.714172944737,61.9174051880917,1
1789421902.706789,28,-43,-0.27528554905287944,-0.34556310786313194,0.7948006535947713,87.43888739568412,61.57184208022857,1
1789421902.7408855,12,-43,0.08537823305247702,-0.3603646612167358,0.7897614379084967,87.5242656287366,61.211477419011835,1
1789421902.7753792,8,-49,0.22203039244818842,-0.5411346680708811,0.790156862745098,87.74629602118479,60.670342750940954,1
1789421902.8126833,12,-50,0.37370358894252315,-0.5148581043615965,0.7923888888888889,88.11999961012731,60.15548464657936,1
1789421902.8486848,16,-47,0.41563475261971083,-0.4636008713368436,0.7955196078431372,88.53563436274702,59.691883775242516,1
1789421902.8843544,17,-36,0.3839755162969232,-0.2669450033558729,0.8008660130718954,88.91960987904395,59.424938771886644,1
1789421902.9192278,10,-18,0.19954175363201515,0.00454688076140175,0.8039803921568628,89.11915163267597,59.42948565264805,1
1789421902.9542925,4,-9,0.0,-0.04126748531561544,0.8027777777777778,89.11915163267597,59.38821816733243,1
1789421902.9893317,0,-12,0.0,-0.2510589155990979,0.8046045751633987,89.11915163267597,59.13715925173334,1
1789421903.023718,-5,-10,0.0,-0.16604275898343993,0.8051895424836601,89.11915163267597,58.9711164927499,1
1789421903.05892,-3,0,0.0,0.0,0.8045098039215687,89.11915163267597,58.9711164927499,1
1789421903.0936546,-1,2,0.0,0.0,0.8041928104575163,89.11915163267597,58.9711164927499,1
1789421903.1288035,2,-3,0.0,0.0,0.8039575163398692,89.11915163267597,58.9711164927499,1
1789421903.164193,5,-4,0.0,0.0,0.801578431372549,89.11915163267597,58.9711164927499,1
1789421903.2000546,8,-2,0.2764469233043421,0.0,0.8007973856209151,89.39559855598031,58.9711164927499,1
1789421903.2348156,10,-1,0.32876514964474807,0.0,0.8003137254901961,89.72436370562507,58.9711164927499,1
1789421903.269369,13,-5,0.3734261891121434,0.0,0.7985,90.0977898947372,58.9711164927499,1
1789421903.3037252,12,-5,0.30545805538990667,0.0,0.7972418300653594,90.40324795012711,58.9711164927499,1
1789421903.3376522,7,-5,0.19630711926347602,0.0,0.7964019607843137,90.59955506939059,58.9711164927499,1
1789421903.3716118,2,-3,0.0,0.0,0.7958300653594771,90.59955506939059,58.9711164927499,1
1789421903.4058015,-4,-4,0.0,0.0,0.7951339869281046,90.59955506939059,58.9711164927499,1
1789421903.4428115,-10,-6,-0.002204820814093497,-0.20065237729058646,0.793702614379085,90.59735024857649,58.77046411545931,1
1789421903.4774437,-16,-4,-0.07734353779268112,0.0,0.7928562091503268,90.5200067107838,58.77046411545931,1
1789421903.5122776,-18,0,-0.053452687814929456,0.0,0.7919379084967321,90.46655402296888,58.77046411545931,1
1789421903.5478463,-21,-1,-0.11183667254979462,0.0,0.7917156862745098,90.35471735041908,58.77046411545931,1
1789421903.5834255,-26,-5,-0.2083143236433318,0.0,0.7901797385620914,90.14640302677574,58.77046411545931,1
1789421903.6188762,-33,-3,-0.33031378560093616,0.0,0.7897124183006536,89.81608924117481,58.77046411545931,1
1789421903.65371,-41,0,-0.4549730026718838,0.0,0.7884803921568627,89.36111623850293,58.77046411545931,1
1789421903.6886487,-49,-2,-0.568860919788788,0.0,0.7880915032679738,88.79225531871414,58.77046411545931,1
1789421903.722964,-59,-5,-0.7405455091577162,0.0,0.7871895424836601,88.05170980955643,58.77046411545931,1
1789421903.7572901,-69,-3,-0.8878941974291488,0.0,0.787326797385621,87.16381561212728,58.77046411545931,1
1789421903.791712,-80,-1,-1.0671127980610031,0.0,0.7887418300653595,86.09670281406628,58.77046411545931,1
1789421903.8263414,-80,-2,-0.962727303504944,0.0,0.7879673202614379,85.13397551056133,58.77046411545931,1
1789421903.861013,-74,-3,-0.8534123864574731,0.0,0.7864346405228758,84.28056312410385,58.77046411545931,1
1789421903.8958242,-72,-2,-0.8912657893114291,0.0,0.7876241830065359,83.38929733479242,58.77046411545931,1
1789421903.9317613,-74,2,-0.9678094455089741,0.0,0.789124183006536,82.42148788928344,58.77046411545931,1
1789421903.9671397,-85,2,-1.2054356559061539,0.0,0.7909183006535948,81.21605223337728,58.77046411545931,1
1789421904.0020533,-77,7,-0.8534211224837228,0.014492773421570267,0.7957614379084967,80.36263111089356,58.784956888880885,1
1789421904.0366285,-72,12,-0.8477193079203142,0.1334793211158665,0.7973823529411764,79.51491180297324,58.91843620999675,1
1789421904.071439,-72,16,-0.9199999999999999,0.1697553830161615,0.8005751633986928,78.59491180297324,59.08819159301291,1
1789421904.1058826,-71,17,-0.8954850292770032,0.14853489491840519,0.8044509803921569,77.69942677369625,59.236726487931314,1
1789421904.1431065,-64,20,-0.745943450988935,0.21920837267188628,0.8026307189542483,76.95348332270731,59.4559348606032,1
1789421904.1827474,-58,23,-0.7041344282458489,0.2649929783058023,0.8050816993464053,76.24934889446146,59.720927838909006,1
1789421904.2186613,-52,26,-0.636679389211882,0.31756359040918136,0.8070392156862745,75.61266950524958,60.038491429318185,1
1789421904.254306,-43,27,-0.5037492023358016,0.3190923816963317,0.8080326797385621,75.10892030291379,60.357583811014514,1
1789421904.289421,-31,27,-0.3391363469711989,0.32402882099151614,0.8121045751633987,74.76978395594259,60.68161263200603,1
1789421904.3242404,-20,28,-0.24201595682753618,0.36788720920502144,0.8110751633986928,74.52776799911506,61.04949984121105,1
1789421904.3598068,-11,29,-0.1834783850273832,0.39821317620409835,0.8073431372549019,74.34428961408767,61.44771301741515,1
1789421904.3957014,-8,27,-0.23818769314609656,0.3556727877018362,0.8068562091503267,74.10610192094157,61.80338580511698,1
1789421904.4328463,-4,25,0.0,0.3550985880142597,0.8103888888888889,74.10610192094157,62.15848439313124,1
1789421904.4678519,2,17,0.0,0.1997167980309752,0.8150130718954248,74.10610192094157,62.358201191162216,1
1789421904.5022638,17,-4,0.1230507642542256,0.0,0.814954248366013,74.2291526851958,62.358201191162216,1
1789421904.537442,22,-14,0.1439672018721937,-0.23802053287368846,0.8116241830065359,74.373119887068,62.120180658288525,1
1789421904.5727203,26,-19,0.18672375871752847,-0.14982688792282767,0.8082549019607843,74.55984364578553,61.9703537703657,1
1789421904.6074915,31,-17,0.2734185275894132,-0.042016126700190545,0.8098986928104576,74.83326217337495,61.92833764366551,1
1789421904.6422703,39,-19,0.42371083785445307,-0.1327306457666512,0.8149803921568628,75.2569730112294,61.79560699789886,1
1789421904.6769967,48,-25,0.5616266630947738,-0.2677306486124182,0.8155947712418301,75.81859967432418,61.52787634928644,1
1789421904.7144809,60,-28,0.7576624392586669,-0.2723617107155243,0.8157254901960784,76.57626211358284,61.255514638570915,1
1789421904.750971,75,-27,1.0062880108651728,-0.22834035710296777,0.817437908496732,77.58255012444802,61.02717428146795,1
1789421904.7872992,95,-31,1.34611517477577,-0.3596083003096809,0.8107254901960784,78.9286652992238,60.66756598115827,1
1789421904.8228037,99,-37,1.2374374130119299,-0.4753239363004393,0.8064869281045751,80.16610271223573,60.19224204485783,1
1789421904.8579128,94,-40,1.0688174437233553,-0.4916376158564151,0.8008725490196078,81.23492015595909,59.700604429001416,1
1789421904.8930283,92,-38,1.091503570288137,-0.4271145615212136,0.7985718954248366,82.32642372624723,59.2734898674802,1
1789421904.9283562,87,-38,0.9992172269474822,-0.4824432420730591,0.7978104575163398,83.3256409531947,58.79104662540714,1
1789421904.9640985,84,-32,0.9980096508733173,-0.3613669993949975,0.7976928104575164,84.32365060406802,58.429679626012145,1
1789421904.9998584,89,-14,1.15983709189722,-0.023779839111764733,0.7983692810457517,85.48348769596524,58.40589978690038,1
1789421905.0346704,92,13,1.163074757461026,0.3914747933824194,0.7917908496732026,86.64656245342627,58.7973745802828,1
1789421905.0696359,96,23,1.2171890756875416,0.2627992550137203,0.7915065359477124,87.86375152911381,59.06017383529652,1
1789421905.1047225,107,31,1.426987410341214,0.3356498797482208,0.784359477124183,89.29073893945503,59.395823715044735,1
1789421905.139093,106,32,1.245474271861472,0.26808861982280313,0.7942450980392157,90.5362132113165,59.66391233486754,1
1789421905.173506,99,38,1.0882924287772973,0.4268809749265153,0.7966045751633987,91.62450564009379,60.09079330979406,1
1789421905.2082777,89,48,0.9462136960754739,0.6168921984095749,0.7992254901960785,92.57071933616926,60.70768550820363,1
1789421905.243452,79,53,0.8478471883303509,0.6314494301197608,0.8031339869281046,93.41856652449961,61.33913493832339,1
1789421905.2786124,71,55,0.7959344592205814,0.6474771760470308,0.8070065359477124,94.21450098372019,61.98661211437042,1
1789421905.3140635,63,60,0.7170190712207737,0.7820238622305219,0.8143235294117647,94.93152005494096,62.76863597660095,1
1789421905.3500838,53,60,0.5916946291020365,0.7548202943801879,0.8103398692810457,95.523214684043,63.523456270981136,1
1789421905.3851523,42,33,0.4630926738357105,0.12292152816795443,0.8219281045751634,95.98630735787872,63.64637779914909,1
1789421905.4202073,38,36,0.5229509391874431,0.6027879595750759,0.8036699346405228,96.50925829706615,64.24916575872417,1
1789421905.4553378,34,33,0.48307520883803945,0.48730524772833694,0.7999640522875817,96.9923335059042,64.73647100645252,1
1789421905.490672,29,6,0.41925304456364065,-0.12207222672064777,0.8246535947712418,97.41158655046785,64.61439877973187,1
1789421905.525381,16,-8,0.17265005944240955,-0.08722228714401577,0.8308366013071895,97.58423660991025,64.52717649258786,1
1789421905.560353,0,-22,0.0,-0.24154248653680216,0.8297418300653595,97.58423660991025,64.28563400605105,1
1789421905.5958672,-17,-34,-0.22811023936185404,-0.35369286453877,0.8313692810457516,97.3561263705484,63.93194114151228,1
1789421905.632273,-30,-19,-0.3242981216747305,0.15707392753463795,0.8031437908496732,97.03182824887367,64.08901506904692,1
1789421905.6680784,-70,-51,-1.1540370392573363,-0.8521922631982166,0.8160098039215686,95.87779120961633,63.2368228058487,1
1789421905.7033923,-91,-60,-1.167550551683743,-0.6652800059527352,0.8077647058823529,94.71024065793259,62.571542799895965,1
1789421905.7385015,-112,-68,-1.4579594555251587,-0.7795250122442499,0.7965686274509803,93.25228120240743,61.792017787651716,1
1789421905.7733843,-136,-72,-1.8380293264886565,-0.8131646842011635,0.7789477124183006,91.41425187591878,60.978853103450554,1
1789421905.809125,-150,-74,-1.8957237480667697,-0.8567053176485759,0.7509477124183006,89.51852812785201,60.12214778580198,1
1789421905.844526,-148,-65,-1.6516909038140941,-0.6573686139107503,0.7406143790849673,87.86683722403791,59.46477917189123,1
1789421905.8807895,-144,-39,-1.5849356841842694,-0.1949584493835722,0.7319967320261438,86.28190153985364,59.26982072250766,1
1789421905.9176004,-147,-10,-1.7107221887803645,0.1234636462195034,0.7097712418300653,84.57117935107327,59.393284368727166,1
1789421905.9532802,-152,13,-1.7901374554356768,0.2913993764932409,0.68309477124183,82.78104189563759,59.684683745220404,1
1789421905.9893887,-154,40,-1.7677010824698012,0.6415168306332732,0.6615228758169934,81.01334081316779,60.326200575853676,1
1789421906.0256782,-158,67,-1.8350751615105836,0.9584630192832858,0.6296013071895424,79.1782656516572,61.28466359513696,1
1789421906.063687,-163,86,-1.8958310051920169,1.091816178809821,0.6001503267973857,77.28243464646518,62.376479773946784,1
1789421906.099943,-161,97,-1.7824461378775736,1.1737893626928821,0.5939183006535947,75.4999885085876,63.55026913663966,1
1789421906.1358147,-147,116,-1.4749277584729152,1.5601831257410816,0.5978725490196078,74.02506075011469,65.11045226238075,1
1789421906.1715617,-145,116,-1.6220295822079955,1.3599999999999999,0.5959150326797386,72.40303116790669,66.47045226238075,1
1789421906.207473,-139,117,-1.506447017888684,1.3839244799447574,0.594859477124183,70.896584150018,67.8543767423255,1
1789421906.2428932,-130,121,-1.3729546323470019,1.4664611874297482,0.6011895424836601,69.523629517671,69.32083792975524,1
1789421906.27878,-115,118,-1.140135096368743,1.3381022096136173,0.6223366013071896,68.38349442130226,70.65894013936887,1
1789421906.3146305,-92,108,-0.8002973626825212,1.1407801587933828,0.6184967320261437,67.58319705861973,71.79972029816224,1
1789421906.3506985,-73,96,-0.6667336539986257,0.9937122354449281,0.6085065359477124,66.91646340462111,72.79343253360717,1
1789421906.3877351,-57,84,-0.5539393693537067,0.8779920817319763,0.6077156862745098,66.3625240352674,73.67142461533915,1
1789421906.4229906,-43,71,-0.43145709300910207,0.7256487023788593,0.6099084967320262,65.9310669422583,74.39707331771801,1
1789421906.4584346,-30,62,-0.3166726558717521,0.6930417983937148,0.6014117647058823,65.61439428638654,75.09011511611173,1
1789421906.4942138,-19,56,-0.23623038107998215,0.6761362836576913,0.5983562091503268,65.37816390530656,75.76625139976943,1
1789421906.5298862,-13,48,-0.24589075012366146,0.5678813135700824,0.6064967320261437,65.1322731551829,76.33413271333951,1
1789421906.566128,-9,38,-0.2348317516688041,0.44204944021260084,0.6052647058823529,64.8974414035141,76.77618215355211,1
1789421906.6018233,-4,24,0.0,0.2435665101093225,0.6043366013071896,64.8974414035141,77.01974866366143,1
1789421906.636132,-1,16,0.0,0.243338437254452,0.6068169934640523,64.8974414035141,77.26308710091588,1
1789421906.6709747,3,10,0.0,0.2139459311589991,0.6046078431372549,64.8974414035141,77.47703303207489,1
1789421906.7058911,6,5,-0.06972696731662237,0.0,0.6058529411764706,64.82771443619747,77.47703303207489,1
1789421906.7412322,6,-3,-0.11891340255737307,0.0,0.6117450980392157,64.7088010336401,77.47703303207489,1
1789421906.775959,6,-13,-0.11481916427612304,-0.06678591741017809,0.608202614379085,64.59398186936397,77.41024711466471,1
1789421906.8124301,8,-16,-0.06149356639692026,-0.0401507438352495,0.6010522875816994,64.53248830296705,77.37009637082946,1
1789421906.849622,11,-16,-0.010588316061016532,-0.010884366035461418,0.5997058823529412,64.52189998690604,77.359212004794,1
1789421906.886144,14,-20,0.030505113231691236,-0.12025451468925204,0.6060032679738562,64.55240510013773,77.23895749010475,1
1789421906.921262,19,-26,0.12397382112563096,-0.2291870506772025,0.6016339869281045,64.67637892126336,77.00977043942756,1
1789421906.956327,22,-28,0.1409745610754834,-0.21190814834073027,0.5971274509803921,64.81735348233885,76.79786229108683,1
1789421906.9924104,25,-26,0.18781757789945475,-0.15443803017264707,0.5949803921568627,65.0051710602383,76.64342426091419,1
1789421907.02857,27,-27,0.21343291240993512,-0.22550253469610168,0.5947875816993464,65.21860397264822,76.41792172621808,1
1789421907.0642228,28,-30,0.2297376950383314,-0.30513039445290074,0.5918692810457516,65.44834166768656,76.11279133176518,1
1789421907.100148,30,-30,0.2851075040775733,-0.2846166706085205,0.5897254901960785,65.73344917176414,75.82817466115667,1
1789421907.1356094,33,-29,0.35297192314932335,-0.28110544176034913,0.5865098039215686,66.08642109491346,75.54706921939632,1
1789421907.170605,33,-31,0.33380439281463625,-0.36546895083337405,0.5842549019607843,66.4202254877281,75.18160026856295,1
1789421907.2059226,33,-29,0.3571159362792969,-0.3090653962604353,0.5861241830065359,66.7773414240074,74.87253487230251,1
1789421907.2410767,26,-22,0.20581125709509784,-0.1832680870950863,0.5993660130718954,66.9831526811025,74.68926678520742,1
1789421907.2785506,16,-6,0.08352381816333077,0.08638889378410008,0.6038954248366013,67.06667649926582,74.77565567899153,1
1789421907.3161867,7,10,0.01341556270538212,0.2525053152370897,0.5965980392156863,67.0800920619712,75.02816099422861,1
1789421907.3521445,-3,16,0.0,0.19532798033296989,0.5859738562091503,67.0800920619712,75.22348897456159,1
1789421907.3879554,-9,15,-0.15176704143287265,0.09852158087638671,0.5846960784313725,66.92832502053832,75.32201055543797,1
1789421907.4232614,-14,14,-0.17097495662634293,0.09816958921403308,0.5848692810457516,66.75735006391199,75.42018014465201,1
1789421907.4585307,-14,18,-0.11004886150360109,0.22173182741008493,0.5837941176470588,66.64730120240839,75.64191197206209,1
1789421907.4948418,-15,19,-0.1447168022419237,0.2025986866119142,0.583359477124183,66.50258440016646,75.84451065867401,1
1789421907.531096,-18,18,-0.21534177167246274,0.17809109166515072,0.5843202614379085,66.287242628494,76.02260175033916,1
1789421907.5675082,-20,20,-0.23598790577270737,0.2538963003425703,0.5824869281045751,66.0512547227213,76.27649805068174,1
1789421907.6032069,-20,20,-0.22284429073333742,0.2407250165939331,0.5831732026143791,65.82841043198796,76.51722306727567,1
1789421907.6385784,-20,18,-0.23698976039886477,0.2051882860154764,0.5833202614379085,65.59142067158909,76.72241135329114,1
1789421907.6738348,-20,16,-0.2510967016220093,0.1963771485163156,0.5819640522875817,65.34032396996709,76.91878850180746,1
1789421907.7087822,-13,15,-0.09000790119581777,0.21091478329947805,0.6007320261437908,65.25031606877127,77.12970328510693,1
1789421907.7438633,-1,10,0.0,0.11067617408014788,0.5972450980392157,65.25031606877127,77.24037945918708,1
1789421907.7798922,7,1,0.15933633094826416,0.0,0.5992483660130719,65.40965239971953,77.24037945918708,1
1789421907.8180392,14,-6,0.19356576636837686,-0.0943584526415911,0.5894934640522875,65.60321816608791,77.1460210065455,1
1789421907.853357,17,-8,0.1848749665389044,-0.04066992857952423,0.5858464052287582,65.78809313262681,77.10535107796598,1
1789421907.8888268,17,-12,0.15443716049194336,-0.11725787959674963,0.5892254901960784,65.94253029311875,76.98809319836923,1
1789421907.923921,15,-16,0.11646889566058113,-0.16908489301507384,0.5849477124183007,66.05899918877932,76.81900830535416,1
1789421907.9595604,16,-15,0.18039846272876195,-0.09876209333114308,0.5863398692810458,66.23939765150809,76.72024621202301,1
1789421907.9957662,18,-9,0.2270411055409763,0.02359071588187335,0.5850718954248366,66.46643875704906,76.7438369279049,1
1789421908.0317671,19,-8,0.2369607889452174,-0.041182633698625466,0.5846601307189543,66.70339954599427,76.70265429420627,1
1789421908.0683281,20,-8,0.26138427594543545,-0.06091673374176025,0.5848986928104575,66.9647838219397,76.6417375604645,1
1789421908.102917,22,-5,0.31161820816276264,0.0,0.5841895424836602,67.27640203010246,76.6417375604645,1
1789421908.1374633,14,-5,0.09709570842828372,0.0,0.6030882352941176,67.37349773853074,76.6417375604645,1
1789421908.1720164,2,-6,0.0,-0.043700345857009694,0.5908039215686275,67.37349773853074,76.5980372146075,1
1789421908.2063603,-3,-5,0.0,0.0,0.5814477124183006,67.37349773853074,76.5980372146075,1
1789421908.2409432,-1,-3,0.0,0.0,0.5818006535947713,67.37349773853074,76.5980372146075,1
1789421908.277885,1,-3,0.0,0.0,0.5813267973856209,67.37349773853074,76.5980372146075,1
1789421908.3131754,2,-4,0.0,0.0,0.5807941176470588,67.37349773853074,76.5980372146075,1
1789421908.347993,3,-5,0.0,0.0,0.5799477124183007,67.37349773853074,76.5980372146075,1
1789421908.3835192,4,-3,0.0,0.0,0.5803823529411765,67.37349773853074,76.5980372146075,1
1789421908.418631,5,0,0.0,0.0,0.5789934640522876,67.37349773853074,76.5980372146075,1
1789421908.4530387,5,-1,0.0,0.0,0.579437908496732,67.37349773853074,76.5980372146075,1
1789421908.4872963,5,-1,0.0,0.0,0.5785915032679738,67.37349773853074,76.5980372146075,1
1789421908.5222988,6,0,0.1686557065403845,0.0,0.5795163398692811,67.54215344507112,76.5980372146075,1
1789421908.5576777,5,3,0.0,0.0,0.5785816993464052,67.54215344507112,76.5980372146075,1
1789421908.591767,5,2,0.0,0.0,0.5792777777777778,67.54215344507112,76.5980372146075,1
1789421908.626351,5,1,0.0,0.0,0.5790130718954248,67.54215344507112,76.5980372146075,1
1789421908.6611774,0,2,0.0,0.0,0.5821862745098039,67.54215344507112,76.5980372146075,1
1789421908.6973279,-2,4,0.0,0.0,0.5777418300653595,67.54215344507112,76.5980372146075,1
1789421908.7318838,1,3,0.0,0.0,0.5768562091503268,67.54215344507112,76.5980372146075,1
1789421908.7670267,2,4,0.0,0.0,0.5767222222222222,67.54215344507112,76.5980372146075,1
1789421908.802509,3,4,0.0,0.0,0.5767843137254902,67.54215344507112,76.5980372146075,1
1789421908.8368611,4,4,0.0,0.0,0.5772385620915033,67.54215344507112,76.5980372146075,1
1789421908.871077,4,3,0.0,0.0,0.5774771241830066,67.54215344507112,76.5980372146075,1
1789421908.9051206,5,4,0.0,0.0,0.5775915032679738,67.54215344507112,76.5980372146075,1
1789421908.9395657,5,4,0.0,0.0,0.5783300653594772,67.54215344507112,76.5980372146075,1
1789421908.973947,5,3,0.0,0.0,0.5782320261437909,67.54215344507112,76.5980372146075,1
1789421909.0083082,5,3,0.0,0.0,0.5773660130718954,67.54215344507112,76.5980372146075,1
1789421909.043795,5,3,0.0,0.0,0.5763725490196079,67.54215344507112,76.5980372146075,1
1789421909.0786417,4,3,0.0,0.0,0.5752941176470588,67.54215344507112,76.5980372146075,1
1789421909.1142278,4,2,0.0,0.0,0.5731895424836602,67.54215344507112,76.5980372146075,1
1789421909.149372,4,2,0.0,0.0,0.5712385620915033,67.54215344507112,76.5980372146075,1
1789421909.1843233,4,4,0.0,0.0,0.5690098039215686,67.54215344507112,76.5980372146075,1
1789421909.2192264,5,4,0.0,0.0,0.5675522875816994,67.54215344507112,76.5980372146075,1
1789421909.2543442,6,4,0.26,0.0,0.5669281045751634,67.80215344507113,76.5980372146075,1
1789421909.289508,7,5,0.28421691941617916,0.0,0.5670915032679739,68.08637036448731,76.5980372146075,1
1789421909.324647,9,5,0.31845814702988773,0.0,0.5680915032679739,68.4048285115172,76.5980372146075,1
1789421909.3599331,11,5,0.3383414238607492,0.0,0.5698562091503268,68.74316993537795,76.5980372146075,1
1789421909.3958855,12,4,0.33391560996649083,0.0,0.5714052287581699,69.07708554534445,76.5980372146075,1
1789421909.4314766,9,4,0.24788062019655627,0.0,0.5751601307189542,69.324966165541,76.5980372146075,1
1789421909.466635,-2,3,0.0,0.0,0.5806568627450981,69.324966165541,76.5980372146075,1
1789421909.502219,-9,3,-0.029940397654162842,0.0,0.5880065359477125,69.29502576788684,76.5980372146075,1
1789421909.5376177,-18,3,-0.13260057659276347,0.0,0.5861339869281046,69.16242519129408,76.5980372146075,1
1789421909.572799,-24,3,-0.16767996058433526,0.0,0.5788398692810458,68.99474523070974,76.5980372146075,1
1789421909.6090114,-26,3,-0.14880007448469196,0.0,0.5766993464052288,68.84594515622504,76.5980372146075,1
1789421909.6446092,-27,3,-0.16445629648375923,0.0,0.5751111111111111,68.68148885974128,76.5980372146075,1
1789421909.6811297,-29,3,-0.21897034500916107,0.0,0.5741372549019608,68.46251851473212,76.5980372146075,1
1789421909.717653,-30,2,-0.23719957271058995,0.0,0.5732679738562092,68.22531894202153,76.5980372146075,1
1789421909.7532506,-31,1,-0.26962925223034384,0.0,0.5723300653594772,67.95568968979119,76.5980372146075,1
1789421909.788725,-32,0,-0.3023747867443824,0.0,0.5718398692810458,67.6533149030468,76.5980372146075,1
1789421909.824436,-33,-1,-0.3358479913096678,0.0,0.5720294117647059,67.31746691173714,76.5980372146075,1
1789421909.8600311,-34,-2,-0.3701049885943057,0.0,0.5724836601307189,66.94736192314284,76.5980372146075,1
1789421909.8962965,-30,-3,-0.28262284062615456,0.0,0.5850522875816994,66.66473908251668,76.5980372146075,1
1789421909.9316678,-5,-2,0.0,0.0,0.5888562091503268,66.66473908251668,76.5980372146075,1
1789421909.9667623,2,-3,0.0,0.0,0.5839803921568627,66.66473908251668,76.5980372146075,1
1789421910.0022624,7,-5,0.2215574240167026,0.0,0.5859215686274509,66.88629650653338,76.5980372146075,1
1789421910.0372937,10,-5,0.12686452147369487,0.0,0.5837156862745098,67.01316102800708,76.5980372146075,1
1789421910.0731018,10,-5,0.09120590686798097,0.0,0.583781045751634,67.10436693487506,76.5980372146075,1
1789421910.1082237,8,-5,0.048332093734437274,0.0,0.5808398692810458,67.15269902860949,76.5980372146075,1
1789421910.1443293,7,-5,0.05803097241899144,0.0,0.5769738562091503,67.21073000102848,76.5980372146075,1
1789421910.181552,8,-6,0.1013902083103864,-0.26,0.5743137254901961,67.31212020933887,76.3380372146075,1
1789421910.2181873,12,-6,0.19110302834813522,-0.26,0.5720947712418301,67.50322323768701,76.07803721460749,1
1789421910.253865,16,-7,0.24401596001923526,-0.2840162408185907,0.5690555555555555,67.74723919770625,75.7940209737889,1
1789421910.2900372,20,-9,0.29770053874748864,-0.31764575918162885,0.5675588235294118,68.04493973645374,75.47637521460727,1
1789421910.3258271,24,-10,0.3554815820958651,-0.31397058196546584,0.5667679738562091,68.4004213185496,75.16240463264181,1
1789421910.3621895,28,-11,0.41499079075063394,-0.3237581316013908,0.5671209150326797,68.81541210930024,74.83864650104042,1
1789421910.398578,35,-11,0.5515774543479735,-0.31,0.5692091503267974,69.36698956364822,74.52864650104041,1
1789421910.434137,33,-1,0.4316666086892094,0.0,0.5855130718954248,69.79865617233743,74.52864650104041,1
1789421910.469655,17,14,0.08207260158186677,0.13576954855695883,0.5841437908496732,69.8807287739193,74.66441604959738,1
1789421910.5056407,6,23,0.05264089971791164,0.1914906704967582,0.5767156862745098,69.93336967363722,74.85590672009414,1
1789421910.5410888,-6,26,-0.08825530046901212,0.1572338332450953,0.5768333333333333,69.8451143731682,75.01314055333924,1
1789421910.5781915,-16,27,-0.16538659869375166,0.15837943145055022,0.5698235294117647,69.67972777447444,75.1715199847898,1
1789421910.6156802,-19,28,-0.11485703552297713,0.18924200942855063,0.5625,69.56487073895147,75.36076199421835,1
1789421910.6529274,-17,26,-0.040696721695815063,0.14843320320794656,0.5605555555555556,69.52417401725566,75.5091951974263,1
1789421910.6893494,-16,24,-0.05546683700046716,0.1453113212329751,0.5554084967320262,69.4687071802552,75.65450651865928,1
1789421910.725566,-15,24,-0.05627609042475876,0.19015291213989258,0.5504869281045751,69.41243108983043,75.84465943079917,1
1789421910.7623618,-13,24,-0.032437058343299026,0.20780965805053708,0.5460065359477124,69.37999403148713,76.0524690888497,1
1789421910.7988687,-9,22,0.028589667073854817,0.1764692478830828,0.5400326797385621,69.40858369856099,76.22893833673278,1
1789421910.8354194,-5,19,0.0,0.14664687736356552,0.5375980392156863,69.40858369856099,76.37558521409635,1
1789421910.8717513,0,17,0.0,0.15256498610861172,0.5366633986928104,69.40858369856099,76.52815020020496,1
1789421910.9074118,5,14,0.0,0.11797152560897481,0.5386241830065359,69.40858369856099,76.64612172581394,1
1789421910.9447277,9,11,0.2417550048129755,0.0981638311017641,0.5412091503267974,69.65033870337396,76.7442855569157,1
1789421910.9825027,13,11,0.28278455782364575,0.14660949230194092,0.547843137254902,69.93312326119761,76.89089504921763,1
1789421911.019654,18,15,0.36055019360814683,0.25158930506431254,0.554421568627451,70.29367345480576,77.14248435428195,1
1789421911.0557709,20,17,0.35538975986451954,0.25772137459949745,0.5608562091503267,70.64906321467028,77.40020572888145,1
1789421911.0914922,21,17,0.36670069256764315,0.24218085289001468,0.5694117647058824,71.01576390723793,77.64238658177146,1
1789421911.1281884,22,15,0.3924737206186279,0.2059098310953625,0.5762320261437909,71.40823762785655,77.84829641286683,1
1789421911.1651833,22,19,0.39513363838195803,0.34126816870940163,0.5965751633986928,71.80337126623851,78.18956458157624,1
1789421911.2018523,13,14,0.1919971697690943,0.17934793848182742,0.6058366013071895,71.99536843600761,78.36891252005806,1
1789421911.2375047,1,8,0.0,0.10886699531476701,0.6089836601307189,71.99536843600761,78.47777951537283,1
1789421911.2735622,-11,5,-0.10728732065575337,0.0,0.5920424836601307,71.88808111535185,78.47777951537283,1
1789421911.309921,-18,3,-0.12048000494942435,0.0,0.574078431372549,71.76760111040242,78.47777951537283,1
1789421911.3471203,-22,0,-0.13450103816549594,0.0,0.569359477124183,71.63310007223693,78.47777951537283,1
1789421911.3840482,-26,-4,-0.19402696431747335,0.0,0.5595424836601307,71.43907310791946,78.47777951537283,1
1789421911.4201922,-28,-6,-0.2079356088040316,-0.0070225607788972425,0.548218954248366,71.23113749911542,78.47075695459394,1
1789421911.4560559,-29,-5,-0.2246582354083849,0.0,0.5403921568627451,71.00647926370704,78.47075695459394,1
1789421911.4928453,-30,-6,-0.25647718798833713,0.02256056308746339,0.5343954248366013,70.7500020757187,78.4933175176814,1
1789421911.5300117,-29,-7,-0.2407408368277861,-0.0060977655778078985,0.5330228758169935,70.50926123889091,78.4872197521036,1
1789421911.5656862,-20,-5,-0.05483374537129532,0.0,0.5414869281045752,70.45442749351962,78.4872197521036,1
1789421911.6020484,-15,-5,-0.07086663366392164,0.0,0.5499346405228758,70.38356085985569,78.4872197521036,1
1789421911.6385832,-10,-6,-0.027277816891984122,0.008932119130722877,0.5599281045751634,70.35628304296371,78.49615187123432,1
1789421911.6733277,-5,-4,0.0,0.0,0.5723267973856209,70.35628304296371,78.49615187123432,1
1789421911.7092984,0,-2,0.0,0.0,0.5888300653594771,70.35628304296371,78.49615187123432,1
1789421911.7460797,11,0,0.2341174058358428,0.0,0.6098398692810457,70.59040044879956,78.49615187123432,1
1789421911.7824316,19,0,0.3407416626009019,0.0,0.6090457516339869,70.93114211140046,78.49615187123432,1
1789421911.8196104,21,0,0.293281622203945,0.0,0.6126372549019607,71.22442373360441,78.49615187123432,1
1789421911.8552055,21,2,0.28133330821990965,0.0,0.6140065359477124,71.50575704182432,78.49615187123432,1
1789421911.8911326,18,3,0.22251941511548567,0.0,0.613562091503268,71.72827645693981,78.49615187123432,1
1789421911.9282358,15,4,0.20491800213851433,0.0,0.609718954248366,71.93319445907832,78.49615187123432,1
1789421911.9653342,8,5,0.08711594028795579,0.0,0.6002222222222222,72.02031039936628,78.49615187123432,1
1789421912.0006773,0,4,0.0,0.0,0.6123692810457516,72.02031039936628,78.49615187123432,1
1789421912.036203,-16,2,-0.25069560473436486,0.0,0.5993137254901961,71.76961479463192,78.49615187123432,1
1789421912.0719352,-26,2,-0.3398205219409274,0.0,0.5778856209150327,71.429794272691,78.49615187123432,1
1789421912.1070864,-31,2,-0.342878422631257,0.0,0.5681699346405229,71.08691585005974,78.49615187123432,1
1789421912.142907,-33,0,-0.3432635619004627,0.0,0.5629771241830065,70.74365228815928,78.49615187123432,1
1789421912.1819518,-34,-2,-0.36471676737341774,0.0,0.5601437908496733,70.37893552078586,78.49615187123432,1
1789421912.2182696,-36,-3,-0.425589830787427,0.0,0.5573464052287582,69.95334568999843,78.49615187123432,1
1789421912.2540119,-37,-3,-0.4484927715405081,0.0,0.55509477124183,69.50485291845791,78.49615187123432,1
1789421912.2898493,-37,-3,-0.46102234363555905,0.0,0.554297385620915,69.04383057482235,78.49615187123432,1
1789421912.3255632,-29,-2,-0.2897378950017156,0.0,0.5775751633986929,68.75409267982063,78.49615187123432,1
1789421912.364547,-16,-1,-0.1175338889092139,0.0,0.5741209150326797,68.63655879091142,78.49615187123432,1
1789421912.4001925,5,2,0.0,0.0,0.5784542483660131,68.63655879091142,78.49615187123432,1
1789421912.4360185,12,2,0.20883178470833821,0.0,0.5762549019607843,68.84539057561976,78.49615187123432,1
1789421912.4716835,15,2,0.09569214295547265,0.0,0.5723137254901961,68.94108271857523,78.49615187123432,1
1789421912.5066142,15,3,0.06410995483398436,0.0,0.5734803921568628,69.00519267340921,78.49615187123432,1
1789421912.5424576,14,3,0.05021262659714121,0.0,0.5751470588235295,69.05540530000636,78.49615187123432,1
1789421912.5791512,13,1,0.0500473785079326,0.0,0.5754771241830066,69.10545267851428,78.49615187123432,1
1789421912.6152704,12,0,0.0485223299724834,0.0,0.5735915032679738,69.15397500848677,78.49615187123432,1
1789421912.6517189,10,-1,0.022210141751699893,0.0,0.570624183006536,69.17618515023847,78.49615187123432,1
1789421912.6874897,8,-3,0.0074163400888965815,0.0,0.5675326797385621,69.18360149032736,78.49615187123432,1
1789421912.7229102,6,-5,-0.008613597869532797,0.0,0.5633562091503268,69.17498789245784,78.49615187123432,1
1789421912.758568,5,-7,0.0,-0.16290469778948738,0.5596241830065359,69.17498789245784,78.33324717344483,1
1789421912.7951808,3,-9,0.0,-0.21636856946886046,0.5566764705882353,69.17498789245784,78.11687860397598,1
1789421912.830973,0,-11,0.0,-0.24484694455135908,0.5495686274509803,69.17498789245784,77.87203165942462,1
1789421912.8669448,-1,-11,0.0,-0.22483994007110597,0.5474150326797386,69.17498789245784,77.64719171935351,1
1789421912.902964,-3,-12,0.0,-0.2573670904382929,0.5469346405228758,69.17498789245784,77.38982462891522,1
1789421912.9386423,-4,-12,0.0,-0.2520477914810181,0.5474084967320262,69.17498789245784,77.1377768374342,1
1789421912.9749167,-5,-11,0.0,-0.23623533946307732,0.5483202614379085,69.17498789245784,76.90154149797112,1
1789421913.0118616,-6,-11,-0.15578718641144348,-0.2581658458709717,0.5492483660130719,69.01920070604639,76.64337565210015,1
1789421913.0484502,-7,-10,-0.16375727665935277,-0.24182716836836768,0.5498921568627451,68.85544342938704,76.40154848373177,1
1789421913.0851912,-7,-4,-0.15533234596252443,0.0,0.5552549019607843,68.70011108342452,76.40154848373177,1
1789421913.1221497,-7,9,-0.16042091369628908,0.07667730710773046,0.5614901960784314,68.53969016972823,76.4782257908395,1
1789421913.15823,-7,25,-0.1654734992980957,0.347551101081917,0.5553366013071895,68.37421667043013,76.82577689192142,1
1789421913.19525,-8,29,-0.19491167845342253,0.2413268178654161,0.5489379084967321,68.17930499197671,77.06710370978683,1
1789421913.231869,-6,20,-0.13852287400078594,-0.010888669821310343,0.5479509803921568,68.04078211797592,77.05621503996552,1
1789421913.2683246,-2,23,0.0,0.19990267659569771,0.548,68.04078211797592,77.25611771656122,1
1789421913.303761,3,23,0.0,0.17497674942016603,0.5502156862745098,68.04078211797592,77.43109446598139,1
1789421913.339496,5,20,0.0,0.11719718818875907,0.5499967320261437,68.04078211797592,77.54829165417014,1
1789421913.3753853,5,18,0.0,0.12438224748943724,0.5509444444444445,68.04078211797592,77.67267390165958,1
1789421913.4126139,7,19,0.02547917623984248,0.1897694888955696,0.555264705882353,68.06626129421576,77.86244339055514,1
1789421913.449918,8,18,0.01886929082510677,0.1663924959777181,0.5595751633986928,68.08513058504087,78.02883588653286,1
1789421913.4862368,8,15,0.011292796134948727,0.11938828729609922,0.5651633986928104,68.09642338117582,78.14822417382896,1
1789421913.52243,10,9,0.0661663485283695,0.024304164757803462,0.5701732026143791,68.1625897297042,78.17252833858677,1
1789421913.5579371,14,2,0.14401626993520109,0.0,0.5753888888888888,68.3066059996394,78.17252833858677,1
1789421913.5943532,19,-7,0.22212366942027356,-0.17413054116479487,0.5805424836601307,68.52872966905967,77.99839779742197,1
1789421913.6319623,31,-27,0.4548815982604369,-0.5488753226251192,0.6008954248366013,68.98361126732011,77.44952247479685,1
1789421913.668461,39,-32,0.5136577396375004,-0.4250486819030164,0.6211372549019608,69.49726900695761,77.02447379289383,1
1789421913.7041879,49,-34,0.6790239129041837,-0.42883334238015924,0.6473692810457516,70.1762929198618,76.59564045051367,1
1789421913.739999,58,-37,0.7964016856731946,-0.499237164367627,0.6768529411764705,70.97269460553498,76.09640328614604,1
1789421913.7759109,67,-40,0.933840205737371,-0.5578189206381913,0.7095653594771242,71.90653481127235,75.53858436550784,1
1789421913.8126338,76,-40,1.077174826347544,-0.5454438018798828,0.7230980392156863,72.9837096376199,74.99314056362796,1
1789421913.8486896,77,-45,0.9838574968447901,-0.697224163450598,0.7161601307189542,73.96756713446469,74.29591640017736,1
1789421913.8851514,65,-41,0.6853840759831498,-0.555140226276895,0.6604934640522876,74.65295121044784,73.74077617390047,1
1789421913.9210865,55,-33,0.6108789794550991,-0.41869432299925036,0.6062385620915033,75.26383018990293,73.32208185090123,1
1789421913.9569046,45,-28,0.5103955505555149,-0.41020149238828724,0.5686895424836601,75.77422574045845,72.91188035851295,1
1789421913.9942605,34,-28,0.3927525308618335,-0.48000000000000004,0.5512483660130719,76.16697827132027,72.43188035851294,1
1789421914.0309248,16,-35,0.11455798802332912,-0.6454664308196552,0.5321862745098039,76.28153625934361,71.78641392769329,1
1789421914.0680337,6,-40,0.12535312548153477,-0.667350679881045,0.5161699346405229,76.40688938482515,71.11906324781225,1
1789421914.103984,-5,-44,0.0,-0.6957434445729171,0.500640522875817,76.40688938482515,70.42331980323934,1
1789421914.1404183,-16,-47,-0.13523229496308017,-0.711098869226096,0.48901633986928106,76.27165708986207,69.71222093401325,1
1789421914.1779149,-26,-51,-0.2358444469475354,-0.7633405907226656,0.4753496732026144,76.03581264291454,68.94888034329058,1
1789421914.2155902,-34,-55,-0.3144721007837007,-0.8030796896948835,0.46316993464052286,75.72134054213083,68.1458006535957,1
1789421914.2526252,-37,-54,-0.3061904503104907,-0.7264990794030927,0.4557777777777778,75.41515009182034,67.4193015741926,1
1789421914.2896693,-34,-49,-0.2203965216864007,-0.6225201588251571,0.45958496732026144,75.19475357013394,66.79678141536745,1
1789421914.326102,-28,-40,-0.13892667560281538,-0.47648069107686275,0.47501307189542485,75.05582689453112,66.32030072429059,1
1789421914.3625238,-12,-15,0.14972534019735423,-0.006751536895307775,0.5315751633986928,75.20555223472847,66.31354918739528,1
1789421914.3990107,6,-8,0.36078530130656045,-0.18410326491684198,0.5383496732026144,75.56633753603504,66.12944592247844,1
1789421914.435022,29,2,0.6797818993094946,0.0,0.5430915032679738,76.24611943534453,66.12944592247844,1
1789421914.4714553,49,7,0.8798757082354141,-0.016304646665094902,0.5490555555555555,77.12599514357994,66.11314127581335,1
1789421914.5083015,61,2,0.9265537539948463,0.0,0.5706176470588236,78.0525488975748,66.11314127581335,1
1789421914.545289,68,-9,0.9762930233778502,-0.3983561491662039,0.5894607843137255,79.02884192095264,65.71478512664714,1
1789421914.5824566,75,-18,1.0440987519790779,-0.5010291056691611,0.6090947712418301,80.07294067293172,65.21375602097798,1
1789421914.6187136,75,-28,0.95,-0.6178943215591384,0.617454248366013,81.02294067293172,64.59586169941885,1
1789421914.65417,50,-49,0.3473857659766218,-0.9861481541254791,0.6437156862745098,81.37032643890835,63.60971354529337,1
1789421914.6897535,29,-67,0.19495891952729316,-1.1229059091518159,0.6510980392156863,81.56528535843564,62.48680763614155,1
1789421914.7255847,13,-76,0.10672948910743515,-1.0855888267115585,0.6256699346405229,81.67201484754308,61.40121880942999,1
1789421914.7642157,5,-84,0.0,-1.1437269759620141,0.5687614379084968,81.67201484754308,60.25749183346798,1
1789421914.8017693,-16,-102,-0.1747833466561661,-1.4591900594985394,0.4681666666666667,81.49723150088691,58.79830177396944,1
1789421914.8388522,-22,-106,-0.1416131138273078,-1.313974147305027,0.38580718954248366,81.35561838705961,57.48432762666442,1
1789421914.8762045,-30,-109,-0.27004612493111746,-1.3301381607068807,0.29907516339869283,81.0855722621285,56.154189465957536,1
1789421914.9146652,-27,-109,-0.11487123728024073,-1.29,0.2505718954248366,80.97070102484825,54.86418946595754,1
1789421914.9511726,82,-97,2.4888365405507096,-1.0056292193541645,0.5291895424836601,83.45953756539896,53.858560246603375,1
1789421914.9868536,105,-107,1.572293839369237,-1.4101183937996926,0.6113235294117647,85.0318314047682,52.44844185280368,1
1789421915.0218008,128,-122,1.8089874569450601,-1.6345950924012034,0.7058790849673202,86.84081886171326,50.81384676040248,1
1789421915.0566766,148,-129,1.9668174731256325,-1.590377878671845,0.7561437908496732,88.80763633483889,50,1
1789421915.0916324,155,-144,1.8500822470684484,-1.8545204582651391,0.8231895424836602,90.65771858190733,50,1
1789421915.1260204,165,-164,1.9954375988238233,-2.1308227593571023,0.8664673202614379,92.65315618073116,50,1
1789421915.1600435,171,-199,1.998182940760104,-2.704360835867752,0.9079967320261438,94.65133912149126,50,1
1789421915.1935077,199,-201,2.608295027781735,-2.239881622068337,0.9531045751633986,97.259634149273,50,1
1789421915.2268262,212,-199,2.5151090372999745,-2.1599817212381462,0.9676862745098039,99.77474318657298,50,1
1789421915.2604408,190,-200,1.7726942629521643,-2.214874578867855,0.9724575163398693,101.54743744952513,50,1
1789421915.2938828,135,-225,0.7279156985446097,-2.823743940690049,0.9921274509803921,102.27535314806974,50,1
1789421915.3273606,97,-194,0.6023017588351367,-1.6769668100623916,0.9773562091503268,102.87765490690488,50,1
1789421915.3592293,97,-194,1.17,-2.14,0.9773562091503268,104.04765490690488,50,0
1789421915.3911943,97,-194,1.17,-2.14,0.9773562091503268,105.21765490690488,50,0
1789421915.4238586,97,-194,1.17,-2.14,0.9773562091503268,106.38765490690488,50,0
1789421915.458934,-18,117,-1.6314098813133528,5.484906558089241,0.9888039215686274,104.75624502559153,55.48490655808924,1
1789421915.4922366,-36,114,-0.46685527736199856,1.0529710271966801,0.9859313725490196,104.28938974822952,56.537877585285926,1
1789421915.525527,-55,118,-0.7085930688367809,1.2766573719843037,0.9859281045751634,103.58079667939275,57.81453495727023,1
1789421915.558925,-60,91,-0.5881564968698585,0.6031507364087989,0.9830588235294118,102.99264018252289,58.41768569367903,1
