timestamp,error_x,error_y,u_x,u_y,error_area,angle_x,angle_y
1789401806.2185347,0,0,0.0,0.0,0,90.0,90.0
1789401806.2709587,0,0,0.0,0.0,0,90.0,90.0
1789401806.3435047,-186,-71,-2.157569743420294,-0.9472141210813998,0.9486176470588236,87.8424302565797,89.0527858789186
1789401806.3959174,-186,-73,-2.06,-0.9490787201717596,0.9493104575163399,85.7824302565797,88.10370715874684
1789401806.4435034,-186,-74,-2.06,-0.9505047210214437,0.9427483660130719,83.7224302565797,87.1532024377254
1789401806.4832907,-157,-73,-1.405572951433622,-0.9174328723123756,0.9790849673202614,82.31685730514607,86.23576956541302
1789401806.5217314,-197,181,-2.689418452012384,5.050611056288124,0.8744901960784314,79.62743885313368,91.28638062170114
1789401806.5627663,-174,46,-1.6593172065849273,-1.2092798190395957,0.481297385620915,77.96812164654875,90.07710080266155
1789401806.6044104,-169,-66,-1.829953386360643,-2.0823643679763046,0.4579346405228758,76.13816826018811,87.99473643468524
1789401806.643862,-162,-126,-1.7312777996023232,-2.1978968049468635,0.5580555555555555,74.40689046058579,85.79683962973837
1789401806.6822617,-122,-174,-0.8996148883374689,-2.5649583788616273,0.6928464052287582,73.50727557224832,83.23188125087674
1789401806.721484,-21,-228,0.8765338014310183,-3.1679249665897222,0.9635816993464053,74.38380937367934,80.06395628428702
1789401806.759053,-55,-195,-1.2020497803249797,-1.7106162519761026,0.7625359477124183,73.18175959335436,78.35334003231091
1789401806.7996247,-52,-141,-0.6829489355437118,-0.9437243379675117,0.46544444444444444,72.49881065781065,77.4096156943434
1789401806.8492737,-43,-86,-0.5395374970643635,-0.5067705560431865,0.19881045751633986,71.95927316074629,76.90284513830021
1789401806.8919356,-26,-25,-0.2608046575556773,0.26483564391843945,-0.014555555555555556,71.69846850319061,77.16768078221865
1789401806.9357986,-10,-26,-0.11750903088612005,-0.47140208887221563,-0.03866666666666667,71.58095947230449,76.69627869334644
1789401806.979557,-5,-15,0.0,-0.22408892333555294,-0.02292483660130719,71.58095947230449,76.47218977001089
1789401807.0196471,-4,-4,0.0,0.0,-0.05066013071895425,71.58095947230449,76.47218977001089
1789401807.064429,-12,34,-0.3277728721590488,0.4861593740938183,-0.03307516339869281,71.25318660014544,76.9583491441047
1789401807.10834,-17,27,-0.4270402162856102,0.07176007252832846,-0.045754901960784314,70.82614638385984,77.03010921663304
1789401807.1514668,-22,30,-0.4779868384670686,0.24213523510512228,-0.02047058823529412,70.34815954539276,77.27224445173816
1789401807.1957512,2,31,0.0,0.25607778461139924,-0.04945424836601307,70.34815954539276,77.52832223634955
1789401807.2419,12,28,0.12964347127556686,0.20818905288337552,-0.04331045751633987,70.47780301666833,77.73651128923292
1789401807.285486,23,27,0.1979413901575662,0.24270865770647185,-0.04622222222222222,70.6757444068259,77.9792199469394
1789401807.3278263,25,42,0.1365482935474565,0.6169967516855721,6.862745098039216e-05,70.81229270037336,78.59621669862497
1789401807.3727264,25,39,0.13539380073547364,0.4113525714581596,0.0022026143790849673,70.94768650110883,79.00756927008312
1789401807.4160945,25,39,0.1570884609222412,0.4786007642745972,0.005137254901960785,71.10477496203107,79.48617003435773
1789401807.461808,29,16,0.2673789707182572,0.011565993556551302,-0.04817320261437909,71.37215393274933,79.49773602791427
1789401807.505731,29,-1,0.24942572593688964,0.0,-0.032568627450980395,71.62157965868622,79.49773602791427
1789401807.549229,30,-12,0.2968184176253505,-0.1978784001515907,-0.02273202614379085,71.91839807631156,79.29985762776268
1789401807.5921996,34,-15,0.4009265555919932,-0.11555829462080873,0.01138235294117647,72.31932463190356,79.18429933314187
1789401807.6352894,23,-26,0.13666671410719416,-0.34068042884012395,-0.003797385620915033,72.45599134601075,78.84361890430174
1789401807.679162,7,-29,-0.07215458627965951,-0.3027049075820183,-0.008820261437908497,72.38383675973108,78.54091399671972
1789401807.7225506,-1,-22,0.0,-0.13677979531786782,0.0018431372549019608,72.38383675973108,78.40413420140186
1789401807.7659566,-2,-16,0.0,-0.1023480934433322,0.012725490196078432,72.38383675973108,78.30178610795853
1789401807.8088417,-2,-17,0.0,-0.20768944782307155,0.0105359477124183,72.38383675973108,78.09409666013546
1789401807.8510282,-1,-12,0.0,-0.09693455079033823,0.010977124183006537,72.38383675973108,77.99716210934513
1789401807.8931677,-4,-2,0.0,0.0,0.014970588235294117,72.38383675973108,77.99716210934513
1789401807.9361868,-6,-1,-0.07579447490635727,0.0,0.03465359477124183,72.30804228482472,77.99716210934513
1789401807.9767718,-6,-1,-0.05543363094329834,0.0,0.03557843137254902,72.25260865388142,77.99716210934513
1789401808.0202482,-3,-7,0.0,-0.11507357221655573,-0.03823202614379085,72.25260865388142,77.88208853712857
1789401808.0631588,-5,16,0.0,0.3818409875803104,0.013274509803921569,72.25260865388142,78.26392952470887
1789401808.1068387,-7,12,-0.08742110516341703,0.03863881974893388,0.009330065359477124,72.16518754871801,78.30256834445781
1789401808.1498373,-5,8,0.0,0.004567460842642444,-0.011235294117647059,72.16518754871801,78.30713580530045
1789401808.1915557,-1,11,0.0,0.12637336738073612,-0.03299019607843137,72.16518754871801,78.43350917268118
1789401808.2343554,-3,21,0.0,0.3250202404551497,-0.015104575163398692,72.16518754871801,78.75852941313633
1789401808.280054,-1,19,0.0,0.18386968184001798,-0.039300653594771244,72.16518754871801,78.94239909497635
1789401808.3235357,0,23,0.0,0.3117411105878384,-0.045745098039215684,72.16518754871801,79.25414020556418
1789401808.3668761,1,29,0.0,0.4202164069819313,-0.009794117647058823,72.16518754871801,79.67435661254612
1789401808.4097626,2,24,0.0,0.2632941608775671,-0.005535947712418301,72.16518754871801,79.93765077342368
1789401808.452008,3,16,0.0,0.16037789650906503,-0.005784313725490196,72.16518754871801,80.09802866993275
1789401808.4951534,4,0,0.0,0.0,-0.008663398692810458,72.16518754871801,80.09802866993275
1789401808.536662,4,-11,0.0,-0.1931096704646403,-0.023856209150326796,72.16518754871801,79.90491899946811
1789401808.5807347,7,-13,0.13755783365192903,-0.08770713526068367,0.002437908496732026,72.30274538236993,79.81721186420742
1789401808.6254287,8,-9,0.15112641628218804,0.011666649958242972,0.01857843137254902,72.45387179865212,79.82887851416567
1789401808.670018,7,-12,0.12496674747392908,-0.10744624062900027,0.01322549019607843,72.57883854612605,79.72143227353666
1789401808.7128224,4,-21,0.0,-0.28702393925037994,0.013450980392156862,72.57883854612605,79.43440833428629
1789401808.7541144,2,-33,0.0,-0.47449779429732364,0.0032745098039215687,72.57883854612605,78.95991053998897
1789401808.7964544,-3,-61,0.0,-0.990790798080177,0.0047483660130718955,72.57883854612605,77.96911974190878
1789401808.8370063,-4,-73,0.0,-0.988054718000523,0.03222222222222222,72.57883854612605,76.98106502390826
1789401808.8793435,-8,-81,-0.08314243837032265,-1.082794108136607,0.07984313725490196,72.49569610775573,75.89827091577165
1789401808.9198437,-12,-85,-0.14642655673970315,-1.099401128346466,0.10623856209150327,72.34926955101604,74.79886978742518
1789401808.961744,-16,-78,-0.19823076803207917,-0.8964685705831811,0.06283986928104575,72.15103878298396,73.902401216842
1789401809.0094228,-20,-68,-0.25140939573391197,-0.7751649395379995,0.009235294117647059,71.89962938725004,73.127236277304
1789401809.056662,-25,-59,-0.33606756643174857,-0.6947211049188272,-0.0395718954248366,71.5635618208183,72.43251517238517
1789401809.0995479,-31,-27,-0.4397872771128509,-0.09685995473980952,-0.04684640522875817,71.12377454370544,72.33565521764535
1789401809.1417942,-33,-12,-0.44123498573873654,-0.1425319312181252,-0.05377777777777778,70.6825395579667,72.19312328642722
1789401809.1853776,-34,1,-0.46898993755720736,0.0,-0.06336601307189542,70.2135496204095,72.19312328642722
1789401809.228654,-18,26,-0.12555409610531157,0.3239091685740906,-0.061781045751633984,70.08799552430418,72.51703245500131
1789401809.273427,-11,35,-0.17461103170163195,0.32701609887303346,-0.04988888888888889,69.91338449260255,72.84404855387434
1789401809.3164303,-6,35,-0.1499926461499752,0.2566142511367798,-0.038258169934640526,69.76339184645258,73.10066280501113
1789401809.3598838,-8,39,-0.2580628565573466,0.3765565268571961,-0.04526797385620915,69.50532898989523,73.47721933186833
1789401809.4069726,-9,44,-0.2640642939402845,0.47495705297096824,-0.04018627450980392,69.24126469595495,73.95217638483929
1789401809.4494343,-13,43,-0.3516744354130174,0.4366962272367228,-0.024450980392156863,68.88959026054194,74.38887261207601
1789401809.4939914,-19,41,-0.44875301857643995,0.4425255637212493,-0.02619934640522876,68.4408372419655,74.83139817579726
1789401809.5376356,-34,44,-0.7120283712765434,0.5677591505528223,-0.005133986928104575,67.72880887068895,75.39915732635008
1789401809.5803392,-48,35,-0.8439113453400475,0.367878951042593,-0.009660130718954248,66.8848975253489,75.76703627739268
1789401809.6257896,-58,33,-0.8897979591729887,0.4612933653630994,-0.014584967320261438,65.99509956617591,76.22832964275578
1789401809.670089,-63,23,-0.8865456025970805,0.2907371390548628,0.001,65.10855396357883,76.51906678181065
1789401809.7129793,-59,15,-0.7433193397958844,0.24325839520181436,0.009013071895424836,64.36523462378294,76.76232517701247
1789401809.7555838,-59,19,-0.79,0.4368980538830094,0.07609150326797386,63.57523462378294,77.19922323089548
1789401809.7980425,-44,-4,-0.4657793531236154,0.0,0.07258496732026144,63.109455270659325,77.19922323089548
1789401809.8411517,-37,-9,-0.48755922456589623,-0.06907190261059931,0.09158169934640523,62.621896046093426,77.13015132828488
1789401809.8861601,-27,-14,-0.35882664150383276,-0.023524958212051895,0.10487581699346406,62.263069404589594,77.10662637007283
1789401809.9295607,-6,-12,-0.018612455192221267,0.0646135107808216,0.13309803921568628,62.244456949397375,77.17123988085365
1789401809.97156,-3,-11,0.0,0.0542853723096275,0.13525816993464052,62.244456949397375,77.22552525316327
1789401810.0154057,8,-15,-0.024632696458789877,-0.056373236358321754,0.11393790849673202,62.21982425293859,77.16915201680494
1789401810.0639393,36,-19,0.49680614336274675,-0.11045799687107269,0.09098366013071896,62.71663039630133,77.05869401993387
1789401810.1073048,40,-15,0.3295092798796297,0.003835103153431531,0.11336274509803922,63.046139676180964,77.0625291230873
1789401810.1509926,43,-19,0.38532213843377094,-0.14465810887244568,0.11013725490196079,63.431461814614735,76.91787101421485
1789401810.1946843,49,-13,0.5224486144973752,0.018449158777683716,0.11556535947712418,63.95391042911211,76.93632017299254
1789401810.2401683,52,-12,0.5640425559207819,-0.04016205713266427,0.1142843137254902,64.51795298503289,76.89615811585988
1789401810.2825103,57,-12,0.6884488474162667,-0.06131489753723144,0.11001307189542484,65.20640183244916,76.83484321832265
1789401810.324924,47,-13,0.4508941994156854,-0.09413253292810585,0.08315032679738563,65.65729603186485,76.74071068539455
1789401810.3693998,39,-11,0.4342607104276124,-0.04967693024330632,0.07731372549019608,66.09155674229245,76.69103375515124
1789401810.41288,29,-11,0.33420264665779564,-0.08168904304504394,0.07218627450980392,66.42575938895025,76.60934471210619
1789401810.4552999,35,0,0.609052621743791,0.0,0.09125490196078431,67.03481201069404,76.60934471210619
1789401810.5002477,32,1,0.486621450702432,0.0,0.08618627450980393,67.52143346139647,76.60934471210619
1789401810.543128,33,2,0.5416398512515957,0.0,0.0791045751633987,68.06307331264807,76.60934471210619
1789401810.5863001,37,4,0.6163108475904978,0.0,0.07319607843137255,68.67938416023857,76.60934471210619
1789401810.631532,48,4,0.8017035895920821,0.0,0.04788562091503268,69.48108774983065,76.60934471210619
1789401810.6747174,49,5,0.7015721537986138,0.0,0.04107516339869281,70.18265990362926,76.60934471210619
1789401810.7163727,51,8,0.7343901678810469,0.18817207003496242,0.03299673202614379,70.9170500715103,76.79751678214116
1789401810.760106,51,5,0.71,0.0,0.0043104575163398695,71.6270500715103,76.79751678214116
1789401810.8049943,48,5,0.6465627321864187,0.0,0.007352941176470588,72.27361280369672,76.79751678214116
1789401810.8476214,46,10,0.6362025304964539,0.21073840950757622,0.023160130718954248,72.90981533419317,77.00825519164873
1789401810.8944802,47,6,0.6806686744229821,0.126044042926361,-0.005013071895424837,73.59048400861614,77.1342992345751
1789401810.939837,48,5,0.6908799966796885,0.0,-0.007450980392156863,74.28136400529583,77.1342992345751
1789401810.9818902,55,13,0.8343778825152316,0.3015036920739866,0.030401960784313724,75.11574188781105,77.43580292664909
1789401811.0239644,50,-1,0.6413902117289333,0.0,-0.03233006535947713,75.75713209953999,77.43580292664909
1789401811.0691648,55,5,0.8053037662906177,0.0,-0.00020588235294117648,76.56243586583061,77.43580292664909
1789401811.1120615,49,-3,0.6199166100411045,0.0,-0.03430065359477124,77.18235247587171,77.43580292664909
1789401811.1575503,53,3,0.773896660893045,0.0,-0.009254901960784314,77.95624913676475,77.43580292664909
1789401811.2030854,46,1,0.5831687819583502,0.0,-0.04190196078431373,78.5394179187231,77.43580292664909
1789401811.247708,41,4,0.553983033191053,0.0,-0.030251633986928105,79.09340095191416,77.43580292664909
1789401811.2908447,24,11,0.23992264393424959,0.30619854869904445,-0.03950326797385621,79.33332359584841,77.74200147534813
1789401811.335541,18,13,0.3129369177308291,0.35235912744951703,-0.043712418300653595,79.64626051357924,78.09436060279765
1789401811.3819587,12,15,0.2554006899950715,0.37154128704226796,-0.04677450980392157,79.9016612035743,78.46590188983991
1789401811.4288995,3,12,0.0,0.2879537091746297,-0.048326797385620915,79.9016612035743,78.75385559901454
1789401811.4736326,17,24,0.3972865570425962,0.5737995597758472,0.02634313725490196,80.2989477606169,79.32765515879039
1789401811.5190492,6,14,0.13903668435513983,0.22996815236496237,-0.029127450980392156,80.43798444497203,79.55762331115535
1789401811.5650241,-9,15,-0.06186933745472806,0.3608845141768696,-0.014081699346405229,80.37611510751731,79.91850782533223
1789401811.6097562,-16,5,-0.0597974009728329,0.0,-0.02061111111111111,80.31631770654448,79.91850782533223
1789401811.653229,-20,-2,-0.08618334911066819,0.0,-0.012627450980392156,80.23013435743381,79.91850782533223
1789401811.6969676,-21,11,-0.07989557681239319,0.2948441835549268,0.05146732026143791,80.15023878062142,80.21335200888716
1789401811.741447,-34,6,-0.37465957480404977,0.20381013112698473,0.02499673202614379,79.77557920581737,80.41716214001414
1789401811.7853692,-43,8,-0.45878997774784147,0.3027656835180582,0.03299673202614379,79.31678922806952,80.7199278235322
1789401811.8294303,-57,19,-0.705505764450399,0.5148466900463263,0.023696078431372548,78.61128346361913,81.23477451357853
1789401811.8748777,-67,20,-0.8173743858069906,0.41100076060785684,0.02107843137254902,77.79390907781215,81.64577527418639
1789401811.9181373,-77,19,-0.9896451136038034,0.3784427691256379,0.01680392156862745,76.80426396420835,82.02421804331203
1789401811.9614944,-88,15,-1.1873095568093706,0.3038483951541026,0.013575163398692811,75.61695440739898,82.32806643846614
1789401812.0054154,-84,7,-0.9944169234196785,0.17892787388922968,0.01415032679738562,74.6225374839793,82.50699431235537
1789401812.0480893,-80,-2,-0.9538542343977776,0.0,0.010173202614379085,73.66868324958152,82.50699431235537
1789401812.0896666,-65,-23,-0.6666846540250114,-0.24678633980843384,0.016542483660130718,73.00199859555651,82.26020797254694
1789401812.134181,-55,-30,-0.6377742161621243,-0.24408519467609147,0.018297385620915034,72.36422437939439,82.01612277787085
1789401812.1781347,-46,-36,-0.5575516438423084,-0.3253814200358569,0.022503267973856208,71.80667273555208,81.690741357835
1789401812.219771,-35,-43,-0.4179707882145556,-0.44695722763930734,0.01415359477124183,71.38870194733752,81.24378413019569
1789401812.2603698,-21,-54,-0.2371123411572117,-0.6523003277754585,0.02042156862745098,71.15158960618031,80.59148380242023
1789401812.3019502,-19,-56,-0.3659773651473671,-0.6073816664313895,0.02166013071895425,70.78561224103294,79.98410213598883
1789401812.345151,-20,-57,-0.4115527742276674,-0.6541678466885558,0.014049019607843138,70.37405946680526,79.32993428930028
1789401812.387435,-20,-59,-0.4,-0.7361408624694213,0.008016339869281046,69.97405946680526,78.59379342683086
1789401812.4305012,-18,-50,-0.35678356701224945,-0.5610657143578288,0.0163921568627451,69.61727589979301,78.03272771247303
1789401812.4743857,-20,-36,-0.4228015743579708,-0.39763611338832583,0.0012091503267973856,69.19447432543504,77.6350915990847
1789401812.516644,-22,-13,-0.44364893407082895,-0.05788843506713304,-0.010261437908496733,68.75082539136422,77.57720316401758
1789401812.5611165,-31,24,-0.6112019603006938,0.47746369994177773,-0.05913071895424837,68.13962343106353,78.05466686395935
1789401812.6049857,-33,29,-0.552816334745878,0.19377474117379612,-0.016196078431372548,67.58680709631764,78.24844160513315
1789401812.648793,-31,22,-0.4872053651007587,0.006212911947833216,-0.05087581699346405,67.09960173121688,78.25465451708098
1789401812.691945,-27,31,-0.4235300941185595,0.3071675398027143,-0.08322875816993464,66.67607163709832,78.5618220568837
1789401812.7370687,-28,31,-0.4910580704353833,0.23079131603240965,-0.04009150326797386,66.18501356666293,78.79261337291611
1789401812.7832866,-28,18,-0.48000000000000004,-0.02317101545548997,-0.0353921568627451,65.70501356666293,78.76944235746062
1789401812.8245976,-20,0,-0.30437608435451696,0.0,-0.02038888888888889,65.40063748230841,78.76944235746062
1789401812.8685591,-19,-18,-0.3784788326942305,-0.48440372290602585,-0.023084967320261437,65.02215864961418,78.2850386345546
1789401812.9107573,-20,-25,-0.411861048583225,-0.44728063538326085,0.0037058823529411765,64.61029760103096,77.83775799917133
1789401812.9535155,-17,-29,-0.334905920546203,-0.4759352316939555,-0.004712418300653594,64.27539168048476,77.36182276747738
1789401812.9975123,-14,-32,-0.3059877173254909,-0.5214093568897116,-0.015202614379084968,63.969403963159266,76.84041341058767
1789401813.0414546,-9,-32,-0.23305828432410713,-0.5154346323013306,-0.023101307189542484,63.73634567883516,76.32497877828634
1789401813.0845437,-3,-31,0.0,-0.49837518223089416,-0.037748366013071896,63.73634567883516,75.82660359605545
1789401813.1279938,13,-25,0.07961301777199536,-0.3810808599205806,-0.06156862745098039,63.815958696607154,75.44552273613486
1789401813.1725278,24,-5,0.20596704724704368,0.0,-0.05496078431372549,64.0219257438542,75.44552273613486
1789401813.2166994,33,27,0.30622855380251246,0.41098514349607357,-0.037016339869281045,64.32815429765671,75.85650787963094
1789401813.262252,45,62,0.4956131576158389,0.9084850903925612,-0.05011111111111111,64.82376745527255,76.7649929700235
1789401813.3107882,51,63,0.5352731749623011,0.6058434480581647,-0.04162745098039216,65.35904063023484,77.37083641808167
1789401813.354204,63,64,0.7861250526027436,0.6726404479135998,-0.030800653594771243,66.14516568283759,78.04347686599526
1789401813.3999655,82,50,1.120750357386156,0.41393258631370755,-0.09669607843137255,67.26591604022374,78.45740945230897
1789401813.4439738,75,41,0.8294493943214395,0.4107073325639845,-0.09438235294117647,68.09536543454519,78.86811678487295
1789401813.492362,69,29,0.8281045486071829,0.29706046504579703,-0.08100980392156863,68.92346998315237,79.16517724991876
1789401813.5357566,24,5,-0.071633595732223,0.0,0.13569934640522877,68.85183638742015,79.16517724991876
1789401813.5766103,-21,9,-0.5860099262546268,0.11750300225950716,0.34308496732026145,68.26582646116552,79.28268025217827
1789401813.6179316,-2,-9,0.0,-0.16965686283985199,0.25108169934640523,68.26582646116552,79.11302338933841
1789401813.6606603,15,-21,0.5644455105536288,-0.22928652089233098,0.1891732026143791,68.83027197171914,78.88373686844608
1789401813.703951,30,-29,0.672754871164027,-0.2866688513351124,0.16866993464052288,69.50302684288317,78.59706801711097
1789401813.747153,55,-30,1.0391889506663137,-0.24181746557668019,0.12923529411764706,70.54221579354949,78.3552505515343
1789401813.7908409,98,-17,1.6730428430836524,0.03373724833041877,0.02091503267973856,72.21525863663314,78.38898779986472
1789401813.83518,104,-22,1.3077279881153585,-0.2409909195326922,-0.02976470588235294,73.5229866247485,78.14799688033203
1789401813.8792508,102,-25,1.1973644257597262,-0.270667863276327,-0.03762091503267974,74.72035105050823,77.8773290170557
1789401813.9229527,92,-29,1.0053977726045664,-0.3477813530756748,-0.07363071895424837,75.7257488231128,77.52954766398003
1789401813.9685514,86,-33,0.9943165543485637,-0.4159086099927871,-0.08960130718954248,76.72006537746135,77.11363905398724
1789401814.0137541,74,-35,0.8073185463249521,-0.4458547196748226,-0.08473856209150327,77.5273839237863,76.66778433431242
1789401814.0576723,64,-22,0.7259257728145518,-0.16496552865314304,-0.10093790849673202,78.25330969660085,76.50281880565927
1789401814.1019802,57,-8,0.6910379908882112,-0.022111767432867968,-0.10392156862745099,78.94434768748906,76.48070703822641
1789401814.1470134,46,2,0.5396400367309458,0.0,-0.0987516339869281,79.48398772422,76.48070703822641
1789401814.1922271,17,5,0.04923477196850223,0.0,-0.10392483660130719,79.5332224961885,76.48070703822641
1789401814.2344172,6,-1,0.12961106024123628,0.0,-0.11480718954248366,79.66283355642973,76.48070703822641
1789401814.2783804,-5,-5,0.0,0.0,-0.11954901960784314,79.66283355642973,76.48070703822641
1789401814.323433,-14,-11,-0.07795756542214761,-0.2656294074401224,-0.1239313725490196,79.58487599100758,76.2150776307863
1789401814.3663802,-17,-15,-0.04426665426008899,-0.35831057688011153,-0.12689869281045751,79.5406093367475,75.85676705390618
1789401814.4118814,-20,-19,-0.09044875616955306,-0.41296448902501787,-0.13159150326797386,79.45016058057794,75.44380256488117
1789401814.4551187,-27,-22,-0.23191375531667335,-0.4527709380129144,-0.14037581699346405,79.21824682526128,74.99103162686825
1789401814.5002098,-30,-21,-0.24124131949457922,-0.3989122881221516,-0.14333660130718953,78.9770055057667,74.5921193387461
1789401814.5464199,-34,-12,-0.32257997910365527,-0.22267532949693708,-0.15165032679738563,78.65442552666305,74.36944400924916
1789401814.5907357,-45,6,-0.5535549750352168,0.06844078532160788,-0.168359477124183,78.10087055162784,74.43788479457078
1789401814.6353796,-50,19,-0.5798944125787864,0.15797455011444966,-0.17433333333333334,77.52097613904905,74.59585934468522
1789401814.6794913,-55,27,-0.6789971785152625,0.20670531163147043,-0.17170588235294118,76.8419789605338,74.80256465631669
1789401814.7239165,-64,33,-0.8707603834672021,0.27298799348435254,-0.17683986928104575,75.9712185770666,75.07555264980104
1789401814.768636,-55,40,-0.6277971689921152,0.3894521857365723,-0.18455882352941178,75.34342140807448,75.46500483553761
1789401814.8142757,-49,46,-0.6244178875772026,0.478898405646496,-0.18192156862745099,74.71900352049727,75.9439032411841
1789401814.8597612,-44,55,-0.584772258037332,0.6523088051023229,-0.16548039215686275,74.13423126245993,76.59621204628642
1789401814.9063652,-41,55,-0.5779559942548056,0.6044984674453736,-0.16501633986928105,73.55627526820513,77.20071051373179
1789401814.952959,-36,57,-0.5063174439023392,0.6990712371246813,-0.15062091503267974,73.0499578243028,77.89978175085648
1789401814.9979663,-26,45,-0.3489702565622982,0.4648197617360188,-0.1677483660130719,72.7009875677405,78.3646015125925
1789401815.0433996,-24,40,-0.4179148355843404,0.5293487538520535,-0.17173856209150326,72.28307273215616,78.89395026644455
1789401815.0975456,-24,36,-0.44,0.5230955276147573,-0.1652091503267974,71.84307273215616,79.4170457940593
1789401815.144036,-33,21,-0.6268124826885791,0.2486706874269186,-0.1543235294117647,71.21626024946758,79.66571648148623
1789401815.1880295,-47,8,-0.8291239980272179,0.13223159058634784,-0.15090522875816995,70.38713625144037,79.79794807207257
1789401815.2327943,-61,-6,-0.9664863634667762,-0.021776156929640467,-0.16205228758169934,69.4206498879736,79.77617191514292
1789401815.2811036,-69,-9,-0.9727119833956982,0.06489302284160482,-0.1519705882352941,68.4479379045779,79.84106493798453
1789401815.325386,-65,-11,-0.8048047066936771,0.04360298072726854,-0.15926470588235295,67.64313319788423,79.8846679187118
1789401815.369208,-66,-10,-0.8714107123424817,0.07884011971125027,-0.13905228758169935,66.77172248554174,79.96350803842304
1789401815.4137876,-69,-16,-0.9236191600895592,-0.07410753925853324,-0.13972549019607844,65.84810332545219,79.88940049916451
1789401815.4575105,-61,-16,-0.7183397564426866,-0.02083342552185058,-0.14863725490196078,65.1297635690095,79.86856707364265
1789401815.5013692,-59,-16,-0.7672044978994224,-0.0348635768890381,-0.14602287581699347,64.36255907111007,79.83370349675361
1789401815.5457914,-57,-20,-0.7475245342064228,-0.13764172137600175,-0.14790196078431372,63.61503453690365,79.69606177537761
1789401815.5919044,-57,-23,-0.77,-0.17638527625851275,-0.13236274509803922,62.84503453690365,79.5196764991191
1789401815.6358466,-71,-19,-1.0692880246960466,-0.07504227299134675,-0.08147385620915033,61.7757465122076,79.44463422612775
1789401815.6796272,-75,-22,-0.9956749083900054,-0.20407130114946462,-0.0706437908496732,60.78007160381759,79.24056292497828
1789401815.7239375,-75,-25,-0.95,-0.2558265500851487,-0.06339542483660131,59.830071603817586,78.98473637489313
1789401815.7671576,-75,-28,-0.95,-0.31086801396390357,-0.06418300653594772,58.88007160381758,78.67386836092923
1789401815.8115864,-67,-29,-0.7800287119314862,-0.3231901352146931,-0.05895098039215686,58.1000428918861,78.35067822571455
1789401815.855843,-73,-32,-0.9979628397355571,-0.40416124148325444,-0.05348366013071895,57.10208005215054,77.9465169842313
1789401815.8999777,-81,-34,-1.1004817469434423,-0.4429175160628793,-0.05853921568627451,56.0015983052071,77.50359946816842
1789401815.9453216,-86,-39,-1.1150902079458649,-0.5607533696233864,-0.06132352941176471,54.886508097261235,76.94284609854503
1789401815.9916592,-92,-35,-1.1847259147235383,-0.45491602151581395,-0.09983986928104575,53.7017821825377,76.48793007702922
1789401816.0344908,-106,-21,-1.4235853108163072,-0.2125959500824061,-0.06492483660130718,52.27819687172139,76.27533412694682
1789401816.0782378,-106,-18,-1.26,-0.3275456534190158,-0.07549019607843137,51.01819687172139,75.9477884735278
1789401816.123106,-99,-17,-1.111714675767918,-0.35591852766740173,-0.10597712418300653,49.90648219595347,75.5918699458604
1789401816.167409,-89,-6,-0.9774477665609387,-0.13584872800856784,-0.15015686274509804,48.92903442939254,75.45602121785183
1789401816.2114022,-77,3,-0.8356052292887163,0.0,-0.1809705882352941,48.09342920010382,75.45602121785183
1789401816.253633,-47,0,-0.314656910642576,0.0,-0.16580392156862744,47.778772289461244,75.45602121785183
1789401816.302233,-24,5,-0.2031523579439436,0.0,-0.139359477124183,47.5756199315173,75.45602121785183
1789401816.356181,-7,17,-0.1099185304590295,0.09510014589431631,-0.09533006535947712,47.465701401058276,75.55112136374615
1789401816.4138532,18,17,0.21682925355813512,0.05377612113952637,0.11045098039215687,47.682530654616414,75.60489748488567
1789401816.4660563,58,18,0.8447201950415011,0.09215131054448823,0.381843137254902,48.52725084965792,75.69704879543016
1789401816.516219,61,36,0.5823778591298667,0.4782852746492777,0.30976470588235294,49.10962870878778,76.17533407007944
1789401816.575593,66,51,0.7228191501969651,0.6355404497250616,0.18879411764705883,49.83244785898474,76.8108745198045
1789401816.627201,92,74,1.2863802688342154,1.0380992676969463,0.12390849673202614,51.11882812781896,77.84897378750145
1789401816.6716182,116,83,1.630600258064516,1.080792857995688,0.16698366013071894,52.749428385883476,78.92976664549714
1789401816.7135162,121,84,1.4696863633517567,1.0519352345612967,0.191281045751634,54.21911474923523,79.98170188005844
1789401816.7558064,133,76,1.6720249332648582,0.8653765206846958,0.19033006535947714,55.89113968250009,80.84707840074313
1789401816.7990115,139,64,1.6592525537160974,0.7012023186423478,0.18334313725490195,57.55039223621618,81.54828071938547
1789401816.8450809,146,50,1.7360372933327808,0.548051339378131,0.19367647058823528,59.28642952954896,82.09633205876361
1789401816.885605,118,-25,1.0343305273320225,-0.9958098600338614,0.4095065359477124,60.320760056880985,81.10052219872975
1789401816.9290488,108,-28,1.164803515517715,-0.15911651957531803,0.4452875816993464,61.4855635723987,80.94140567915443
1789401816.9689825,112,-48,1.370094400917256,-0.6133349535124919,0.39415686274509804,62.85565797331596,80.32807072564194
1789401817.009529,107,-62,1.2084121651385846,-0.7258388606205051,0.383656862745098,64.06407013845454,79.60223186502144
1789401817.0488973,109,-76,1.3155038003624027,-0.9309932040215637,0.428343137254902,65.37957393881695,78.67123866099988
1789401817.0912251,121,-72,1.5511843274538843,-0.7268052946067158,0.3626666666666667,66.93075826627083,77.94443336639316
1789401817.1326506,124,-73,1.4761650676860287,-0.8565572537669783,0.3042222222222222,68.40692333395685,77.08787611262618
1789401817.1746438,134,-61,1.6590805850822203,-0.6328466981747995,0.2124281045751634,70.06600391903908,76.45502941445137
1789401817.21552,131,-26,1.4733157670711299,-0.018904192220972393,0.12108169934640522,71.5393196861102,76.4361252222304
1789401817.2598386,129,18,1.4673855394403408,0.5058174912932872,0.13395751633986927,73.00670522555055,76.94194271352369
1789401817.3054419,117,31,1.2386858896089663,0.30967114372115123,0.01919934640522876,74.24539111515952,77.25161385724483
1789401817.3502195,105,39,1.115857391860558,0.3715600599806761,0.0036862745098039215,75.36124850702008,77.62317391722551
1789401817.3964245,83,37,0.7915850597105164,0.2747104396548279,0.04125816993464052,76.15283356673059,77.89788435688034
1789401817.4394357,72,35,0.7924684497418263,0.2832433707741486,0.1551045751633987,76.94530201647243,78.18112772765448
1789401817.4831927,52,20,0.49133037476420494,0.002497694367718517,0.2238954248366013,77.43663239123663,78.1836254220222
1789401817.5255375,62,12,0.937983898643593,0.009717137520292948,0.13138562091503267,78.37461628988022,78.1933425595425
1789401817.56888,67,15,0.9277279358735089,0.18175798887179234,0.10009803921568627,79.30234422575373,78.3751005484143
1789401817.6113586,71,16,0.9570237175642268,0.1825029793654333,0.07094117647058823,80.25936794331795,78.55760352777973
1789401817.6556225,67,10,0.8246799353852305,0.051796758820730066,0.08954901960784313,81.08404787870319,78.60940028660046
1789401817.699275,62,12,0.762864677836807,0.17297425491898263,0.09291503267973857,81.84691255653999,78.78237454151945
1789401817.742204,55,9,0.6684218815121894,0.0928359220470967,0.09795751633986928,82.51533443805218,78.87521046356655
1789401817.7865138,45,1,0.5387245907728225,0.0,0.10003267973856209,83.054059028825,78.87521046356655
1789401817.8303993,33,-5,0.3931392165500139,0.0,0.10166993464052287,83.447198245375,78.87521046356655
1789401817.8751752,28,-10,0.4233483889092992,-0.16024837132323827,0.10346732026143791,83.87054663428431,78.71496209224331
1789401817.918676,23,-19,0.3726807189399572,-0.2987236970347175,0.10809803921568628,84.24322735322427,78.4162383952086
1789401817.963507,19,-29,0.34533840895296714,-0.4329488086762367,0.11008169934640523,84.58856576217724,77.98328958653236
1789401818.0072508,22,-27,0.4542826877074059,-0.3021107759901812,0.10658823529411765,85.04284844988464,77.68117881054218
1789401818.0515256,25,-28,0.48384340959338135,-0.3710505371430839,0.10103267973856209,85.52669185947802,77.3101282733991
1789401818.0969923,33,-33,0.6181369238366412,-0.49476989714033226,0.08070915032679739,86.14482878331467,76.81535837625877
1789401818.1397073,35,-34,0.5733880949061813,-0.49050426135980035,0.09360457516339869,86.71821687822084,76.32485411489897
1789401818.1835961,47,-35,0.8068503640704106,-0.5309142295998754,0.09033333333333333,87.52506724229126,75.7939398852991
1789401818.2268503,55,-21,0.842453261474538,-0.23586789004539035,0.11338888888888889,88.36752050376579,75.55807199525371
1789401818.269543,61,0,0.8792057045743294,0.0,0.1210718954248366,89.24672620834012,75.55807199525371
1789401818.3119297,69,25,0.9858533737073646,0.37515186535130973,0.11749673202614379,90.23257958204749,75.93322386060503
1789401818.3550835,76,45,1.0412062729912874,0.5754989232348611,0.08934313725490196,91.27378585503878,76.50872278383989
1789401818.400949,83,44,1.1061402260338273,0.3631589248460342,0.08137581699346405,92.37992608107261,76.87188170868592
1789401818.4449444,84,42,1.0513619356691246,0.36828635274130295,0.06847385620915032,93.43128801674173,77.24016806142723
1789401818.4893744,76,27,0.8699088951537118,0.09616482008955712,0.06946732026143791,94.30119691189545,77.33633288151678
1789401818.531373,57,19,0.5439599496250241,0.10575141999345423,0.1100032679738562,94.84515686152046,77.44208430151023
1789401818.575562,47,9,0.5568386177721181,-0.0042485262162261644,0.14570261437908497,95.40199547929258,77.437835775294
1789401818.618677,42,-1,0.562807649092952,0.0,0.1571013071895425,95.96480312838553,77.437835775294
1789401818.6615767,44,-5,0.6633108837374743,0.0,0.15252941176470589,96.628114012123,77.437835775294
1789401818.7027185,46,-4,0.6843433121684523,0.0,0.14706535947712418,97.31245732429146,77.437835775294
1789401818.742355,43,-4,0.5921568832668676,0.0,0.13476470588235295,97.90461420755832,77.437835775294
1789401818.7826009,38,-7,0.516919032407491,-0.11870662171971694,0.10013071895424837,98.42153323996581,77.3191291535743
1789401818.8259454,36,-9,0.5369784071573632,-0.130938294671758,0.09376143790849673,98.95851164712317,77.18819085890253
1789401818.8708248,29,-7,0.4118072461143484,-0.07182080672553266,0.08279084967320262,99.37031889323752,77.116370052177
1789401818.912399,21,-6,0.31405947241109167,-0.07713650709501617,0.07360457516339869,99.68437836564861,77.03923354508198
1789401818.9554944,6,-10,0.08592492986038483,-0.1841723792954349,0.07012418300653595,99.770303295509,76.85506116578655
1789401818.9970324,-2,-9,0.0,-0.12315806055222546,0.07359477124183006,99.770303295509,76.73190310523432
1789401819.0380332,-12,-8,-0.04891725969639886,-0.11962215382784967,0.07997712418300654,99.7213860358126,76.61228095140648
1789401819.0791824,-23,-8,-0.20217329392397979,-0.13837790966033936,0.08212091503267974,99.51921274188862,76.47390304174614
1789401819.1201057,-30,-10,-0.2489479188892461,-0.19100437735722536,0.06802287581699347,99.27026482299938,76.28289866438891
1789401819.1631484,-34,-12,-0.2789772864532488,-0.22011898498440624,0.05806862745098039,98.99128753654612,76.0627796794045
1789401819.2062032,-39,-12,-0.37426093347494704,-0.20722439289093017,0.05489869281045752,98.61702660307118,75.85555528651356
1789401819.248828,-45,-9,-0.48486568738036934,-0.14969831420766935,0.05204901960784314,98.13216091569082,75.7058569723059
1789401819.2903864,-59,-3,-0.7707796140953458,0.0,0.034741830065359476,97.36138130159547,75.7058569723059
1789401819.331944,-68,3,-0.8585171020054407,0.0,0.01750326797385621,96.50286419959004,75.7058569723059
1789401819.3765993,-73,17,-0.921874191573357,0.2202881989724967,0.003738562091503268,95.58099000801668,75.92614517127839
1789401819.4191723,-74,32,-0.9498796952102779,0.47200542246922617,-0.03596732026143791,94.63111031280641,76.39815059374762
1789401819.4636457,-65,28,-0.7489421742482653,0.2357497393521336,-0.05577450980392157,93.88216813855814,76.63390033309975
1789401819.50696,-57,29,-0.6776510634550179,0.32736946137720274,-0.06351960784313726,93.20451707510313,76.96126979447695
1789401819.5519724,-47,37,-0.5588849563148721,0.5180180522655896,-0.07713071895424836,92.64563211878826,77.47928784674254
1789401819.5977426,-76,36,-1.2767655824370427,0.4411668780843392,-0.03145751633986928,91.36886653635122,77.92045472482688
1789401819.6405878,-88,37,-1.2200240589789957,0.5054644612184501,-0.02596078431372549,90.14884247737223,78.42591918604533
1789401819.6831186,-98,33,-1.2975533632286995,0.43484145690695963,-0.003941176470588235,88.85128911414353,78.8607606429523
1789401819.7263615,-101,16,-1.244741382928203,0.12910355498269935,0.033029411764705884,87.60654773121533,78.989864197935
1789401819.7699697,-98,14,-1.1455592938278363,0.2949658652607182,0.04818300653594771,86.4609884373875,79.28483006319573
1789401819.813152,-92,13,-1.0507287651323722,0.30756493198108587,0.06550326797385621,85.41025967225512,79.59239499517682
1789401819.8557603,-88,2,-1.0336356561726212,0.0,0.07430718954248366,84.3766240160825,79.59239499517682
1789401819.8995092,-92,0,-1.1656433460655329,0.0,0.06555555555555556,83.21098067001697,79.59239499517682
1789401819.94331,-93,-1,-1.1414124510230736,0.0,0.051395424836601304,82.0695682189939,79.59239499517682
1789401819.9840477,-103,-10,-1.3549457535225953,-0.012336251016204142,0.003892156862745098,80.7146224654713,79.58005874416061
1789401820.0276115,-99,-10,-1.1441495878790529,0.04624958038330079,0.004571895424836601,79.57047287759224,79.62630832454391
1789401820.0770319,-92,-8,-1.0491307743925695,0.07858029442913345,0.019408496732026145,78.52134210319967,79.70488861897304
1789401820.1216662,-90,-3,-1.0779115789917162,0.0,0.07452941176470589,77.44343052420795,79.70488861897304
1789401820.1647449,-95,-5,-1.2080044807080625,0.0,0.08342810457516339,76.2354260434999,79.70488861897304
1789401820.2095158,-101,-1,-1.2770002342868096,0.0,0.0955,74.95842580921308,79.70488861897304
1789401820.251728,-104,-14,-1.276085414886234,-0.06774203329621173,0.10753267973856209,73.68234039432684,79.63714658567683
1789401820.2951422,-97,-17,-1.089457139094939,-0.12986210061074058,0.10925163398692811,72.59288325523191,79.5072844850661
1789401820.3379712,-93,-15,-1.0832826838790162,-0.06482131789213397,0.11919281045751634,71.50960057135289,79.44246316717395
1789401820.3797247,-90,-14,-1.0640656606618615,-0.07791214149516856,0.1382124183006536,70.44553491069102,79.3645510256788
1789401820.4217446,-89,-17,-1.078075691411936,-0.1698921889869561,0.1773235294117647,69.36745921927908,79.19465883669184
1789401820.4663396,-92,-16,-1.1535286819722455,-0.12723836117026044,0.1868137254901961,68.21393053730684,79.06742047552159
1789401820.5086849,-95,-18,-1.1854236681193204,-0.19729743994236779,0.19339869281045752,67.02850686918751,78.87012303557921
1789401820.550536,-91,-19,-1.0621389399212644,-0.21152480967613238,0.22273202614379084,65.96636792926624,78.65859822590308
1789401820.595632,-87,-24,-1.0256744623513872,-0.32661139438887626,0.20498366013071895,64.94069346691485,78.3319868315142
1789401820.6393104,-83,-28,-0.9842491137362698,-0.38146875626195087,0.2086764705882353,63.95644435317858,77.95051807525225
1789401820.6841855,-85,-32,-1.0722910379940582,-0.44899374853241697,0.19019934640522876,62.88415331518453,77.50152432671983
1789401820.729175,-98,-32,-1.3244939606421489,-0.43320738792419433,0.15146732026143792,61.559659354542376,77.06831693879563
1789401820.7719338,-102,-26,-1.2667761898123624,-0.3252879709521448,0.12504901960784315,60.292883164730014,76.74302896784349
1789401820.8168108,-107,-16,-1.325668719473349,-0.1984008154729205,0.09555555555555556,58.967214445256666,76.54462815237056
1789401820.859871,-117,-19,-1.4861470979175897,-0.391004281528004,0.0661797385620915,57.48106734733908,76.15362387084257
1789401820.9028614,-117,-20,-1.3699999999999999,-0.3949901940343234,0.05140196078431373,56.11106734733908,75.75863367680824
1789401820.9472747,-120,-13,-1.433673681731572,-0.24617383029390455,0.01846078431372549,54.67739366560751,75.51245984651435
1789401820.9925108,-120,-14,-1.4,-0.35105830367265156,0.0062254901960784315,53.27739366560751,75.1614015428417
1789401821.0367165,-129,-14,-1.5916916014741063,-0.34,0.03015686274509804,51.68570206413341,74.8214015428417
1789401821.0814946,-126,-11,-1.4264954228108575,-0.2764997044775642,0.0065784313725490194,50.25920664132255,74.54490183836414
1789401821.1288505,-113,4,-1.1945775539196695,0.0,-0.0626797385620915,49.06462908740288,74.54490183836414
1789401821.1710236,-102,4,-1.0895565004976024,0.0,-0.08838562091503269,47.97507258690528,74.54490183836414
1789401821.21513,-91,7,-0.9836489352379284,-0.04395710866761855,-0.11095424836601307,46.99142365166735,74.50094472969653
1789401821.2595475,-42,29,-0.06759278153776682,0.38217587173524414,-0.08449673202614379,46.92383087012958,74.88312060143177
1789401821.3070538,-16,26,-0.0866869573934837,0.09760250216322747,-0.05269281045751634,46.837143912736096,74.980723103595
1789401821.3508723,31,19,0.6738812767602136,-0.004113263369062203,0.053839869281045755,47.51102518949631,74.97660984022593
1789401821.3942397,52,10,0.634283894598483,-0.10922154798334967,0.16759803921568628,48.14530908409479,74.86738829224258
1789401821.4376097,70,0,0.8384406674967597,0.0,0.2949084967320261,48.98374975159155,74.86738829224258
1789401821.4784374,85,4,1.037138185952649,0.0,0.3048529411764706,50.0208879375442,74.86738829224258
1789401821.5199704,112,35,1.5446574566987779,0.4319235570824501,0.26704901960784316,51.56554539424298,75.29931184932504
1789401821.5632987,125,51,1.5998146808954927,0.7212848259694262,0.2318562091503268,53.16536007513847,76.02059667529446
1789401821.6056163,132,62,1.6027535387130416,0.8291631119200377,0.21505555555555556,54.76811361385151,76.8497597872145
1789401821.6489024,139,63,1.670829345108965,0.7752693740367069,0.17799346405228758,56.438942958960475,77.6250291612512
1789401821.6920033,137,59,1.5466812106655994,0.7281092048733767,0.1891013071895425,57.98562416962607,78.35313836612458
1789401821.7340083,127,43,1.3514692899411629,0.43969258778223314,0.2193496732026144,59.337093459567235,78.79283095390682
1789401821.7755733,120,29,1.3159101823847492,0.3216207123972724,0.2352908496732026,60.65300364195198,79.11445166630409
1789401821.8179567,129,13,1.5963129055515501,0.14111312013420174,0.2669705882352941,62.24931654750353,79.2555647864383
1789401821.8608346,127,1,1.4470182678925625,0.0,0.25105555555555553,63.69633481539609,79.2555647864383
1789401821.9044733,128,-10,1.4916235291509397,-0.050215249737326495,0.24368954248366012,65.18795834454703,79.20534953670098
1789401821.9464366,127,-18,1.4580815871879245,-0.10770338851742907,0.23605882352941177,66.64603993173495,79.09764614818354
1789401821.9893334,121,-25,1.3401314202583094,-0.18545357694295758,0.2415359477124183,67.98617135199325,78.91219257124058
1789401822.0337114,117,-23,1.3249333935037444,-0.08174384677861099,0.24511437908496733,69.31110474549699,78.83044872446197
1789401822.073845,116,-18,1.3475226711566721,-0.006424180140022606,0.2463856209150327,70.65862741665366,78.82402454432196
1789401822.118092,121,-14,1.466551396828821,0.004106114539218386,0.25636601307189544,72.12517881348248,78.82813065886117
1789401822.1621091,118,-13,1.3460029720251379,-0.031208183493780052,0.25834967320261437,73.47118178550761,78.7969224753674
1789401822.2040756,122,1,1.4669942129824147,0.0,0.30606209150326796,74.93817599849002,78.7969224753674
1789401822.2456782,117,3,1.3098234720229553,0.0,0.30170261437908497,76.24799947051298,78.7969224753674
1789401822.2905643,114,18,1.3061024342410104,0.4343581526423628,0.3350359477124183,77.55410190475399,79.23128062800976
1789401822.335671,109,6,1.234701775110483,0.06612507435326986,0.27615359477124185,78.78880367986447,79.29740570236302
1789401822.3793287,107,6,1.2470471937658698,0.20432870864868163,0.2597875816993464,80.03585087363034,79.50173441101171
1789401822.420571,104,17,1.2036716305872979,0.4617015527928994,0.26753921568627453,81.23952250421763,79.96343596380461
1789401822.4648926,96,17,1.0695889548731987,0.3434115171432495,0.25023529411764706,82.30911145909083,80.30684748094787
1789401822.507988,96,19,1.16,0.4029854081618924,0.23397712418300654,83.46911145909083,80.70983288910976
1789401822.5506198,96,10,1.16,0.1927134843985721,0.18160130718954248,84.62911145909082,80.90254637350833
1789401822.5951965,89,4,1.0125681929668173,0.0,0.14472875816993463,85.64167965205763,80.90254637350833
1789401822.6364713,79,-5,0.8688606680953563,0.0,0.10872549019607843,86.51054032015298,80.90254637350833
1789401822.679111,62,-25,0.6178236011319107,-0.2521056829663374,0.044212418300653596,87.1283639212849,80.650440690542
1789401822.7223175,57,-28,0.7121650809409559,-0.2048419635112785,-0.013320261437908498,87.84052900222585,80.44559872703071
1789401822.765151,43,-30,0.4664629815297552,-0.23917042490136037,-0.06416993464052288,88.30699198375561,80.20642830212935
1789401822.8091273,31,-31,0.3733940354572201,-0.2644526475240359,-0.12318954248366012,88.68038601921283,79.94197565460532
1789401822.8542712,-2,-35,0.0,-0.36900294902329384,-0.24155555555555555,88.68038601921283,79.57297270558202
1789401822.8996973,-20,-36,-0.31758211464772557,-0.3783896647414863,-0.28925816993464054,88.36280390456511,79.19458304084053
1789401822.944852,-39,-35,-0.47213470354746,-0.3779204518075373,-0.3441764705882353,87.89066920101766,78.81666258903299
1789401822.9879446,-65,-28,-0.8793014837363546,-0.2619347563529697,-0.4177091503267974,87.0113677172813,78.55472783268002
1789401823.0330646,-70,-23,-0.745996476270337,-0.2584862119589059,-0.4298104575163399,86.26537124101097,78.2962416207211
1789401823.0781436,-75,-14,-0.863795009191154,-0.1367053774970515,-0.45240849673202616,85.40157623181982,78.15953624322405
1789401823.121537,-84,-8,-1.0749551875651917,-0.11431705414138853,-0.4280130718954248,84.32662104425462,78.04521918908266
1789401823.1681755,-83,-7,-1.0192559531128325,-0.1692521567423978,-0.43377450980392157,83.30736509114179,77.87596703234026
1789401823.2120192,-84,-7,-1.0513762964891724,-0.18612594604492189,-0.43073856209150324,82.25598879465262,77.68984108629533
1789401823.2585568,-98,-8,-1.3304305286564808,-0.21431646705470642,-0.34566339869281043,80.92555826599614,77.47552461924063
1789401823.303225,-103,-7,-1.2860172660640639,-0.18862532281802796,-0.312843137254902,79.63954099993208,77.2868992964226
1789401823.3453465,-105,-2,-1.273388094906181,0.0,-0.32452287581699346,78.3661529050259,77.2868992964226
1789401823.3861094,-113,0,-1.4283654784240152,0.0,-0.28080065359477124,76.93778742660189,77.2868992964226
1789401823.4310124,-120,-2,-1.477784651904603,0.0,-0.2334313725490196,75.46000277469729,77.2868992964226
1789401823.4768598,-129,-4,-1.5881399223173756,0.0,-0.16965359477124184,73.8718628523799,77.2868992964226
1789401823.5192108,-141,-8,-1.754231634208686,-0.24669071333756537,-0.07862418300653595,72.11763121817123,77.04020858308503
1789401823.5605145,-144,-13,-1.6762360963922038,-0.36559092914277164,-0.03233006535947713,70.44139512177902,76.67461765394226
1789401823.6018696,-147,-17,-1.7062325487644046,-0.40754570434751913,0.0005784313725490196,68.73516257301462,76.26707194959475
1789401823.6458557,-147,-17,-1.67,-0.37,0.010764705882352942,67.06516257301462,75.89707194959475
1789401823.68902,-150,-13,-1.7348021108763234,-0.28366817817790174,0.03796732026143791,65.33036046213829,75.61340377141684
1789401823.7346053,-150,-11,-1.7,-0.288077595714099,0.038486928104575165,63.630360462138285,75.32532617570274
1789401823.7783897,-149,-8,-1.6785792208075108,-0.2457301972917325,0.038431372549019606,61.95178124133077,75.079595978411
1789401823.8217347,-135,-10,-1.3884756036507875,-0.3230684413155869,0.0006372549019607843,60.56330563767998,74.75652753709542
1789401823.8657274,-128,-16,-1.4004604173100783,-0.4281790016092589,-0.009581699346405228,59.1628452203699,74.32834853548616
1789401823.9091952,-124,-18,-1.3940050334190512,-0.40300353748361517,-0.005081699346405229,57.768840186950854,73.92534499800254
1789401823.954484,-103,-11,-0.9978392805368561,-0.23270802927394302,-0.06633986928104575,56.771000906413995,73.6926369687286
1789401823.9983952,-88,-4,-0.9116541172315251,0.0,-0.10465032679738562,55.85934678918247,73.6926369687286
1789401824.0449631,-68,11,-0.6625455978266506,0.05147664934489862,-0.09011111111111111,55.19680119135582,73.7441136180735
1789401824.090702,-27,34,-0.02149089505448365,0.44248839121348627,0.018941176470588236,55.17531029630133,74.18660200928699
1789401824.1341395,-4,44,0.0,0.4444516925443953,0.0812483660130719,55.17531029630133,74.63105370183138
1789401824.1791072,23,53,0.35351938418914985,0.5668638515930056,0.13256209150326798,55.52882968049048,75.19791755342439
1789401824.222485,62,76,0.9644809187629051,1.0278839834956885,0.26948366013071895,56.493310599253384,76.22580153692007
1789401824.2664573,79,81,0.9470631395159371,0.9409162155949746,0.31273856209150325,57.440373738769324,77.16671775251505
1789401824.308829,88,77,1.0246218193930487,0.8621715032561859,0.36834640522875817,58.46499555816237,78.02888925577125
1789401824.3534284,118,53,1.6602234253247674,0.4475540873615053,0.319640522875817,60.12521898348714,78.47644334313276
1789401824.396267,111,62,1.228089598875132,0.9251244994235365,0.3522843137254902,61.35330858236227,79.40156784255629
1789401824.4393797,108,59,1.245250749780451,0.7552136680305209,0.3448660130718954,62.59855933214272,80.15678151058681
1789401824.4837718,84,40,0.7697426491118795,0.38611057909088964,0.363483660130719,63.3683019812546,80.54289208967771
1789401824.5268183,72,29,0.7802923189660915,0.36213196607726844,0.3657418300653595,64.1485943002207,80.90502405575498
1789401824.567546,68,18,0.8310551552316661,0.24506234279764622,0.3663137254901961,64.97964945545236,81.15008639855263
1789401824.6109037,64,-7,0.7938473794826089,-0.16437008474445472,0.3298202614379085,65.77349683493497,80.98571631380818
1789401824.652489,76,3,1.102471984918222,0.0,0.3816176470588235,66.8759688198532,80.98571631380818
1789401824.695645,84,7,1.1338869140887318,0.35260545936425586,0.38755555555555554,68.00985573394193,81.33832177317244
1789401824.739013,76,11,0.8678534417891921,0.3561226769887176,0.3917091503267974,68.87770917573113,81.69444445016116
1789401824.780964,65,23,0.7187243736022354,0.5730518471359304,0.3925653594771242,69.59643354933337,82.26749629729709
1789401824.8229542,68,35,0.9157670280441841,0.6929454024947175,0.39076797385620915,70.51220057737756,82.9604416997918
1789401824.8657494,67,51,0.8583240522679317,0.8968609392489795,0.3924607843137255,71.37052462964549,83.85730263904078
1789401824.905955,57,65,0.645616711347299,1.0241128526273966,0.39708496732026144,72.01614134099279,84.88141549166818
1789401824.9469502,44,83,0.481753775786211,1.2495115109294226,0.4085816993464052,72.497895116779,86.1309270025976
1789401824.9877102,21,128,0.12705160408515237,2.0325153977658603,0.4828660130718954,72.62494672086416,88.16344240036346
1789401825.0287426,15,143,0.2770741839762611,1.8125843785732112,0.5545882352941176,72.90202090484043,89.97602677893667
1789401825.0741942,2,151,0.0,1.7983439138951491,0.5945032679738562,72.90202090484043,91.77437069283182
1789401825.1185336,-21,155,-0.24835765769947699,1.7949649065443103,0.6114640522875817,72.65366324714095,93.56933559937613
1789401825.1587873,-25,153,-0.15745491373475978,1.7051729657099224,0.6066764705882353,72.4962083334062,95.27450856508605
1789401825.197721,-25,149,-0.12727036476135253,1.6386070883749424,0.5907385620915032,72.36893796864484,96.91311565346099
1789401825.2370532,-27,144,-0.19393587224032088,1.5764291343833738,0.570673202614379,72.17500209640453,98.48954478784437
1789401825.2787762,-28,136,-0.21385446366446292,1.4641575778349043,0.5344575163398693,71.96114763274007,99.95370236567928
1789401825.3194559,-36,109,-0.40957167608733147,0.9578568261007285,0.460062091503268,71.55157595665274,100.91155919178
1789401825.358607,-37,89,-0.36288400639969765,0.8346934291018657,0.45298692810457514,71.18869195025304,101.74625262088186
1789401825.3991668,-37,70,-0.38017184257507325,0.6659167317781004,0.46030065359477124,70.80852010767798,102.41216935265996
1789401825.4375334,-33,46,-0.3131441785566589,0.346939672706238,0.4882581699346405,70.49537592912132,102.7591090253662
1789401825.477685,-28,15,-0.275862565975025,-0.03564995224734102,0.4997124183006536,70.2195133631463,102.72345907311886
1789401825.5154188,-10,-53,0.07309447869626581,-1.2717438823542324,0.5041176470588236,70.29260784184257,101.45171519076463
1789401825.5530107,-5,-83,0.0,-1.1320703847663118,0.4768954248366013,70.29260784184257,100.31964480599832
1789401825.5922124,-2,-101,0.0,-1.2208561519287233,0.44188235294117645,70.29260784184257,99.0987886540696
1789401825.6306696,4,-107,0.0,-1.2118183318725093,0.4364673202614379,70.29260784184257,97.88697032219709
1789401825.6693852,9,-109,0.11389023736713456,-1.2641557648326711,0.4350326797385621,70.4064980792097,96.62281455736442
1789401825.7084947,11,-109,0.10637496711336013,-1.29,0.4316013071895425,70.51287304632305,95.33281455736442
1789401825.7455268,15,-113,0.18616412176811956,-1.3840851579626048,0.43807843137254904,70.69903716809117,93.94872939940181
1789401825.7847288,14,-114,0.12012535634197227,-1.3527532960350281,0.43697712418300655,70.81916252443314,92.59597610336678
1789401825.823595,14,-115,0.143761420249939,-1.3628575229757154,0.43770588235294117,70.96292394468308,91.23311858039106
1789401825.862497,15,-120,0.1782848357737094,-1.464299441368188,0.4571633986928105,71.1412087804568,89.76881913902288
1789401825.9016266,15,-125,0.1771854019165039,-1.5138367456273325,0.47686928104575166,71.3183941823733,88.25498239339555
1789401825.9412117,14,-126,0.16564293580307776,-1.4726282727557385,0.4793823529411765,71.48403711817637,86.78235412063981
1789401825.979388,13,-128,0.16507410114674373,-1.5062613421490916,0.4817549019607843,71.64911121932312,85.27609277849072
1789401826.0210788,10,-130,0.12053367431545967,-1.5239392714861364,0.4902843137254902,71.76964489363857,83.75215350700458
1789401826.0598812,2,-130,0.0,-1.5,0.4883169934640523,71.76964489363857,82.25215350700458
1789401826.1009018,-10,-125,-0.18475658723233201,-1.389129707890215,0.4638888888888889,71.58488830640624,80.86302379911436
1789401826.1405525,-18,-119,-0.254322051677804,-1.314406524285843,0.43130392156862746,71.33056625472844,79.54861727482852
1789401826.1810288,-38,-104,-0.6320448626143784,-1.0545786988735832,0.3563562091503268,70.69852139211406,78.49403857595493
1789401826.2215889,-52,-90,-0.7389113938347073,-0.927556088077576,0.32429738562091504,69.95960999827935,77.56648248787735
1789401826.264757,-67,-71,-0.9484470630351338,-0.6898776468508482,0.3230751633986928,69.01116293524422,76.8766048410265
1789401826.3062956,-79,-50,-1.1046154263061287,-0.4472194141990437,0.30883660130718954,67.90654750893809,76.42938542682747
1789401826.349413,-94,10,-1.3139797577567613,0.6042633485215956,0.2765,66.59256775118133,77.03364877534906
1789401826.3929949,-98,26,-1.225834879629326,0.27488254814861174,0.2688169934640523,65.366732871552,77.30853132349768
1789401826.4369605,-104,21,-1.3082518550661748,0.002878729897916231,0.2902385620915033,64.05848101648583,77.31141005339559
1789401826.4808588,-106,1,-1.2824663163589423,0.0,0.29473202614379085,62.776014700126886,77.31141005339559
1789401826.5236843,-108,-8,-1.303674296003206,-0.4112921895771923,0.316718954248366,61.47234040412368,76.9001178638184
1789401826.5662057,-116,-26,-1.454104934878451,-0.6579678492422704,0.3297777777777778,60.01823546924523,76.24215001457613
1789401826.6094947,-124,-47,-1.5326130033010588,-0.9126496966892015,0.34605555555555556,58.48562246594417,75.32950031788693
1789401826.6522484,-116,-69,-1.2664251834995426,-1.1473049132786795,0.35780718954248364,57.219197282444625,74.18219540460825
1789401826.6944916,-112,-79,-1.2727915674787416,-1.10826867658089,0.377156862745098,55.946405714965884,73.07392672802736
1789401826.7357697,-103,-85,-1.1208724827558294,-1.1226773019741934,0.3833888888888889,54.825533232210056,71.95124942605317
1789401826.7775798,-92,-83,-0.9886264379598625,-1.0060854339261176,0.3877058823529412,53.83690679425019,70.94516399212705
1789401826.819479,-96,-72,-1.2077447423689647,-0.7886959798279914,0.44398039215686275,52.629162051881224,70.15646801229906
1789401826.8610919,-80,-69,-0.8076084560826113,-0.8539414714664804,0.44734313725490193,51.82155359579861,69.30252654083257
1789401826.9046175,-63,-53,-0.6347419367205771,-0.5462417949518349,0.4532156862745098,51.18681165907803,68.75628474588073
1789401826.9460697,-30,-23,-0.10133635185345197,-0.06817877538344758,0.48477777777777775,51.08547530722458,68.68810597049729
1789401826.9875278,-15,-12,-0.16892068316438424,-0.1871526766792592,0.48520261437908496,50.91655462406019,68.50095329381803
1789401827.0320356,-6,8,-0.15918669380037495,0.11149054369600427,0.4740947712418301,50.75736793025982,68.61244383751404
1789401827.0741842,3,23,0.0,0.23497655328360897,0.4681470588235294,50.75736793025982,68.84742039079765
1789401827.1152744,20,31,0.189613266846496,0.25907696597567714,0.46651307189542485,50.94698119710631,69.10649735677333
1789401827.1599894,30,44,0.2718977659473647,0.47670772617291324,0.45179411764705885,51.218878963053676,69.58320508294625
1789401827.201259,41,61,0.43722494849476234,0.7576858387682381,0.43912745098039213,51.65610391154844,70.34089092171449
1789401827.243976,60,71,0.7671077426854346,0.8293777760342153,0.4009052287581699,52.423211654233874,71.17026869774871
1789401827.2874134,68,90,0.7765102657446442,1.199329819056002,0.39223529411764707,53.19972191997852,72.36959851680471
1789401827.3302996,80,96,1.0129053577833762,1.1928509800070228,0.38395098039215686,54.2126272777619,73.56244949681174
1789401827.3718638,88,96,1.1223169436493292,1.16,0.38165032679738564,55.33494422141123,74.72244949681173
1789401827.4120383,67,93,0.6078587223732594,1.092634484724664,0.3615261437908497,55.942802943784486,75.8150839815364
1789401827.454936,44,103,0.37198144104196884,1.3465116808800244,0.40105555555555555,56.31478438482645,77.16159566241643
1789401827.4974766,35,97,0.44446875891104887,1.09950947032296,0.38422549019607843,56.7592531437375,78.26110513273939
1789401827.5397525,29,89,0.41905599783496084,0.995385058735288,0.3674411764705882,57.17830914157246,79.25649019147468
1789401827.58316,46,84,0.8558663004065488,0.9823909985935303,0.3445490196078431,58.03417544197901,80.23888119006821
1789401827.624731,57,80,0.9025054682474037,0.9518571199008288,0.3354477124183007,58.936680910226414,81.19073830996903
1789401827.6682093,59,76,0.8129699014238774,0.9140342690564776,0.32436601307189544,59.74965081165029,82.10477257902551
1789401827.7090325,71,62,1.0572184951621018,0.6485219544674041,0.3031372549019608,60.806869306812395,82.7532945334929
1789401827.7518606,78,51,1.0615685995599315,0.5816003183738443,0.2958104575163399,61.86843790637233,83.33489485186675
1789401827.7954848,96,41,1.3663922842239937,0.4953814874732195,0.28668954248366013,63.23483019059632,83.83027633933997
1789401827.8364642,115,29,1.5818629975967555,0.3435474289438767,0.3048954248366013,64.81669318819307,84.17382376828385
1789401827.8768091,120,-1,1.4610837576167117,0.0,0.3821470588235294,66.27777694580978,84.17382376828385
1789401827.9156313,118,-9,1.3537772414957268,-0.14426092379696617,0.4336732026143791,67.6315541873055,84.02956284448689
1789401827.9571462,110,-13,1.2037269477296333,-0.0032294207491439034,0.4920653594771242,68.83528113503513,84.02633342373774
1789401827.9963555,85,-17,0.7313807353388029,-0.05937329924151896,0.5863137254901961,69.56666187037393,83.96696012449623
1789401828.0348618,81,-15,0.9580285487708168,0.02603772839577942,0.6071241830065359,70.52469041914475,83.992997852892
1789401828.0753517,109,-2,1.6303658453173817,0.0,0.5674052287581699,72.15505626446213,83.992997852892
1789401828.1135473,121,14,1.5696087066822264,0.496421252280546,0.5416732026143791,73.72466497114436,84.48941910517254
1789401828.1550405,137,36,1.7629058651734486,0.824969843156849,0.5324607843137255,75.48757083631781,85.3143889483294
1789401828.194989,143,59,1.7049737056920353,1.077795322195704,0.5363366013071895,77.19254454200986,86.39218427052509
1789401828.2332735,149,73,1.768391856111343,1.112880150489277,0.5532614379084967,78.96093639812119,87.50506442101437
1789401828.2731318,144,84,1.5773284801539629,1.1779507247763479,0.5921437908496732,80.53826487827516,88.68301514579072
1789401828.3116639,164,96,2.09946502363101,1.3156973142860677,0.5287222222222222,82.63772990190617,89.99871246007679
1789401828.351812,175,99,2.087015026786881,1.2273659591148276,0.4619967320261438,84.72474492869306,91.22607841919162
1789401828.3924527,171,93,1.860769346338486,1.0561791472085984,0.42326470588235293,86.58551427503154,92.28225756640022
1789401828.4328556,169,85,1.8652454968247596,0.9509930896108112,0.3864607843137255,88.4507597718563,93.23325065601102
1789401828.4731536,163,68,1.7556008088596144,0.6691037811745777,0.36170261437908496,90.20636058071591,93.90235443718561
1789401828.5140588,148,15,1.4961822675930416,-0.29837543677483713,0.32465686274509803,91.70254284830895,93.60397900041077
1789401828.5556414,139,-10,1.4820255371730624,-0.2087238436858476,0.3013529411764706,93.18456838548201,93.39525515672493
1789401828.595472,124,-31,1.2516319259396762,-0.40664308231205104,0.2899281045751634,94.43620031142169,92.98861207441288
1789401828.634825,108,-48,1.0762867030124945,-0.5669232464487394,0.27838235294117647,95.51248701443419,92.42168882796415
1789401828.6752474,87,-55,0.8109034687249965,-0.5517774066655643,0.2747941176470588,96.32339048315919,91.86991142129858
1789401828.7166026,44,-60,0.12009791814402915,-0.6253542964215173,0.27537254901960784,96.44348840130321,91.24455712487706
1789401828.7561474,30,-65,0.322935494765282,-0.7295106345886211,0.2671078431372549,96.76642389606849,90.51504649028844
1789401828.7972176,13,-72,0.12245909617478068,-0.8806914797547121,0.26212745098039214,96.88888299224327,89.63435501053372
1789401828.837705,-1,-73,0.0,-0.8767326867661779,0.24131699346405228,96.88888299224327,88.75762232376755
1789401828.8789885,-16,-47,-0.16350064589569457,-0.3290390862826263,0.24416339869281045,96.72538234634757,88.42858323748493
1789401828.920397,-30,-27,-0.31999356950607866,-0.22422655096636146,0.24200653594771243,96.40538877684149,88.20435668651857
1789401828.9613159,-44,-14,-0.4980577095319707,-0.18118223019654905,0.23051633986928105,95.90733106730951,88.02317445632201
1789401829.001411,-57,-5,-0.6628942789079744,0.0,0.22120261437908498,95.24443678840154,88.02317445632201
1789401829.0420496,-85,-3,-1.1974926876000382,0.0,0.21661111111111112,94.04694410080151,88.02317445632201
1789401829.0846314,-101,-8,-1.2877281628251132,-0.2556757935433984,0.20966013071895426,92.75921593797639,87.7674986627786
1789401829.1255977,-116,-12,-1.5256560250522637,-0.3688226379075533,0.20965032679738563,91.23355991292414,87.39867602487105
1789401829.166622,-121,-18,-1.470931483924203,-0.4531216048163085,0.20326797385620915,89.76262842899993,86.94555442005475
1789401829.209067,-114,-43,-1.2575504271296105,-0.9244892239079272,0.1880653594771242,88.50507800187032,86.02106519614682
1789401829.2487605,-110,-54,-1.2495795110985557,-0.878620517257956,0.1720326797385621,87.25549849077176,85.14244467888886
1789401829.291692,-111,-60,-1.3216423713852696,-0.8698643124843841,0.16948692810457516,85.93385611938649,84.27258036640448
1789401829.3333704,-113,-62,-1.3540605313125635,-0.8440005035506041,0.16788235294117648,84.57979558807392,83.42857986285388
1789401829.373441,-115,-62,-1.374955697030999,-0.8200000000000001,0.16577124183006536,83.20483989104292,82.60857986285389
1789401829.4125795,-116,-41,-1.372788369951643,-0.34134429749646195,0.15700326797385622,81.83205152109127,82.26723556535742
1789401829.4546661,-111,-27,-1.2508012284901315,-0.30391807943161314,0.1484346405228758,80.58125029260114,81.96331748592581
1789401829.4965048,-107,-16,-1.2221847718282242,-0.2285523285298324,0.14986928104575165,79.35906552077292,81.73476515739598
1789401829.5393603,-95,-11,-1.010161122008413,-0.25167351774698654,0.14840522875816994,78.3489043987645,81.483091639649
1789401829.5827122,-61,-1,-0.42316185174937476,0.0,0.12984967320261437,77.92574254701513,81.483091639649
1789401829.6240487,-36,6,-0.2528419942585975,-0.02944052101567328,0.1344019607843137,77.67290055275653,81.45365111863333
1789401829.6665068,-12,4,-0.04143210095195926,0.0,0.15253921568627452,77.63146845180457,81.45365111863333
1789401829.708861,14,-6,0.2628896977154047,-0.33072468720842657,0.17545751633986928,77.89435814951997,81.1229264314249
1789401829.7524285,65,-43,1.1035678056922456,-1.0546478298226316,0.26105555555555554,78.99792595521222,80.06827860160227
1789401829.7934167,89,-60,1.1243034420939986,-1.0073779287559042,0.29190196078431374,80.12222939730623,79.06090067284637
1789401829.836246,111,-77,1.403170614422741,-1.1684535450077096,0.32616993464052285,81.52540001172896,77.89244712783866
1789401829.8767776,152,-110,2.1857535714286476,-1.7071684601309651,0.45797058823529413,83.71115358315761,76.1852786677077
1789401829.9192977,160,-120,1.8939410615197685,-1.51760346335883,0.5060163398692811,85.60509464467738,74.66767520434888
1789401829.9592564,163,-124,1.8676098803218517,-1.4900677907427855,0.5298496732026143,87.47270452499923,73.1776074136061
1789401829.998574,161,-119,1.784565023074171,-1.3264283635658163,0.5305032679738562,89.2572695480734,71.85117905004029
1789401830.0402677,150,-111,1.5678982064731888,-1.2139573174571372,0.5339248366013072,90.82516775454658,70.63722173258314
1789401830.0864844,112,-94,0.9103263025318082,-0.956324573289164,0.537781045751634,91.7354940570784,69.68089715929398
1789401830.129988,84,-89,0.7177295398665262,-1.0325239397709896,0.5250294117647059,92.45322359694492,68.64837321952298
1789401830.170836,60,-78,0.5062743761525713,-0.8453301731485481,0.5147156862745098,92.9594979730975,67.80304304637443
1789401830.2129834,20,-42,-0.07544225166914154,-0.19261791894752928,0.5042973856209151,92.88405572142835,67.6104251274269
1789401830.2543662,2,-26,0.0,-0.2661815472236503,0.5088790849673203,92.88405572142835,67.34424358020324
1789401830.2949228,-11,0,-0.11569649742252079,0.0,0.5116503267973856,92.76835922400583,67.34424358020324
1789401830.3371587,-21,20,-0.16568130991129715,0.3104621442485179,0.498202614379085,92.60267791409454,67.65470572445176
1789401830.3798418,-32,44,-0.31200270574192285,0.5919144559978654,0.4667941176470588,92.29067520835262,68.24662018044963
1789401830.4224753,-40,61,-0.3909672009993427,0.7321868342091462,0.4504640522875817,91.89970800735328,68.97880701465877
1789401830.4636858,-51,77,-0.5823165711990176,0.9502559451890114,0.42227450980392156,91.31739143615427,69.92906295984778
1789401830.506986,-68,90,-0.8743511111475575,1.1142726364598676,0.38779411764705884,90.4430403250067,71.04333559630766
1789401830.549154,-106,111,-1.5991308463436325,1.5168628796278705,0.3560359477124183,88.84390947866308,72.56019847593552
1789401830.593661,-118,110,-1.5069460624673066,1.2887714729346256,0.33911437908496733,87.33696341619577,73.84896994887015
1789401830.6377172,-121,112,-1.4440605260023602,1.3427109517982263,0.3471209150326797,85.89290289019341,75.19168090066837
1789401830.6809762,-116,112,-1.3020637832342474,1.32,0.32001960784313727,84.59083910695917,76.51168090066837
1789401830.7231886,-116,105,-1.3599999999999999,1.167144173025692,0.2762483660130719,83.23083910695917,77.67882507369406
1789401830.7667022,-109,101,-1.209564819076424,1.1640352765190327,0.23609477124183006,82.02127428788275,78.84286035021309
1789401830.8124926,-98,80,-1.0596519670497644,0.770575008204877,0.08825490196078431,80.96162232083299,79.61343535841796
1789401830.8580878,-86,71,-0.9286646452521985,0.811358976503052,0.04230392156862745,80.03295767558079,80.42479433492102
1789401830.9017727,-58,68,-0.4591155168173994,0.8456356694577811,0.04140522875816993,79.57384215876338,81.2704300043788
1789401830.9439752,-20,23,0.05047271165075434,-0.10310496376177103,0.01877450980392157,79.62431487041414,81.16732504061703
1789401830.9898922,4,8,0.0,0.11647512605915686,0.03964052287581699,79.62431487041414,81.28380016667619
1789401831.0352893,21,-10,0.2727512568109489,-0.10708712585761193,0.06322875816993465,79.89706612722509,81.17671304081857
1789401831.0779665,69,-44,1.1510876123091895,-0.6853820147146885,0.1345326797385621,81.04815373953427,80.49133102610388
1789401831.1237829,91,-64,1.1300248334718104,-0.7632596312293907,0.18147385620915032,82.17817857300608,79.72807139487449
1789401831.165903,115,-81,1.5125592007647957,-0.9853800846010634,0.249859477124183,83.69073777377088,78.74269131027343
1789401831.205552,147,-119,2.0676547915626227,-1.7371011494974153,0.45655228758169936,85.7583925653335,77.00559016077601
1789401831.2448602,151,-131,1.760965144749233,-1.633628392041828,0.5209803921568628,87.51935771008273,75.37196176873418
1789401831.285804,151,-140,1.71,-1.7098272846294842,0.5593986928104575,89.22935771008272,73.6621344841047
1789401831.325629,146,-145,1.5972053777285384,-1.7127743221642848,0.5742124183006536,90.82656308781127,71.94936016194042
1789401831.3663838,139,-144,1.5041245539527104,-1.6277312896715124,0.5754183006535948,92.33068764176397,70.3216288722689
1789401831.407138,93,-125,0.5658010574088805,-1.2169067764882067,0.5223529411764706,92.89648869917285,69.1047220957807
1789401831.4468224,66,-96,0.5191248984113034,-0.7945371247265821,0.507937908496732,93.41561359758416,68.31018497105411
1789401831.4890676,57,-61,0.6635335740072202,-0.3956015808045166,0.5175751633986928,94.07914717159137,67.91458339024959
1789401831.529928,38,-60,0.3474102058208904,-0.7877679996267091,0.5366633986928104,94.42655737741227,67.12681539062288
1789401831.5699546,17,-50,0.10818015789974317,-0.5751145147267248,0.554781045751634,94.534737535312,66.55170087589616
1789401831.6129463,40,20,0.8678786411271737,0.8317771996600528,0.47710130718954247,95.40261617643918,67.38347807555621
1789401831.6514294,0,0,0.0,0.0,0.5120751633986929,95.40261617643918,67.38347807555621
1789401831.6944356,-14,0,-0.2919675202540657,0.0,0.49030718954248365,95.11064865618512,67.38347807555621
1789401831.7350926,-38,22,-0.5332513343867034,0.09911535758532981,0.5095228758169935,94.57739732179841,67.48259343314155
1789401831.774864,-65,80,-0.8944752595929428,1.463718837453746,0.40760130718954246,93.68292206220548,68.94631227059529
1789401831.8161561,-82,87,-0.9990663976113362,0.9611719022535975,0.3632875816993464,92.68385566459415,69.90748417284888
1789401831.8580275,-103,102,-1.3388044457888886,1.290906956393237,0.31776470588235295,91.34505121880525,71.19839112924213
1789401831.900168,-113,113,-1.403238384985011,1.4476352751515802,0.31786601307189544,89.94181283382024,72.64602640439371
1789401831.9420657,-109,100,-1.2421956712522368,1.044664258446812,0.21112418300653596,88.699617162568,73.69069066284052
1789401831.9862354,-104,97,-1.1834580563059784,1.1360676978836322,0.1748169934640523,87.51615910626202,74.82675836072416
1789401832.0310361,-100,98,-1.1553778458657815,1.1911572596734463,0.1711111111111111,86.36078126039624,76.0179156203976
1789401832.0744054,-106,95,-1.3291642407985578,1.1154159786277336,0.17515359477124182,85.03161701959768,77.13333159902534
1789401832.1166072,-119,78,-1.5440246322117013,0.7785661029781512,0.12476143790849673,83.48759238738597,77.91189770200349
1789401832.1605115,-125,75,-1.5184147650349877,0.9158121352417593,0.13554575163398694,81.96917762235098,78.82770983724525
1789401832.202281,-132,68,-1.6037105270660956,0.7962565231776747,0.13708169934640524,80.36546709528488,79.62396636042293
1789401832.2467442,-143,49,-1.753642226224166,0.47636745373051104,0.10620261437908497,78.61182486906071,80.10033381415344
1789401832.289991,-144,46,-1.6515660907020222,0.6253137797576386,0.10374183006535947,76.96025877835869,80.72564759391108
1789401832.3350282,-152,42,-1.8087706870552132,0.5755939801066133,0.14134967320261438,75.15148809130348,81.3012415740177
1789401832.374917,-165,16,-2.0133423163797803,0.033903449595713064,0.23633986928104575,73.1381457749237,81.3351450236134
1789401832.418,-169,8,-1.936319541918135,0.1872066901914802,0.2583137254901961,71.20182623300556,81.52235171380488
1789401832.458951,-174,4,-2.000194145775808,0.0,0.29853267973856207,69.20163208722975,81.52235171380488
1789401832.5003653,-183,-1,-2.1386138282261546,0.0,0.3546797385620915,67.0630182590036,81.52235171380488
1789401832.5416563,-195,-18,-2.2975560037759966,-0.12965457056546043,0.4129248366013072,64.7654622552276,81.39269714323942
1789401832.581197,-201,-23,-2.2858413366202366,-0.15590805958985313,0.44744117647058823,62.47962091860737,81.23678908364957
1789401832.6236894,-206,-37,-2.31884859301164,-0.4288907875894282,0.47751307189542486,60.16077232559573,80.80789829606015
1789401832.6630485,-206,-50,-2.2600000000000002,-0.5987402908173032,0.4769281045751634,57.90077232559573,80.20915800524284
1789401832.704905,-201,-54,-2.1502544627849605,-0.56646756359363,0.4541143790849673,55.750517862810774,79.64269044164921
1789401832.7449062,-185,-58,-1.849703732002579,-0.6551033478843827,0.3788856209150327,53.90081413080819,78.98758709376483
1789401832.7883334,-176,-63,-1.8564659107739399,-0.7673561658976306,0.35401307189542486,52.04434822003425,78.2202309278672
1789401832.8301814,-164,-65,-1.696894464189247,-0.8081335274617288,0.31270588235294117,50.347453755845,77.41209740040547
1789401832.8726065,-153,-62,-1.6004058155016376,-0.7715039824587852,0.2693627450980392,48.747047940343364,76.64059341794669
1789401832.9160085,-122,-23,-1.062600345240844,0.019540384414556466,0.1525718954248366,47.68444759510252,76.66013380236124
1789401832.9580624,-98,9,-0.8941838748878465,0.27812229692096824,0.11818954248366013,46.790263720214675,76.93825609928221
1789401832.99885,-74,27,-0.6461732079370917,0.32018768127520414,0.09983333333333333,46.144090512277586,77.25844378055741
1789401833.041396,3,41,0.0,0.43915796700115645,0.10286601307189543,46.144090512277586,77.69760174755856
1789401833.0855122,46,52,1.0317199304146547,0.554885335803452,0.11281372549019608,47.17581044269224,78.25248708336201
1789401833.1294065,80,56,1.1381848786328705,0.5651176161986615,0.09220915032679738,48.31399532132511,78.81760469956068
1789401833.1715922,106,50,1.4068767460477327,0.4307109556908465,0.111,49.720872067372845,79.24831565525152
1789401833.2140174,136,32,1.8684631464404473,0.13675322499649403,0.23269281045751633,51.58933521381329,79.38506888024801
1789401833.2558522,143,21,1.7136914376279166,0.12499322478019231,0.30249019607843136,53.30302665144121,79.51006210502821
1789401833.3029873,137,0,1.5062325503610796,0.0,0.35863071895424836,54.809259201802284,79.51006210502821
1789401833.3437145,131,-38,1.4363325741919242,-0.7361717027864119,0.42773202614379086,56.24559177599421,78.7738904022418
1789401833.386677,128,-43,1.4450972999661593,-0.5454321265682113,0.47290196078431374,57.690689075960364,78.22845827567359
1789401833.427191,126,-47,1.435314700048849,-0.6147100868478539,0.5206078431372549,59.12600377600921,77.61374818882574
1789401833.4679842,127,-45,1.4822519381430048,-0.5575537120046425,0.5638398692810458,60.60825571415222,77.05619447682109
1789401833.511441,130,-37,1.5344931989012978,-0.44216681763964866,0.5940424836601307,62.142748913053516,76.61402765918145
1789401833.552961,137,-37,1.6542926112221228,-0.5649526691436768,0.6361535947712418,63.79704152427564,76.04907499003777
1789401833.5930247,140,-23,1.6373963872394302,-0.25529660769857854,0.6681797385620915,65.43443791151508,75.79377838233918
1789401833.636405,162,-11,2.0738938911176046,-0.17157107967171994,0.6566764705882353,67.50833180263268,75.62220730266746
1789401833.6768358,197,25,2.604377966362485,0.515827108971172,0.6702091503267974,70.11270976899517,76.13803441163863
1789401833.7200034,200,26,2.2346705462240446,0.11423987109454535,0.6932843137254902,72.34738031521921,76.25227428273317
1789401833.7601488,204,27,2.289799392097265,0.1468048349538732,0.7220588235294118,74.63717970731648,76.39907911768704
1789401833.8021855,210,15,2.3713098711278864,-0.1157247264832299,0.7832058823529412,77.00848957844437,76.2833543912038
1789401833.8412707,210,15,2.3000000000000003,0.03868738651275634,0.8151307189542484,79.30848957844437,76.32204177771656
1789401833.8806016,205,28,2.1864048446474165,0.3560108084296115,0.774859477124183,81.49489442309178,76.67805258614618
1789401833.9214952,196,41,2.0498991529971766,0.5131332143643862,0.7265326797385621,83.54479357608895,77.19118580051057
1789401833.96177,187,48,1.9584177071509652,0.5498217142147173,0.7034607843137255,85.50321128323992,77.74100751472528
1789401834.001239,183,48,1.9792638836807028,0.5007718563079834,0.6458790849673203,87.48247516692062,78.24177937103326
1789401834.0426338,174,41,1.8312641548565503,0.3801554631032549,0.5349934640522875,89.31373932177718,78.62193483413651
1789401834.0832565,170,31,1.8507840769749773,0.26689107244126387,0.48530065359477126,91.16452339875215,78.88882590657778
1789401834.1241536,165,19,1.7890582464460487,0.13887673525909236,0.43663725490196076,92.9535816451982,79.02770264183687
1789401834.1659389,155,7,1.6303678265830006,0.027743115958939413,0.3931176470588235,94.5839494717812,79.05544575779581
1789401834.2067394,131,-19,1.215879597489569,-0.4228036542506025,0.3116764705882353,95.79982906927077,78.63264210354521
1789401834.2484956,113,-31,1.1144912052340419,-0.3937851443877495,0.2693496732026144,96.91432027450482,78.23885695915746
1789401834.2903922,91,-34,0.8473680417594054,-0.344365518211657,0.24277450980392157,97.76168831626423,77.8944914409458
1789401834.3332603,73,-33,0.7200468531001801,-0.315184444249604,0.23166339869281047,98.48173516936441,77.57930699669619
1789401834.3749394,30,-36,-0.01692186344589608,-0.4228490860861687,0.21672222222222223,98.46481330591851,77.15645791061002
1789401834.4173708,10,-40,0.06469674784433191,-0.5079319344155957,0.19240522875816993,98.52951005376285,76.64852597619442
1789401834.4590378,-12,-39,-0.19381652503346816,-0.4713138875363699,0.1654673202614379,98.33569352872938,76.17721208865805
1789401834.501421,-34,-29,-0.4383075457569011,-0.28993923971509183,0.12787908496732026,97.89738598297248,75.88727284894296
1789401834.545055,-68,11,-0.9680729203192446,0.46031552101916506,0.018558823529411763,96.92931306265324,76.34758836996212
1789401834.587599,-99,22,-1.33672126493023,0.2596732238512083,0.009098039215686275,95.592591797723,76.60726159381333
1789401834.6308084,-110,36,-1.3046831104048293,0.46349702186525976,0.0351437908496732,94.28790868731818,77.0707586156786
1789401834.6718094,-148,86,-2.142575401076857,1.4817620605528905,0.2861830065359477,92.14533328624132,78.5525206762315
1789401834.713966,-158,104,-1.8984416757971785,1.353247560854818,0.402859477124183,90.24689161044415,79.9057682370863
1789401834.7548575,-167,121,-1.9800931404573028,1.61657053203228,0.501624183006536,88.26679846998685,81.52233876911859
1789401834.796098,-175,136,-2.0470213100628603,1.7419118004233025,0.5864967320261438,86.21977715992399,83.26425056954189
1789401834.8388233,-188,146,-2.2323258501044823,1.7770690752380844,0.6570392156862745,83.9874513098195,85.04131964477997
1789401834.8776271,-206,169,-2.4924286435564316,2.18677105290683,0.7789150326797386,81.49502266626307,87.22809069768681
1789401834.9190493,-216,184,-2.4804934299355925,2.2208222201784236,0.8386209150326798,79.01452923632748,89.44891291786523
1789401834.9587245,-227,197,-2.6089118367887663,2.3340381470405958,0.8867679738562092,76.40561739953871,91.78295106490583
1789401834.9989653,-240,207,-2.761187763837813,2.394122681376437,0.9236078431372549,73.6444296357009,94.17707374628226
1789401835.0363724,-238,202,-2.553304581935755,2.153177244310759,0.9096339869281046,71.09112505376515,96.33025099059302
1789401835.0867162,-233,189,-2.4803693746568474,1.9609585417919,0.8741960784313726,68.61075567910831,98.29120953238491
1789401835.1264904,-226,170,-2.3720000479561683,1.661154441427347,0.817045751633987,66.23875563115215,99.95236397381225
1789401835.165639,-222,144,-2.3689057187581852,1.3079640232131873,0.7514575163398692,63.86984991239396,101.26032799702544
1789401835.2020242,-215,76,-2.253569084435803,0.024999108313663698,0.6627385620915033,61.61628082795816,101.2853271053391
1789401835.2403672,-205,26,-2.1196109128439797,-0.19210761327877218,0.6341307189542483,59.496669915114175,101.09321949206033
1789401835.277955,-194,-27,-1.9936298213889154,-0.7952815235306727,0.5769084967320262,57.50304009372526,100.29793796852965
1789401835.3179598,-178,-65,-1.780237944419308,-0.9971425057835805,0.5105555555555555,55.722802149305956,99.30079546274607
1789401835.3575304,-161,-79,-1.5954730875459573,-0.9017140574581131,0.44962418300653595,54.12732906176,98.39908140528796
1789401835.3985684,-144,-83,-1.4328991437500724,-0.8817120893150241,0.4109313725490196,52.69442991800993,97.51736931597293
1789401835.4385679,-86,-91,-0.3350814048429296,-1.0857816554937243,0.39358169934640524,52.359348513167,96.43158766047921
1789401835.4787433,-59,-84,-0.45400170897568276,-0.8961450422598483,0.36236274509803923,51.90534680419132,95.53544261821936
1789401835.5184867,-26,-69,-0.04473732718894008,-0.6994284117421977,0.32791176470588235,51.86060947700238,94.83601420647716
1789401835.5586815,9,-58,0.33269912204494845,-0.6431572803094117,0.29108496732026146,52.19330859904733,94.19285692616775
1789401835.5978787,43,-55,0.7045819338588524,-0.7117347597876132,0.24494117647058825,52.89789053290618,93.48112216638013
1789401835.6391416,92,-53,1.4306176818282699,-0.70576065234603,0.18548039215686274,54.32850821473445,92.7753615140341
1789401835.6780922,112,-53,1.3810837785213064,-0.73,0.17431045751633986,55.709591993255756,92.0453615140341
1789401835.721213,128,-50,1.5800373634262754,-0.6651917276177619,0.16950653594771242,57.289629356682035,91.38016978641633
1789401835.7622144,133,-50,1.5909718741459613,-0.7,0.1489281045751634,58.880601230828,90.68016978641633
1789401835.803118,129,-53,1.441143524423555,-0.7666628555444834,0.12370588235294118,60.32174475525155,89.91350693087185
1789401835.841923,127,-41,1.4442237954768928,-0.45521149942798106,0.07051633986928105,61.765968550728445,89.45829543144387
1789401835.8853421,117,-22,1.255028343365898,-0.2014699894699895,0.030297385620915034,63.020996894094345,89.25682544197389
1789401835.9260144,107,0,1.1489215154209438,0.0,0.011379084967320261,64.16991840951529,89.25682544197389
1789401835.9689696,97,28,1.0519755976768268,0.42575395911594716,0.009751633986928104,65.22189400719212,89.68257940108984
1789401836.010985,70,81,0.5783326478441176,1.3558655056707336,0.0685718954248366,65.80022665503624,91.03844490676057
1789401836.052359,63,97,0.7454695565050155,1.1584621984280457,0.14300980392156862,66.54569621154126,92.19690710518861
1789401836.0969474,60,112,0.7663533312654424,1.3832454657692572,0.2376797385620915,67.3120495428067,93.58015257095788
1789401836.1364896,35,137,0.23246331255942976,1.886784590007432,0.382656862745098,67.54451285536614,95.46693716096532
1789401836.1779125,37,146,0.5940759997933541,1.768510172989692,0.4344411764705882,68.1385888551595,97.23544733395501
1789401836.2167697,29,146,0.3867625822252032,1.66,0.44302287581699346,68.5253514373847,98.895447333955
1789401836.2580557,25,142,0.4017848985245685,1.571658754444502,0.429,68.92713633590927,100.4671060883995
1789401836.2962074,22,133,0.3805615636322606,1.4119562582477032,0.3920065359477124,69.30769789954152,101.8790623466472
1789401836.3394725,18,118,0.33390976022505,1.2067885382023213,0.32483660130718955,69.64160765976658,103.08585088484952
1789401836.3788967,-4,62,0.0,0.1071981985809577,0.25522549019607843,69.64160765976658,103.19304908343048
1789401836.4182029,-10,27,-0.09359719310009021,0.026330006830312058,0.25247712418300655,69.54801046666648,103.21937909026079
1789401836.4574878,-13,-2,0.006236617798624888,0.0,0.22807843137254902,69.5542470844651,103.21937909026079
1789401836.4983068,-15,-27,-0.013003323474818206,-0.45031057098381033,0.21866339869281046,69.54124376099028,102.76906851927697
1789401836.5399065,-13,-75,0.04503732631346722,-1.2326217520737381,0.18550980392156863,69.58628108730375,101.53644676720323
1789401836.5818572,-7,-90,0.14663447511837974,-1.0599394828152435,0.18116666666666667,69.73291556242212,100.47650728438799
1789401836.621919,-7,-98,0.06951891422271728,-1.1395338869176916,0.20813071895424837,69.80243447664483,99.3369733974703
1789401836.6632886,-10,-107,-0.005018947481847266,-1.3270012855081352,0.2527156862745098,69.79741552916299,98.00997211196217
1789401836.7018461,-23,-115,-0.28498244096679193,-1.4537058172669788,0.2838104575163399,69.5124330881962,96.55626629469519
1789401836.7411327,-31,-120,-0.3227833449223573,-1.4636774154369343,0.30597712418300654,69.18964974327385,95.09258887925826
1789401836.7818084,-35,-128,-0.3384366094508663,-1.5782853795277068,0.3542908496732026,68.85121313382298,93.51430349973054
1789401836.8222437,-46,-135,-0.5726097588047312,-1.6365600433977618,0.38885294117647057,68.27860337501825,91.87774345633278
1789401836.8624399,-61,-139,-0.8221396204395166,-1.6397562665338032,0.4081830065359477,67.45646375457873,90.23798718979897
1789401836.9012825,-90,-151,-1.3687800762220126,-1.864505304518664,0.4923267973856209,66.08768367835673,88.37348188528031
1789401836.9400892,-97,-158,-1.2309801864567305,-1.8702422267848582,0.5484640522875817,64.85670349189999,86.50323965849546
1789401836.9797316,-102,-167,-1.2829163216570063,-1.983422920910779,0.6090555555555556,63.57378717024299,84.51981673758468
1789401837.01673,-104,-175,-1.267085538636393,-2.0582708381734167,0.654032679738562,62.30670163160659,82.46154589941126
1789401837.0561798,-107,-176,-1.3080624466855826,-1.9726662559642447,0.6602385620915032,60.99863918492101,80.48887964344702
1789401837.092507,-109,-171,-1.3175030917424575,-1.8411998635251199,0.6350032679738562,59.68113609317855,78.6476797799219
1789401837.1315823,-114,-163,-1.403822757844122,-1.7276836815592715,0.6013823529411765,58.277313335334426,76.91999609836263
1789401837.1716757,-117,-145,-1.4074110637386945,-1.4255523025240062,0.5061960784313726,56.869902271595734,75.49444379583862
1789401837.212428,-117,-133,-1.3699999999999999,-1.382704816421134,0.44802287581699346,55.49990227159574,74.11173897941748
1789401837.253215,-108,-114,-1.1695938790551845,-1.1070430532494564,0.37097385620915035,54.33030839254055,73.00469592616803
1789401837.2926605,-93,-89,-0.9399510639069129,-0.7732096676737161,0.27608169934640525,53.39035732863364,72.23148625849431
1789401837.3357975,-80,-52,-0.849318381040286,-0.2910942607772797,0.32073856209150325,52.54103894759336,71.94039199771703
1789401837.3757513,-41,-44,-0.12057710650876963,-0.5398428979935407,0.39965359477124185,52.42046184108459,71.40054909972349
1789401837.418396,-25,-33,-0.2629411358074245,-0.4011081759108712,0.40370261437908495,52.157520705277165,70.99944092381261
1789401837.4584677,-5,1,0.0,0.0,0.390218954248366,52.157520705277165,70.99944092381261
1789401837.5018327,4,21,0.0,0.36888952700327315,0.3964248366013072,52.157520705277165,71.36833045081589
1789401837.543034,13,16,0.11491896687273367,-0.05236454687807223,0.3780424836601307,52.2724396721499,71.31596590393782
1789401837.5845182,13,27,-0.026818394660949707,0.27324251321550397,0.3519509803921569,52.24562127748895,71.58920841715333
1789401837.626459,17,38,0.0751548420184938,0.41362045038015727,0.3473071895424837,52.32077611950744,72.00282886753348
1789401837.6688335,20,36,0.10978684746594891,0.26940716990745794,0.3420098039215686,52.43056296697339,72.27223603744093
1789401837.7123184,32,42,0.3599360430178495,0.4585120475293617,0.3061862745098039,52.79049900999124,72.7307480849703
1789401837.754861,46,56,0.5659477863462276,0.7417113655220554,0.26153921568627453,53.356446796337465,73.47245945049235
1789401837.7979636,62,65,0.8007169358703703,0.8276918139658166,0.2384673202614379,54.157163732207835,74.30015126445817
1789401837.8417022,93,77,1.3607182554312427,1.0476432281480956,0.2197124183006536,55.51788198763908,75.34779449260625
1789401837.8842568,110,80,1.4693060226691468,1.0352300679799755,0.24983006535947713,56.98718801030822,76.38302456058624
1789401837.9261131,107,68,1.2341839007172948,0.7366760409369715,0.33922875816993464,58.22137191102552,77.1197006015232
1789401837.9673355,100,58,1.1152484859681433,0.6587289728273127,0.44876797385620915,59.336620396993666,77.77842957435053
1789401838.0078948,117,30,1.5801007967563998,0.1546821996271619,0.6124444444444445,60.916721193750064,77.93311177397769
1789401838.0481052,133,9,1.728468252231364,0.028951471503512072,0.6923856209150326,62.64518944598143,77.9620632454812
1789401838.088629,156,-26,2.0438692545816215,-0.5129515330503823,0.7517679738562092,64.68905870056305,77.44911171243082
1789401838.1288996,190,-50,2.5220970602512343,-0.6593316755370178,0.7810588235294118,67.2111557608143,76.7897800368938
1789401838.1700292,256,-50,3.5620677641986687,-0.4024786472320557,0.8010294117647059,70.77322352501297,76.38730138966174
1789401838.2104506,269,-29,3.0508017741707167,0.04388149835550942,0.8086503267973856,73.82402529918369,76.43118288801725
1789401838.251576,281,-5,3.1538326532011935,0.0,0.8416503267973856,76.97785795238488,76.43118288801725
1789401838.2912462,280,-6,2.987193590542142,0.14674776608801982,0.8370359477124183,79.96505154292703,76.57793065410527
1789401838.3317556,273,-18,2.8436878075740384,-0.2782419285040333,0.8178954248366013,82.80873935050107,76.29968872560124
1789401838.3696399,248,-37,2.349985144900169,-0.5989996538467599,0.7510555555555556,85.15872449540124,75.70068907175448
1789401838.4091172,232,-49,2.3168687903333214,-0.6589652869804228,0.7035947712418301,87.47559328573456,75.04172378477406
1789401838.4481218,213,-60,2.0869290720869658,-0.8047186929452748,0.647718954248366,89.56252235782152,74.23700509182879
1789401838.4894512,196,-58,1.9543719596952343,-0.6674834799031256,0.5846928104575163,91.51689431751676,73.56952161192567
1789401838.5305827,182,-44,1.84979142583843,-0.4176319438071133,0.5420784313725491,93.36668574335519,73.15188966811856
1789401838.5721824,146,-17,1.2270718627428492,-0.00734997082803146,0.4785751633986928,94.59375760609804,73.14453969729053
1789401838.6124272,122,-5,1.1263583442723375,0.0,0.46284313725490195,95.72011595037037,73.14453969729053
1789401838.655574,95,7,0.8325578759117132,0.06354770944013863,0.4544607843137255,96.55267382628209,73.20808740673067
1789401838.6972058,70,15,0.5993330465949822,0.10827713954328985,0.43936601307189543,97.15200687287707,73.31636454627396
1789401838.7377899,28,9,-0.0374137882419287,-0.11441646392051992,0.40933986928104577,97.11459308463513,73.20194808235344
1789401838.7814982,15,10,0.201551698039237,-0.010345802412034479,0.3744313725490196,97.31614478267437,73.1916022799414
1789401838.82412,9,20,0.2195213151482903,0.21267407241362654,0.33325490196078433,97.53566609782266,73.40427635235503
1789401838.8680122,-4,23,0.0,0.17962529677706673,0.306343137254902,97.53566609782266,73.58390164913209
1789401838.9124985,-32,35,-0.408527764902919,0.43128596925284557,0.24730718954248365,97.12713833291974,74.01518761838493
1789401838.9559572,-43,47,-0.45038146370930043,0.5954793208655197,0.21147385620915032,96.67675686921044,74.61066693925045
1789401838.9985528,-75,54,-1.0841687334400636,0.6556661128164782,0.21969607843137254,95.59258813577037,75.26633305206693
1789401839.0425408,-102,84,-1.3743926150743833,1.2883219204300016,0.16172875816993465,94.21819552069599,76.55465497249693
1789401839.0858688,-110,91,-1.3351123012322421,1.1769900083659044,0.22984640522875818,92.88308321946374,77.73164498086284
1789401839.1289752,-135,107,-1.8399903205287758,1.455597911400457,0.3480098039215686,91.04309289893497,79.1872428922633
1789401839.1705763,-142,117,-1.7041384954864593,1.4902178324524493,0.4141045751633987,89.33895440344851,80.67746072471574
1789401839.2119894,-151,125,-1.8188644152847873,1.546684162603875,0.4787941176470588,87.52008998816372,82.22414488731962
1789401839.252217,-166,135,-2.0461124225697094,1.6741520737872815,0.562702614379085,85.47397756559401,83.89829696110691
1789401839.2936456,-174,143,-2.0365706325908017,1.7265617395508386,0.6127287581699347,83.43740693300322,85.62485870065774
1789401839.3316002,-186,150,-2.218127440323219,1.7922526000917494,0.6675980392156863,81.21927949268,87.41711130074948
1789401839.3726547,-198,163,-2.32640911761797,1.988320660158768,0.7412124183006535,78.89287037506203,89.40543196090825
1789401839.4114223,-208,162,-2.4087939568875516,1.8070977045791523,0.7614738562091503,76.48407641817448,91.2125296654874
1789401839.4526165,-211,158,-2.346469671675014,1.7314758756326827,0.7566209150326797,74.13760674649947,92.94400554112008
1789401839.4919903,-218,149,-2.4687291717034965,1.5757130954471417,0.748640522875817,71.66887757479597,94.51971863656722
1789401839.5318992,-225,134,-2.537634325284303,1.35213702164254,0.7356503267973856,69.13124324951167,95.87185565820975
1789401839.5703542,-225,92,-2.45,0.5740156207383899,0.6606209150326797,66.68124324951167,96.44587127894815
1789401839.6099207,-222,67,-2.3820905278380335,0.5540534644634874,0.6076176470588235,64.29915272167364,96.99992474341164
1789401839.649157,-217,27,-2.3062253754128172,-0.03999537948979842,0.5877516339869281,61.99292734626082,96.95992936392184
1789401839.6899471,-209,-14,-2.1919787682797867,-0.453779172028094,0.5606143790849674,59.80094857798103,96.50615019189375
1789401839.7293384,-199,-48,-2.0629953247256605,-0.7608142282269768,0.5145947712418301,57.73795325325537,95.74533596366678
1789401839.7683492,-168,-82,-1.4823991682465902,-1.168996222052246,0.4400686274509804,56.25555408500878,94.57633974161453
1789401839.8089554,-151,-86,-1.5006370224211032,-0.8922910781106534,0.39550980392156865,54.75491706258768,93.68404866350387
1789401839.8503754,-132,-87,-1.2908083334291993,-0.9371924476078689,0.3608529411764706,53.46410872915848,92.746856215896
1789401839.8907924,-110,-82,-1.0279076224456698,-0.8795214510264502,0.325078431372549,52.436201106712815,91.86733476486955
1789401839.9313703,-86,-69,-0.7644287375356753,-0.7072177335262722,0.30640522875816995,51.67177236917714,91.16011703134328
1789401839.9724102,-15,-18,0.520782967723825,0.25030367420684435,0.24668627450980393,52.192555336900966,91.41042070555012
1789401840.0151856,24,-2,0.5084595114113198,0.0,0.2187483660130719,52.70101484831228,91.41042070555012
1789401840.0620027,56,11,0.7784472527355533,0.0992792351945982,0.18695098039215685,53.47946210104784,91.50969994074472
1789401840.106568,105,36,1.5664905697420561,0.5003177142745677,0.16816339869281047,55.045952670789895,92.0100176550193
1789401840.1490283,127,47,1.6031028535494425,0.49906810754473907,0.18993464052287581,56.64905552433934,92.50908576256404
1789401840.188051,145,56,1.868281548569105,0.6186629877444461,0.23186601307189542,58.51733707290845,93.12774875030848
1789401840.229992,149,62,1.7376222289084808,0.6867564614562327,0.2589444444444444,60.254959301816925,93.81450521176471
1789401840.2721288,155,68,1.821273921934033,0.8038126424006347,0.29077450980392155,62.07623322375096,94.61831785416534
1789401840.3132477,171,82,2.104634663016178,1.1102730865235433,0.38009150326797386,64.18086788676715,95.72859094068889
1789401840.354084,178,85,2.0654117783958017,1.0761670629586997,0.4175326797385621,66.24627966516294,96.80475800364759
1789401840.3943338,191,82,2.271643628343245,0.9827334190246589,0.458921568627451,68.51792329350619,97.78749142267225
1789401840.4334157,205,71,2.429038271093007,0.7692773012871347,0.492937908496732,70.94696156459919,98.55676872395938
1789401840.4705148,225,22,2.720512995807804,-0.24146845872599,0.5768856209150327,73.667474560407,98.31530026523339
1789401840.5109794,223,-12,2.4053026356077916,-0.34965012623913344,0.5737254901960784,76.0727771960148,97.96565013899425
1789401840.5482852,225,-44,2.4767791043632603,-0.7113563840340837,0.5896437908496732,78.54955630037806,97.25429375496016
1789401840.5856688,225,-73,2.45,-1.0150830893518243,0.5993333333333334,80.99955630037806,96.23921066560834
1789401840.6257992,224,-83,2.427537056296094,-0.9183231520841711,0.6071666666666666,83.42709335667415,95.32088751352417
1789401840.6650329,219,-86,2.3263697266857615,-0.9294684435458717,0.590967320261438,85.7534630833599,94.3914190699783
1789401840.7032375,203,-72,2.02078691141261,-0.6231326153631247,0.5225947712418301,87.77424999477252,93.76828645461518
1789401840.7427351,194,-73,2.0260951944141024,-0.8866173500538667,0.4892843137254902,89.80034518918661,92.88166910456131
1789401840.7822928,184,-71,1.9135550933043923,-0.884720316304636,0.4535882352941176,91.71390028249101,91.99694878825667
1789401840.8219292,172,-64,1.7686275330674701,-0.7517015187513159,0.41312745098039216,93.48252781555848,91.24524726950536
1789401840.8616226,160,-56,1.6488756935937163,-0.659238965796823,0.36907843137254903,95.13140350915221,90.58600830370854
1789401840.90314,136,-45,1.2707642515630746,-0.5174640805258078,0.2903921568627451,96.40216776071529,90.06854422318273
1789401840.945244,106,-38,0.9032322819910857,-0.4968348431029307,0.29267320261437907,97.30540004270637,89.5717093800798
1789401840.9854429,74,-30,0.5426216166604492,-0.4005600146991708,0.2847156862745098,97.84802165936682,89.17114936538063
1789401841.0264375,45,-22,0.29560685274750886,-0.3224132246787769,0.2721176470588235,98.14362851211433,88.84873614070185
1789401841.0675077,14,-11,-0.03717685827667028,-0.17605581038867535,0.25820915032679737,98.10645165383767,88.67268033031317
1789401841.1151743,-40,5,-0.7972275861071466,0.0,0.21306535947712418,97.30922406773053,88.67268033031317
1789401841.1564832,-70,12,-0.964119689037769,0.07057205472635439,0.18815359477124183,96.34510437869275,88.74325238503953
1789401841.1984317,-97,15,-1.2688731263941642,0.019707281110675837,0.1705,95.07623125229858,88.7629596661502
1789401841.2400265,-133,3,-1.8457921304528861,0.0,0.1986045751633987,93.23043912184569,88.7629596661502
1789401841.2813327,-145,-12,-1.7976122614173597,-0.46884752913210265,0.22991830065359478,91.43282686042834,88.29411213701809
1789401841.3228154,-148,-27,-1.716153014256736,-0.6507349527727346,0.23462745098039214,89.7166738461716,87.64337718424535
1789401841.362663,-152,-47,-1.7702290802181944,-0.9209005204283065,0.24123529411764705,87.9464447659534,86.72247666381705
1789401841.4035866,-160,-76,-1.8978337483307772,-1.3144447824693302,0.3215424836601307,86.04861101762262,85.40803188134771
1789401841.4458714,-164,-82,-1.8872616272191016,-1.090917612579609,0.3663235294117647,84.16134939040352,84.31711426876811
1789401841.4863293,-170,-87,-1.9741602150030646,-1.1318111080982305,0.4102091503267974,82.18718917540045,83.18530316066987
1789401841.528874,-174,-91,-1.9869027738173115,-1.1569876321921493,0.44523856209150325,80.20028640158314,82.02831552847772
1789401841.5682774,-188,-100,-2.2578905759606416,-1.3142066862312043,0.5316830065359477,77.9423958256225,80.71410884224652
1789401841.6076896,-196,-104,-2.2613802571787684,-1.2907502359460832,0.576016339869281,75.68101556844373,79.42335860630044
1789401841.646619,-203,-108,-2.320303289781256,-1.331473326379088,0.6103986928104576,73.36071227866248,78.09188527992136
1789401841.6876233,-211,-110,-2.407165718786559,-1.3243418993894653,0.6429019607843137,70.95354655987592,76.76754338053189
1789401841.7256615,-215,-110,-2.4032545788127146,-1.3,0.6589803921568628,68.5502919810632,75.4675433805319
1789401841.7646122,-216,-107,-2.3727064697114746,-1.2318833622120708,0.6512614379084968,66.17758551135172,74.23566001831982
1789401841.8026073,-209,-90,-2.1979053964191166,-0.8762757114618306,0.5813202614379085,63.979680114932606,73.35938430685799
1789401841.8416088,-205,-65,-2.19874525402499,-0.5294580681449962,0.5474836601307189,61.780934860907614,72.829926238713
1789401841.8847353,-197,-35,-2.0770565841227633,-0.2019269049687139,0.523640522875817,59.70387827678485,72.62799933374428
1789401841.925466,-186,-24,-1.9253364622371663,-0.30508049432393075,0.4778790849673203,57.77854181454768,72.32291883942035
1789401841.9658024,-172,-26,-1.74651369684937,-0.4847828789543967,0.4234248366013072,56.03202811769831,71.83813596046596
1789401842.0096204,-142,-11,-1.2779615091877785,-0.13884397120673803,0.30345098039215684,54.754066608510534,71.69929198925922
1789401842.052685,-126,-13,-1.2740008536538046,-0.35323521037032934,0.2673235294117647,53.48006575485673,71.3460567788889
1789401842.0942507,-104,-20,-0.975236951893446,-0.4841626143041422,0.25151633986928107,52.50482880296329,70.86189416458475
1789401842.1347945,-47,4,0.022827375156489027,0.0,0.23083660130718955,52.52765617811978,70.86189416458475
1789401842.1802056,-10,20,0.11227903022703478,0.26705056094065777,0.2355392156862745,52.63993520834681,71.12894472552541
1789401842.2213993,29,27,0.5884340961405287,0.2116176724976774,0.19355228758169934,53.228369304487344,71.3405623980231
1789401842.2655523,44,55,0.47219933618438614,0.7721689678270262,0.19356209150326797,53.70056864067173,72.11273136585012
1789401842.3075743,91,104,1.4091695090245668,1.6157100562565736,0.20880065359477123,55.1097381496963,73.7284414221067
1789401842.3501463,112,116,1.4014160290493685,1.3923592601512833,0.30298692810457517,56.51115417874567,75.12080068225798
1789401842.3924305,132,122,1.7024428666651792,1.4853905879445923,0.40768954248366013,58.21359704541085,76.60619127020257
1789401842.4324841,138,155,1.6549263831079513,2.1619724502491264,0.6248660130718954,59.8685234285188,78.7681637204517
1789401842.4734638,146,164,1.7576032392432457,1.94980875474157,0.687016339869281,61.626126667762044,80.71797247519326
1789401842.5154438,156,179,1.878761616218818,2.1685580165064082,0.7785392156862745,63.50488828398086,82.88653049169967
1789401842.557865,169,196,2.0432161539412603,2.3603730989287683,0.8622254901960784,65.54810443792212,85.24690359062845
1789401842.59822,172,210,1.9572121369846809,2.473439160690446,0.9210457516339869,67.5053165749068,87.7203427513189
1789401842.636881,168,210,1.8281989638073595,2.3000000000000003,0.9283888888888889,69.33351553871415,90.02034275131889
1789401842.677585,212,-197,2.859135673929175,-6.924869363432164,0.9623790849673203,72.19265121264333,83.09547338788673
1789401842.7154667,98,211,-0.3252656869782027,7.694847609562348,0.9474052287581699,71.86738552566513,90.79032099744907
1789401842.753589,102,207,1.2726694334741853,2.2174684351262157,0.9281274509803922,73.14005495913932,93.0077894325753
1789401842.7915437,106,191,1.3126410090678047,1.8993540080229518,0.880281045751634,74.45269596820712,94.90714344059825
1789401842.8300636,144,171,2.132526520067737,1.6504964486351374,0.7714705882352941,76.58522248827487,96.55763988923339
1789401842.8691814,172,144,2.2787021294791754,1.294378904962461,0.6418104575163399,78.86392461775404,97.85201879419584
1789401842.9094954,179,131,2.0767728900920925,1.3489493507874435,0.592483660130719,80.94069750784612,99.20096814498329
1789401842.9527633,185,103,2.1192224563333792,0.906522321625314,0.522375816993464,83.0599199641795,100.10749046660861
1789401842.9900906,178,54,1.8860493942516303,0.08236680361965465,0.5124575163398692,84.94596935843113,100.18985727022826
1789401843.0325618,166,-13,1.71879666038244,-0.7285357777256285,0.5131764705882353,86.66476601881357,99.46132149250263
1789401843.0693793,120,-113,0.7716644065367906,-2.3909472396359357,0.4378529411764706,87.43643042535035,97.0703742528667
1789401843.1100104,91,-113,0.7550608242970365,-1.1160794305801394,0.4213496732026144,88.19149124964738,95.95429482228656
1789401843.148929,74,-95,0.7215627282307673,-0.7786916416762626,0.3807418300653595,88.91305397787815,95.1756031806103
1789401843.1904128,57,-81,0.5651105491827775,-0.7685582036808665,0.36666339869281045,89.47816452706093,94.40704497692943
1789401843.232786,37,-72,0.33409458030551875,-0.8021090376437694,0.34148692810457515,89.81225910736644,93.60493593928565
1789401843.2709134,3,-42,0.0,-0.22477328408277109,0.3136111111111111,89.81225910736644,93.38016265520288
1789401843.3134918,-18,-38,-0.3494554427845876,-0.5332240710175314,0.2890359477124183,89.46280366458186,92.84693858418535
1789401843.354166,-32,-34,-0.34737536623107257,-0.4908279278064679,0.27105882352941174,89.11542829835078,92.35611065637889
1789401843.394563,-48,-16,-0.5718685742455463,-0.13723708079335756,0.257156862745098,88.54355972410524,92.21887357558553
1789401843.4366755,-76,18,-1.0511088857116426,0.3995587396032267,0.21522875816993464,87.4924508383936,92.61843231518876
1789401843.4800985,-96,20,-1.2309286560929784,0.05552397991357541,0.2271078431372549,86.26152218230061,92.67395629510233
1789401843.5229368,-120,22,-1.6245788674799486,0.09471701706568086,0.2322516339869281,84.63694331482066,92.768673312168
1789401843.5618985,-137,23,-1.7879205496366115,0.11212614413203784,0.24477450980392157,82.84902276518405,92.88079945630004
1789401843.6029384,-144,25,-1.7254212213784876,0.16419091528238486,0.23966993464052289,81.12360154380556,93.04499037158243
1789401843.64637,-150,27,-1.7691182703557833,0.20627670274466808,0.25215359477124183,79.35448327344977,93.2512670743271
1789401843.6866767,-156,27,-1.8343565451708979,0.20503034591674807,0.2765228758169935,77.52012672827888,93.45629742024386
1789401843.7279828,-158,25,-1.8041354340495563,0.18150823411968314,0.2875326797385621,75.71599129422933,93.63780565436355
1789401843.7669942,-167,26,-1.985631925895067,0.24880014001273867,0.32972549019607844,73.73035936833426,93.88660579437628
1789401843.80974,-172,28,-1.9783615426144743,0.30331215211212437,0.359421568627451,71.75199782571978,94.1899179464884
1789401843.8494232,-179,26,-2.078228431307734,0.255355440633986,0.39158496732026143,69.67376939441205,94.4452733871224
1789401843.8894274,-184,26,-2.102502294863083,0.30135732173919677,0.4199281045751634,67.57126709954896,94.7466307088616
1789401843.9279814,-192,30,-2.223707099366404,0.4163611389694555,0.45812091503267977,65.34756000018255,95.16299184783105
1789401843.9657457,-201,13,-2.3294444177245635,-0.020868075472945613,0.5250588235294118,63.01811558245799,95.1421237723581
1789401844.0031502,-205,-6,-2.303580786918753,-0.2444794871997698,0.5480653594771242,60.71453479553924,94.89764428515834
1789401844.0439947,-208,-21,-2.316674610021685,-0.3408021649516775,0.5587156862745098,58.39786018551755,94.55684212020665
1789401844.083728,-209,-31,-2.302580546857191,-0.4078093829707993,0.5551470588235294,56.09527963866036,94.14903273723586
1789401844.1217513,-204,-36,-2.174237118057298,-0.42513286852475946,0.5326307189542484,53.92104252060306,93.7238998687111
1789401844.1609042,-196,-39,-2.0581118041089983,-0.458184336115317,0.5045196078431372,51.86293071649406,93.26571553259578
1789401844.2000494,-188,-51,-1.9777341988967114,-0.7331681593392867,0.48391503267973857,49.88519651759735,92.53254737325649
1789401844.239159,-179,-58,-1.8749923345966828,-0.7846796674469367,0.460859477124183,48.01020418300067,91.74786770580955
1789401844.2789867,-166,-64,-1.6967887165426454,-0.8814981252108112,0.4158104575163399,46.313415466458025,90.86636958059874
1789401844.3186357,-147,-59,-1.4304119535806625,-0.7269463436340567,0.3855326797385621,45,90.13942323696469
1789401844.3590224,-122,-37,-1.1105011245638994,-0.297658674222301,0.4031797385620915,45,89.84176456274238
1789401844.3988907,-59,16,-3.66758545641277e-05,0.6374610417112073,0.4176830065359477,45,90.47922560445359
1789401844.44065,-29,32,-0.1307222723482988,0.3510926323191885,0.41197385620915034,45,90.83031823677278
1789401844.4824557,-15,43,-0.1824729082028575,0.43701183267089566,0.4044346405228758,45,91.26733006944367
1789401844.5239985,-6,49,-0.15163249698570364,0.47835219622855407,0.40188562091503266,45,91.74568226567223
1789401844.5625868,1,49,0.0,0.44382686138153077,0.40255228758169936,45,92.18950912705375
1789401844.6049075,16,51,0.12194867711161697,0.5306779766509981,0.4014346405228758,45.12194867711162,92.72018710370475
1789401844.6466863,18,53,0.04482284788034743,0.5953443475743722,0.4077091503267974,45.166771524991965,93.31553145127911
1789401844.6857247,23,44,0.15307602294128075,0.4003055946611195,0.4241241830065359,45.31984754793324,93.71583704594023
1789401844.7251503,29,21,0.24774582863742312,0.010919862828124682,0.4421176470588235,45.56759337657066,93.72675690876835
1789401844.7656205,31,-11,0.24153828426323326,-0.42202836516182324,0.45851633986928103,45.8091316608339,93.30472854360653
1789401844.8048928,33,-88,0.28820729040013654,-1.8477702732879933,0.47935947712418303,46.097338951234036,91.45695827031854
1789401844.8444355,37,-113,0.3824859723694286,-1.5206519954945632,0.5172581699346406,46.479824923603466,89.93630627482398
1789401844.8826334,39,-123,0.40798510856801395,-1.5299816093727208,0.570562091503268,46.88781003217148,88.40632466545125
1789401844.9231873,39,-129,0.4134396171569824,-1.5639888395613442,0.6004607843137255,47.30124964932846,86.8423358258899
1789401844.9614472,36,-127,0.3718117089435048,-1.443884675014165,0.5933888888888889,47.673061358271966,85.39845115087574
1789401845.0005414,11,-102,-0.1499322606070881,-0.8998495386625794,0.5199084967320261,47.52312909766488,84.49860161221316
1789401845.0409408,-4,-82,0.0,-0.7713322384998014,0.5147581699346405,47.52312909766488,83.72726937371337
1789401845.0876184,-8,-57,-0.14355153714022736,-0.5032288544809724,0.5287679738562091,47.37957756052465,83.2240405192324
1789401845.1285667,-15,-33,-0.20188619920328305,-0.23730266693029695,0.5411372549019607,47.17769136132137,82.98673785230211
1789401845.168335,-23,23,-0.3154314423511521,0.7528422209512421,0.5545522875816994,46.86225991897022,83.73958007325335
1789401845.207918,-24,58,-0.2565469094128684,0.8864473189288458,0.560859477124183,46.60571300955735,84.6260273921822
1789401845.2484283,-28,92,-0.3558464319667733,1.277977722784316,0.5690392156862745,46.24986657759057,85.90400511496651
1789401845.288216,-30,113,-0.37565415243144995,1.4226263953317733,0.5822418300653595,45.87421242515912,87.32663151029828
1789401845.3284917,-35,125,-0.49071499249460027,1.5283770729984039,0.6090588235294118,45.38349743266452,88.8550085832967
1789401845.3676577,-43,126,-0.6447164649999929,1.4727791745629375,0.6220718954248367,45,90.32778775785962
1789401845.408786,-38,118,-0.4630121723054631,1.2828230251497281,0.613702614379085,45,91.61061078300935
1789401845.4499962,-32,100,-0.41720209962862165,0.9816060677940606,0.6272614379084968,45,92.59221685080341
1789401845.4899588,-28,81,-0.42235278106244456,0.7722900777931561,0.6456372549019608,45,93.36450692859657
1789401845.5288312,-31,34,-0.5485794282490587,-0.06456674599474954,0.6786437908496732,45,93.29994018260182
1789401845.5668716,-34,3,-0.5788390251129714,0.0,0.6838725490196078,45,93.29994018260182
1789401845.6059687,-37,-24,-0.6090509282535427,-0.4532570703312898,0.6831895424836602,45,92.84668311227053
1789401845.6467578,-38,-43,-0.59226340134145,-0.5347945886762462,0.6821339869281046,45,92.31188852359428
1789401845.6834264,-37,-52,-0.5563482664791887,-0.553106631964202,0.6846862745098039,45,91.75878189163008
1789401845.7237833,-37,-52,-0.5700000000000001,-0.47220648765563966,0.689859477124183,45,91.28657540397444
1789401845.7621334,-38,-50,-0.5930178649021094,-0.464535898603798,0.6995130718954249,45,90.82203950537064
1789401845.8011162,-38,-54,-0.5800000000000001,-0.624009533760122,0.7169346405228758,45,90.19802997161052
1789401845.8396497,-40,-45,-0.6258814992163301,-0.40076164042781326,0.7252973856209151,45,89.7972683311827
1789401845.8810549,-41,-29,-0.6221014206742145,-0.18790540324061247,0.736078431372549,45,89.6093629279421
1789401845.920529,-41,-18,-0.6100000000000001,-0.14635735118339346,0.7461568627450981,45,89.4630055767587
1789401845.9606252,-43,-10,-0.6549289985141159,-0.11383592945428803,0.7577712418300654,45,89.34916964730442
1789401845.997331,-47,4,-0.723576680377079,0.0,0.7712058823529412,45,89.34916964730442
1789401846.0353117,-47,5,-0.67,0.0,0.7731437908496732,45,89.34916964730442
1789401846.0721772,-47,5,-0.67,0.0,0.775656862745098,45,89.34916964730442
1789401846.1113827,-47,2,-0.67,0.0,0.7786666666666666,45,89.34916964730442
1789401846.1493125,-47,-1,-0.67,0.0,0.7805130718954248,45,89.34916964730442
1789401846.1864421,-47,-4,-0.67,0.0,0.7811045751633987,45,89.34916964730442
1789401846.2266107,-47,-5,-0.67,0.0,0.7831535947712418,45,89.34916964730442
1789401846.264363,-50,-3,-0.7397250576164167,0.0,0.7867549019607843,45,89.34916964730442
1789401846.3024113,-52,-2,-0.7463544077913917,0.0,0.7871830065359477,45,89.34916964730442
1789401846.3416076,-53,-1,-0.7427202654260707,0.0,0.786516339869281,45,89.34916964730442
1789401846.3794215,-55,1,-0.7765267525108148,0.0,0.7855457516339869,45,89.34916964730442
1789401846.4198093,-56,-1,-0.7723513731587658,0.0,0.7853986928104575,45,89.34916964730442
1789401846.4570425,-58,-4,-0.8069008767485265,0.0,0.7864150326797386,45,89.34916964730442
1789401846.4931033,-59,-4,-0.8038371074162048,0.0,0.7899150326797386,45,89.34916964730442
1789401846.5324013,-62,-7,-0.8587545721659964,-0.26101719385224964,0.8006699346405228,45,89.08815245345217
1789401846.5717793,-65,-8,-0.8880970189472155,-0.2926386244329667,0.8054640522875817,45,88.7955138290192
1789401846.6118124,-66,-7,-0.8724923425167537,-0.2575104102148745,0.8097973856209151,45,88.53800341880432
1789401846.6505618,-67,-7,-0.8829043595975757,-0.27,0.8124313725490196,45,88.26800341880433
1789401846.6875486,-68,-3,-0.8933365045246712,0.0,0.8140098039215686,45,88.26800341880433
1789401846.727142,-67,7,-0.8571864700886558,-0.02785936341520283,0.8151666666666667,45,88.24014405538912
1789401846.7639573,-63,19,-0.7755345319023226,0.17803103663750702,0.8153366013071895,45,88.41817509202663
1789401846.8033228,-63,21,-0.8300000000000001,0.07660184859559786,0.8151503267973856,45,88.49477694062223
1789401846.8415167,-63,22,-0.8300000000000001,0.09112891792447832,0.8173137254901961,45,88.58590585854671
1789401846.882359,-63,21,-0.8300000000000001,0.07297270263956153,0.8210032679738563,45,88.65887856118627
1789401846.9215815,-63,19,-0.8300000000000001,0.05461847777878115,0.8265228758169935,45,88.71349703896504
1789401846.9598572,-67,29,-0.922229674366478,0.33291005584755184,0.8412614379084967,45,89.0464070948126
1789401846.9994228,-68,36,-0.892636414579329,0.3892652297382229,0.847967320261438,45,89.43567232455082
1789401847.0402892,-68,44,-0.8800000000000001,0.5146764796249776,0.8526699346405229,45,89.9503488041758
1789401847.0794163,-68,48,-0.8800000000000001,0.5454239789602258,0.8529705882352941,45,90.49577278313603
1789401847.1190045,-68,51,-0.8800000000000001,0.6025969248456902,0.8555359477124183,45,91.09836970798172
1789401847.156591,-68,55,-0.8800000000000001,0.699263218720506,0.8606437908496732,45,91.79763292670222
1789401847.1938217,-68,57,-0.8800000000000001,0.7353547005293686,0.8654673202614379,45,92.53298762723159
1789401847.2322695,-67,43,-0.8569616587397806,0.4194064836808783,0.8823398692810458,45,92.95239411091246
1789401847.2676811,-66,28,-0.8458834679590739,0.2594339871810214,0.8900588235294118,45,93.21182809809349
1789401847.305428,-67,5,-0.8830477511836695,0.0,0.9012614379084968,45,93.21182809809349
1789401847.340437,-67,-15,-0.8700000000000001,-0.2758512830747717,0.906516339869281,45,92.93597681501872
1789401847.3780358,-68,-31,-0.8933290452976732,-0.37664584330697104,0.911140522875817,45,92.55933097171174
1789401847.4146545,-68,-42,-0.8800000000000001,-0.4547796897536947,0.9149901960784314,45,92.10455128195805
1789401847.4535222,-67,-47,-0.8571586952661455,-0.45534134434420254,0.9151666666666667,45,91.64920993761385
1789401847.4928405,-66,-45,-0.8472848247470186,-0.3810318821902544,0.9143692810457517,45,91.26817805542359
1789401847.5312107,-64,-40,-0.8138628678967802,-0.32185623732952795,0.9031732026143791,45,90.94632181809406
1789401847.5709255,-64,-43,-0.8400000000000001,-0.48903251365754624,0.8972189542483661,45,90.45728930443651
1789401847.6086056,-67,-45,-0.909920912701938,-0.5317733509745088,0.8974281045751634,45,89.92551595346201
1789401847.6487327,-68,-25,-0.892436411077507,-0.07618062242727236,0.8966339869281046,45,89.84933533103474
1789401847.6880329,-69,0,-0.9025416499715936,0.0,0.8951960784313725,45,89.84933533103474
1789401847.7252116,-63,26,-0.7480047309053233,0.5579935200278088,0.8917091503267974,45,90.40732885106254
1789401847.763385,-60,44,-0.7606951045805533,0.6737427621736001,0.8870751633986929,45,91.08107161323615
1789401847.801175,-60,39,-0.8,0.35131210738061913,0.8817581699346405,45,91.43238372061677
1789401847.8415267,-56,28,-0.7104717010096239,0.19382723043517888,0.8707058823529412,45,91.62621095105195
1789401847.8796868,-52,20,-0.6676693200249532,0.16070228242403076,0.857281045751634,45,91.78691323347597
1789401847.9195137,-51,15,-0.6974321945022083,0.16458787019229898,0.8444052287581699,45,91.95150110366826
1789401847.9582713,-47,10,-0.618483999140234,0.1206112310187795,0.8339967320261438,45,92.07211233468705
1789401847.9963741,-36,-23,-0.41560601394574437,-0.5955189867618386,0.8290980392156863,45,91.47659334792522
1789401848.0340402,-34,-39,-0.5133352998766673,-0.5645307289053865,0.8288496732026144,45,90.91206261901984
1789401848.0717528,-34,-51,-0.54,-0.6691469752819341,0.8280686274509804,45,90.2429156437379
1789401848.1103487,-34,-58,-0.54,-0.7157355283689031,0.8257058823529412,45,89.52718011536899
1789401848.1475594,-32,-57,-0.4931806561758669,-0.6440217890392002,0.8245849673202614,45,88.88315832632979
1789401848.1876094,-30,-54,-0.475041332936626,-0.6332807089615557,0.8235326797385621,45,88.24987761736824
1789401848.2257137,-29,-45,-0.47686587504383987,-0.49696408611225046,0.8210915032679739,45,87.75291353125598
1789401848.2639022,-30,-16,-0.5130769595310843,0.04246225984457841,0.8180196078431372,45,87.79537579110057
1789401848.3054717,-30,20,-0.5,0.4724210514266447,0.8117941176470588,45,88.26779684252722
1789401848.3442593,-27,55,-0.43131001402110547,0.8832427016865347,0.8054934640522876,45,89.15103954421376
1789401848.3831947,-28,85,-0.49285523734797965,1.1834909045473323,0.7976372549019608,45,90.33453044876109
1789401848.421148,-35,103,-0.642407649406403,1.2936812181436985,0.7880326797385621,45,91.62821166690479
1789401848.4597669,-54,108,-0.9852884853334974,1.2545193258640834,0.769937908496732,45,92.88273099276887
1789401848.4979317,-63,86,-0.9481183538600181,0.7471181723367681,0.7637843137254902,45,93.62984916510564
1789401848.5371768,-71,58,-1.011909238348043,0.42322447838819827,0.7576797385620915,45,94.05307364349383
1789401848.5778708,-76,25,-1.0214755405468787,0.04451104744159884,0.7529934640522876,45,94.09758469093543
1789401848.6178024,-86,-10,-1.1852262806847835,-0.3463006530902042,0.7389183006535948,45,93.75128403784522
1789401848.6579916,-100,-41,-1.3753084184694018,-0.6364585724789283,0.7274967320261438,45,93.1148254653663
1789401848.695198,-125,-82,-1.7834953247248904,-1.2735731938241863,0.7068398692810457,45,91.8412522715421
1789401848.7346656,-136,-85,-1.6992741389199142,-0.857027662157057,0.7009444444444445,45,90.98422460938505
1789401848.7739584,-146,-78,-1.7870316011363567,-0.7213673422649202,0.6966372549019608,45,90.26285726712013
1789401848.8131816,-158,-56,-1.9330442059172317,-0.35383866321239993,0.696281045751634,45,89.90901860390773
1789401848.852771,-167,-31,-1.9836469270648305,-0.09313814765208533,0.6943856209150326,45,89.81588045625564
1789401848.89076,-177,1,-2.099497792460403,0.0,0.6968202614379085,45,89.81588045625564
1789401848.931438,-185,13,-2.1498103170306564,0.3312283103010063,0.6994411764705882,45,90.14710876655664
1789401848.9699945,-195,20,-2.279786304421821,0.22782672070310528,0.7008790849673202,45,90.37493548725975
1789401849.0078602,-201,22,-2.2894180220778977,0.20007718924702939,0.7039313725490196,45,90.57501267650677
1789401849.0455067,-204,19,-2.2799619909042406,0.11805379476195804,0.7077385620915033,45,90.69306647126874
1789401849.0846233,-209,16,-2.3537199805542053,0.10217230395902473,0.709045751633987,45,90.79523877522776
1789401849.1244593,-216,14,-2.447838827225131,0.10653482910672654,0.7121960784313726,45,90.90177360433448
1789401849.1619544,-219,7,-2.430019438966987,-0.026554730956744016,0.7186830065359477,45,90.87521887337773
1789401849.2036564,-221,6,-2.4339446014374855,0.04991619798990918,0.7199444444444445,45,90.92513507136765
1789401849.2411795,-222,6,-2.433313306628239,0.06639358043670654,0.723483660130719,45,90.99152865180436
1789401849.280641,-221,3,-2.3975238588162506,0.0,0.7241274509803921,45,90.99152865180436
1789401849.3186388,-219,0,-2.363681972767773,0.0,0.7205163398692811,45,90.99152865180436
1789401849.35659,-217,1,-2.3436613143269804,0.0,0.7177418300653595,45,90.99152865180436
1789401849.3936672,-213,2,-2.2759368019437622,0.0,0.7126699346405229,45,90.99152865180436
1789401849.4308712,-196,5,-1.9314978945411896,0.0,0.7036274509803921,45,90.99152865180436
1789401849.4684703,-183,7,-1.8541484061560691,0.11040924836790118,0.6985,45,91.10193790017226
1789401849.5094566,-169,7,-1.7191665037471489,0.11395251750946045,0.6907091503267974,45,91.21589041768172
1789401849.548445,-150,7,-1.4569275892780889,0.11941051959991456,0.6873888888888889,45,91.33530093728163
1789401849.5884035,-131,7,-1.272138242685817,0.12500190258026123,0.6838627450980392,45,91.4603028398619
1789401849.6267917,-110,6,-1.02685203929741,0.10660172927027624,0.6822156862745098,45,91.56690456913218
1789401849.6656713,-65,7,-0.27033107498019093,0.14792467718395746,0.6843104575163399,45,91.71482924631613
1789401849.7050166,-42,-1,-0.33263161532091345,0.0,0.6829673202614379,45,91.71482924631613
1789401849.7437592,-20,-10,-0.11101848360527389,-0.1593762853605754,0.6827058823529412,45,91.55545296095555
1789401849.7814322,-2,-15,0.0,-0.17843901459599543,0.686156862745098,45,91.37701394635955
1789401849.8226714,19,-16,0.2672626670784616,-0.14715841798769588,0.68909477124183,45.26726266707846,91.22985552837186
1789401849.8638868,38,-13,0.47112834047975494,-0.07943686949923856,0.6827418300653595,45.73839100755822,91.15041865887262
1789401849.900271,76,-1,1.1922886858498027,0.0,0.670467320261438,46.930679693408024,91.15041865887262
1789401849.9409947,92,9,1.1108376108721512,0.2607872258714429,0.6604542483660131,48.04151730428018,91.41120588474406
1789401849.9802234,109,18,1.3834669852089605,0.3369312733290084,0.6515392156862745,49.42498428948914,91.74813715807308
1789401850.0178301,128,30,1.7055049294591083,0.5243128954028904,0.6330555555555556,51.13048921894825,92.27245005347596
1789401850.0669758,139,42,1.7019588441415996,0.6481572991023288,0.6130424836601307,52.83244806308985,92.92060735257829
1789401850.108399,146,64,1.7442959994028102,1.064467206557068,0.5770130718954248,54.57674406249266,93.98507455913536
1789401850.1483366,154,69,1.8402157325384831,0.9526307175878919,0.5628104575163398,56.41695979503114,94.93770527672325
1789401850.1872797,164,68,1.9683109096137492,0.8671706359159455,0.5551045751633987,58.38527070464489,95.80487591263919
1789401850.2255058,174,52,2.0707141699597353,0.510750380403602,0.5189869281045751,60.455984874604624,96.3156262930428
1789401850.2653117,175,35,1.9625806977971876,0.3362473904154351,0.5044411764705883,62.41856557240181,96.65187368345823
1789401850.3059108,180,24,2.0616077366893455,0.30462444177107484,0.49072875816993466,64.48017330909116,96.9564981252293
1789401850.3460126,181,18,2.022448370016858,0.3052036688085883,0.47717320261437907,66.50262167910802,97.26170179403789
1789401850.3853345,181,14,2.0100000000000002,0.28913467298900064,0.4736503267973856,68.51262167910802,97.5508364670269
1789401850.424746,186,7,2.123364192308622,0.1812053518502837,0.4933169934640523,70.63598587141665,97.73204181887718
1789401850.4636488,189,-29,2.1286033366671373,-0.575223347222511,0.5120686274509804,72.76458920808379,97.15681847165467
1789401850.5027115,189,-44,2.0900000000000003,-0.4889999355706348,0.509718954248366,74.8545892080838,96.66781853608404
1789401850.5401735,192,-53,2.1601192202475468,-0.5469111276213692,0.5174150326797385,77.01470842833135,96.12090740846267
1789401850.5789387,193,-58,2.1428773394901017,-0.5859937213201942,0.5133006535947713,79.15758576782144,95.53491368714248
1789401850.6187553,192,-57,2.1074443839093813,-0.5444290900608872,0.5133954248366013,81.26503015173083,94.99048459708159
1789401850.660029,192,-43,2.12,-0.2829473389215762,0.5170490196078431,83.38503015173083,94.70753725816002
1789401850.6979225,194,-35,2.16639504106227,-0.2933442586787005,0.5198692810457516,85.5514251927931,94.41419299948132
1789401850.7372284,191,-36,2.0718711190569987,-0.4500275241380773,0.5050555555555556,87.6232963118501,93.96416547534324
1789401850.7777996,188,-29,2.042984903218215,-0.30450398431106734,0.49601633986928106,89.66628121506831,93.65966149103217
1789401850.817007,184,-28,1.9890923832237941,-0.3900519978651975,0.48446078431372547,91.6553735982921,93.26960949316697
1789401850.8582447,180,-32,1.9515297081477117,-0.5176838870236656,0.4728562091503268,93.60690330643982,92.7519256061433
1789401850.8977072,170,-38,1.7729860942875137,-0.6352554335501698,0.43581045751633984,95.37988940072734,92.11667017259313
1789401850.9394782,164,-47,1.7681887434226295,-0.7776548313683886,0.41394117647058826,97.14807814414996,91.33901534122474
1789401850.9787254,157,-52,1.6807176976457066,-0.7837556241943722,0.38587908496732026,98.82879584179567,90.55525971703037
1789401851.0219195,142,-52,1.4466233830653827,-0.72,0.37952614379084965,100.27541922486105,89.83525971703037
1789401851.0624723,120,-59,1.1292520612416155,-0.8762746554611972,0.3852156862745098,101.40467128610267,88.95898506156917
1789401851.102562,106,-59,1.0849466196838797,-0.79,0.37776797385620914,102.48961790578655,88.16898506156916
1789401851.1442883,94,-59,0.9965788405863178,-0.79,0.37693464052287584,103.48619674637287,87.37898506156915
1789401851.1838593,78,-67,0.7773252153323911,-0.9711315350070829,0.3788267973856209,104.26352196170527,86.40785352656206
1789401851.223752,61,-77,0.5972741028915116,-1.0952614351757832,0.36763071895424837,104.86079606459678,85.31259209138628
1789401851.2637215,34,-96,0.20177796361116757,-1.397875957422675,0.37643790849673203,105.06257402820795,83.91471613396361
1789401851.3040457,24,-104,0.31610683460250133,-1.3391696034330909,0.40151633986928104,105.37868086281046,82.57554653053052
1789401851.3447804,15,-114,0.23966358396370901,-1.4627028956252597,0.43254901960784314,105.61834444677416,81.11284363490526
1789401851.3835254,6,-120,0.14387076767838353,-1.4774237755353186,0.45188235294117646,105.76221521445254,79.63541985936995
1789401851.421813,-2,-126,0.0,-1.5386092997394873,0.47462745098039216,105.76221521445254,78.09681055963046
1789401851.462444,-10,-128,-0.017235168979590376,-1.5045401483769805,0.4736797385620915,105.74498004547294,76.59227041125348
1789401851.5018108,-18,-125,-0.11163851851444746,-1.4118810527846444,0.44302287581699346,105.63334152695849,75.18038935846883
1789401851.5412824,-26,-122,-0.21182197329479818,-1.3819945753619949,0.41890196078431374,105.42151955366369,73.79839478310683
1789401851.5817125,-33,-119,-0.29366416681173974,-1.3528953998584572,0.39894444444444443,105.12785538685195,72.44549938324838
1789401851.6219003,-44,-112,-0.48927429577880194,-1.2329446062065244,0.36383660130718953,104.63858109107315,71.21255477704184
1789401851.6627638,-53,-100,-0.5959571756998521,-1.0532134270465747,0.3022941176470588,104.0426239153733,70.15934134999527
1789401851.703619,-74,-87,-1.0137401817562626,-0.9107462030936025,0.24810130718954249,103.02888373361704,69.24859514690166
1789401851.7451506,-89,-84,-1.1603546355087198,-1.003916654718139,0.224,101.86852909810831,68.24467849218352
1789401851.7879295,-105,-70,-1.4172699165371463,-0.736385517729469,0.18228104575163398,100.45125918157116,67.50829297445405
1789401851.8289542,-118,-39,-1.5384163349738809,-0.2120315227059994,0.15283006535947713,98.91284284659729,67.29626145174805
1789401851.8705766,-116,-29,-1.3359832799857994,-0.3699033340587097,0.13652941176470587,97.57685956661149,66.92635811768935
1789401851.912082,-116,-1,-1.3599999999999999,0.0,0.12343790849673203,96.21685956661149,66.92635811768935
1789401851.9545445,-138,14,-1.8429327983951855,0.21959419267671035,0.19198366013071896,94.37392676821631,67.14595231036606
1789401851.9967322,-150,20,-1.842130010956614,0.11150887780218142,0.17849019607843136,92.5317967572597,67.25746118816824
1789401852.0395675,-158,32,-1.8733374279546922,0.32779208732635196,0.17495098039215687,90.658459329305,67.5852532754946
1789401852.0816166,-167,40,-1.9770315292836727,0.39657650152978835,0.19580718954248366,88.68142780002132,67.98182977702439
1789401852.1235623,-175,42,-2.0455346156912317,0.3805206640182172,0.23765359477124182,86.63589318433009,68.36235044104261
1789401852.1662223,-192,46,-2.3194349166214487,0.4828088450637477,0.354078431372549,84.31645826770864,68.84515928610635
1789401852.209494,-199,43,-2.2706942755686503,0.4085055462179881,0.38356535947712417,82.04576399214,69.25366483232435
1789401852.2503142,-207,37,-2.368134755879996,0.33983385477401307,0.41274509803921566,79.67762923626,69.59349868709836
1789401852.2916021,-215,29,-2.4466602100605526,0.2604501397224152,0.44033986928104574,77.23096902619945,69.85394882682077
1789401852.3312078,-240,-17,-2.916924378891374,-0.6977750125381578,0.5609183006535948,74.31404464730807,69.15617381428261
1789401852.3716252,-249,-33,-2.8009265127650576,-0.5005112779525454,0.6319803921568627,71.513118134543,68.65566253633007
1789401852.4109426,-255,-54,-2.826381357063944,-0.8223962560292344,0.6923071895424837,68.68673677747907,67.83326628030083
1789401852.4516513,-260,-78,-2.86135144781263,-1.1535970580674362,0.7369575163398693,65.82538532966645,66.6796692222334
1789401852.490407,-251,-83,-2.593616559991121,-1.0376736418819983,0.7263104575163398,63.23176876967533,65.6419955803514
1789401852.5310783,-237,-80,-2.3979128783438446,-0.9631021289073954,0.6827973856209151,60.83385589133148,64.67889345144401
1789401852.571618,-221,-68,-2.2124827261435946,-0.7319683534996442,0.6234281045751634,58.62137316518789,63.946925097944366
1789401852.6137385,-202,-39,-1.9950713354294973,-0.24611711288909,0.5642026143790849,56.62630182975839,63.70080798505528
1789401852.6570325,-186,-9,-1.8748966095523905,0.05662905500705212,0.525437908496732,54.751405220205996,63.75743704006233
1789401852.6990407,-154,29,-1.3594499254311103,0.5667355293234613,0.43061764705882355,53.39195529477489,64.3241725693858
1789401852.7412639,-138,64,-1.3905564444645186,0.9327946795125852,0.36720261437908497,52.001398850310366,65.25696724889838
1789401852.783603,-124,89,-1.2747807139963083,1.1389297332101669,0.3384052287581699,50.72661813631406,66.39589698210854
1789401852.8263223,-102,97,-0.9621169316073066,1.1003212964613125,0.3217156862745098,49.764501204706754,67.49621827856986
1789401852.869802,-46,117,-0.01698713870379598,1.5384523830925718,0.3378790849673203,49.74751406600296,69.03467066166243
1789401852.9127777,-14,123,0.03264484030029763,1.4998057873246937,0.3728202614379085,49.78015890630326,70.53447644898712
1789401852.9522684,25,122,0.5641113466171066,1.4073322903516137,0.3504281045751634,50.34427025292036,71.94180873933874
1789401852.995282,47,125,0.5858574311157366,1.4848499196809395,0.3850424836601307,50.930127684036094,73.42665865901968
1789401853.038362,108,117,1.7396522832754786,1.277171777308088,0.3190718954248366,52.66977996731157,74.70383043632776
1789401853.081557,123,108,1.4633761970519281,1.175814397138457,0.31063398692810457,54.1331561643635,75.87964483346622
1789401853.1233993,133,97,1.620442717420192,1.0385485834112096,0.36401633986928106,55.75359888178369,76.91819341687743
1789401853.1661525,149,78,1.8770755506988621,0.757795751752444,0.4274607843137255,57.63067443248255,77.67598916862987
1789401853.2060628,148,70,1.667459474974586,0.799745341986065,0.4643529411764706,59.298133907457135,78.47573451061594
1789401853.2479737,154,58,1.8115767821793443,0.6368203727725814,0.4776928104575163,61.10971068963648,79.11255488338851
1789401853.2905905,159,52,1.8486065124805777,0.6496403316986976,0.5025522875816993,62.95831720211706,79.7621952150872
1789401853.3331976,172,51,2.072938533947414,0.6982567755230031,0.6166960784313725,65.03125573606447,80.46045199061021
1789401853.3757138,183,38,2.159116905941287,0.42716006637664267,0.6398921568627451,67.19037264200576,80.88761205698685
1789401853.4183097,211,5,2.634018518416333,0.0,0.6336176470588235,69.8243911604221,80.88761205698685
1789401853.4574146,229,-7,2.7236572829235683,-0.15676620984299686,0.6526862745098039,72.54804844334566,80.73084584714385
1789401853.497284,245,2,2.8478970363598837,0.0,0.7001307189542484,75.39594547970555,80.73084584714385
1789401853.536172,252,-5,2.8099254748938725,0.0,0.7177058823529412,78.20587095459942,80.73084584714385
1789401853.5759401,250,-14,2.6743693383197673,-0.01415511368851224,0.7077908496732026,80.88024029291918,80.71669073345534
1789401853.6153286,245,-24,2.5867592441814886,-0.23024013004771254,0.6934313725490197,83.46699953710068,80.48645060340762
1789401853.6560585,233,-35,2.3827427397789314,-0.37711068667479636,0.6748660130718954,85.84974227687961,80.10933991673282
1789401853.6961427,209,-50,1.9900783715497927,-0.6194272443631672,0.6018137254901961,87.83982064842941,79.48991267236966
1789401853.7408001,196,-58,2.014273365297756,-0.6534384751747722,0.5636307189542483,89.85409401372716,78.83647419719489
1789401853.781037,187,-65,1.9582048924954099,-0.7732187816612968,0.5210261437908497,91.81229890622258,78.06325541553359
1789401853.8226092,182,-71,1.9598914283421325,-0.8774299427477231,0.47986928104575166,93.77219033456471,77.18582547278587
1789401853.861874,169,-70,1.7244005053695513,-0.837508876411938,0.38273202614379087,95.49659083993426,76.34831659637393
1789401853.9029648,161,-60,1.7126510464718205,-0.6778627333292813,0.3570294117647059,97.20924188640608,75.67045386304466
1789401853.9437773,149,-46,1.5432331163832318,-0.4885269619151633,0.31362418300653594,98.75247500278931,75.18192690112949
1789401853.98366,132,-30,1.3066426647835403,-0.29943435406069374,0.25156535947712416,100.05911766757285,74.8824925470688
1789401854.0257125,104,-13,0.9077497043596345,-0.12794505936694153,0.2127777777777778,100.96686737193248,74.75454748770186
1789401854.0672133,30,14,-0.39263095895453703,0.276972782697422,0.19509477124183006,100.57423641297794,75.03152027039928
1789401854.1092784,-11,27,-0.40615512536816234,0.25885251398851594,0.17513398692810458,100.16808128760978,75.2903727843878
1789401854.151177,-58,37,-1.0002329730040764,0.3547426364716202,0.14650980392156862,99.1678483146057,75.64511542085941
1789401854.1947525,-108,63,-1.6051969586966508,0.8484221744490261,0.1017843137254902,97.56265135590905,76.49353759530844
1789401854.238011,-129,61,-1.5962976563325413,0.5599233237947833,0.18081045751633987,95.96635369957652,77.05346091910322
1789401854.2798924,-149,67,-1.916894284692038,0.7707874407499922,0.25328104575163396,94.04945941488448,77.82424835985321
1789401854.3214252,-156,65,-1.8441413890146674,0.7090828685332886,0.2681307189542484,92.20531802586981,78.5333312283865
1789401854.3626883,-167,62,-2.0036345952208543,0.7179279633531709,0.300297385620915,90.20168343064896,79.25125919173968
1789401854.4047656,-174,57,-2.023023114031863,0.692887477368273,0.3293562091503268,88.1786603166171,79.94414666910795
1789401854.4452498,-180,44,-2.0742035111721795,0.4794236373702748,0.36083006535947715,86.10445680544491,80.42357030647823
1789401854.4856339,-187,34,-2.1565697420020644,0.4161580479623954,0.388859477124183,83.94788706344285,80.83972835444062
1789401854.5264683,-191,18,-2.158994585754753,0.18412118947823142,0.4058202614379085,81.7888924776881,81.02384954391886
1789401854.566357,-191,7,-2.1100000000000003,0.13206659690872674,0.40452614379084967,79.6788924776881,81.15591614082759
1789401854.6094325,-193,1,-2.152898672257163,0.0,0.41761764705882354,77.52599380543093,81.15591614082759
1789401854.65071,-193,-1,-2.13,0.0,0.42179084967320263,75.39599380543093,81.15591614082759
1789401854.6909587,-185,-9,-1.9488782178396855,0.02336883834645527,0.38357843137254904,73.44711558759124,81.17928497917404
1789401854.733189,-187,-14,-2.093629082960576,-0.033435464258834244,0.3908333333333333,71.35348650463067,81.14584951491521
1789401854.774431,-190,-15,-2.136367218118129,-0.008754266366839493,0.4070490196078431,69.21711928651254,81.13709524854838
1789401854.8156352,-192,-17,-2.1442763857778706,-0.05491139999560592,0.4191503267973856,67.07284290073467,81.08218384855277
1789401854.8563797,-193,-19,-2.1422763231067323,-0.09067371718369137,0.43054575163398695,64.93056657762794,80.99151013136908
1789401854.897778,-188,-35,-2.0196120709513936,-0.4482797318053053,0.41644117647058826,62.910954506676546,80.54323039956378
1789401854.9405558,-182,-43,-1.9498548811488203,-0.46539477972635723,0.3897614379084967,60.96109962552772,80.07783561983743
1789401854.980083,-175,-50,-1.8614789582541893,-0.5699571227204245,0.35866013071895425,59.099620667273534,79.507878497117
1789401855.0207276,-165,-59,-1.7269594705592453,-0.7301228468766362,0.32022222222222224,57.37266119671429,78.77775565024037
1789401855.066145,-157,-63,-1.681825555911769,-0.7606276945264971,0.30597712418300654,55.69083564080252,78.01712795571387
1789401855.1094596,-152,-64,-1.6623856175033929,-0.793604262221794,0.28426143790849673,54.02845002329913,77.22352369349208
1789401855.1526117,-146,-56,-1.590432336501302,-0.6576064356785805,0.23637581699346405,52.43801768679783,76.56591725781351
1789401855.1960177,-143,-18,-1.5953382403173377,0.05849090739018714,0.1573954248366013,50.84267944648049,76.6244081652037
1789401855.2373798,-137,4,-1.4987906147603607,0.0,0.11420915032679739,49.34388883172013,76.6244081652037
1789401855.2821126,-128,36,-1.378017733351344,0.5352883666609398,0.07301633986928105,47.96587109836879,77.15969653186464
1789401855.3251057,-104,95,-0.9603673052135651,1.5800086987156008,0.20965359477124182,47.00550379315522,78.73970523058024
1789401855.3663077,-86,114,-0.8415732115888694,1.408304457659234,0.30312418300653593,46.16393058156635,80.14800968823947
1789401855.4081721,-67,128,-0.6428401165276583,1.5920488943863955,0.3925457516339869,45.52109046503869,81.74005858262586
1789401855.4507947,-49,144,-0.4793285858591495,1.827505208100496,0.481797385620915,45.04176187917954,83.56756379072635
1789401855.5097122,-21,149,-0.17191337771758966,1.732490659621198,0.5235130718954248,45,85.30005445034755
1789401855.5512383,-9,144,-0.14508649610447946,1.5797370114942528,0.5050555555555556,45,86.8797914618418
1789401855.6009405,12,136,0.14256364704998925,1.479600831919645,0.4783562091503268,45.14256364704999,88.35939229376145
1789401855.646608,13,129,-0.03521288002953312,1.413379312504567,0.4516045751633987,45.107350767020456,89.77277160626602
1789401855.702371,14,119,-0.01159276027556821,1.3003677774785978,0.4079052287581699,45.09575800674489,91.07313938374462
1789401855.7639303,22,89,0.15268413778543496,0.8457076625585351,0.3181078431372549,45.24844214453032,91.91884704630316
1789401855.8216546,25,19,0.17066859056548117,-0.21609827997654896,0.33633986928104576,45.419110735095806,91.70274876632661
1789401855.874795,26,-19,0.1924437590942986,-0.36748268062432676,0.328516339869281,45.6115544941901,91.33526608570229
1789401855.9181454,28,-83,0.2504165569276074,-1.458451816002738,0.303359477124183,45.861971051117706,89.87681426969955
1789401855.958045,32,-100,0.34306141561123216,-1.185145264983128,0.332718954248366,46.20503246672894,88.69166900471642
1789401855.9954076,40,-119,0.5101953644213558,-1.5056721696532094,0.41730065359477125,46.715227831150294,87.18599683506321
1789401856.0353162,45,-128,0.5514123693611223,-1.5559044940660889,0.46555555555555556,47.26664020051142,85.63009234099712
1789401856.0730495,51,-137,0.666949534004336,-1.689470879778204,0.5118660130718954,47.933589734515756,83.94062146121892
1789401856.114779,59,-144,0.8119679546828983,-1.7237391775570854,0.5436699346405228,48.745557689198655,82.21688228366185
1789401856.1554005,56,-135,0.6950964537132103,-1.4392303791822434,0.4916013071895425,49.44065414291187,80.7776519044796
1789401856.1961305,45,-105,0.5146411228333705,-0.881155406514551,0.31962091503267975,49.955295265745235,79.89649649796505
1789401856.2384555,57,-85,0.9111249474268602,-0.8141197874195091,0.2259248366013072,50.8664202131721,79.08237671054553
1789401856.279047,65,-57,0.9487400375486279,-0.4250189703489158,0.1608562091503268,51.81516025072072,78.65735774019662
1789401856.3203242,58,-27,0.6954408289988308,-0.10684002724512537,0.13309803921568628,52.51060107971956,78.55051771295149
1789401856.3633978,78,22,1.2121977468375453,0.6077973144192768,0.15230065359477124,53.7227988265571,79.15831502737076
1789401856.406943,89,31,1.2164487187217365,0.2593245970807162,0.14565686274509804,54.93924754527884,79.41763962445148
1789401856.449375,89,36,1.09,0.2954009086545837,0.15694117647058822,56.02924754527884,79.71304053310607
1789401856.490714,97,39,1.2667449327343916,0.33502038072536794,0.22243790849673203,57.29599247801323,80.04806091383143
1789401856.5325456,96,21,1.1480387614142553,-0.07902497924302912,0.4027483660130719,58.44403123942749,79.9690359345884
1789401856.574222,91,16,1.0501429386916317,0.03971461666333175,0.49886601307189543,59.49417417811912,80.00875055125174
1789401856.6151624,109,-5,1.506656637950331,0.0,0.5324803921568627,61.000830816069445,80.00875055125174
1789401856.6569707,116,10,1.4449147616844051,0.01994401990913238,0.6399509803921568,62.445745577753854,80.02869457116087
1789401856.6973543,137,8,1.8302233041834082,0.017892609196325956,0.6707973856209151,64.27596888193726,80.04658718035719
1789401856.7398126,163,17,2.1360899869201795,0.25309177844967934,0.6351601307189543,66.41205886885744,80.29967895880688
1789401856.7798939,182,24,2.257062195832986,0.3236589838825536,0.6175326797385621,68.66912106469043,80.62333794268943
1789401856.822825,206,0,2.5356357980745012,0.0,0.5761339869281046,71.20475686276492,80.62333794268943
1789401856.862603,217,-12,2.5107819554378406,-0.36118401326965655,0.6317516339869281,73.71553881820276,80.26215392941978
1789401856.9034655,215,-26,2.3255442725035858,-0.4760784420023867,0.6469738562091504,76.04108309070635,79.78607548741739
1789401856.9448483,216,-38,2.3720534982498696,-0.6011257517809327,0.6515490196078432,78.41313658895622,79.18494973563647
1789401856.9838846,223,-24,2.519985558239037,-0.15517011994698732,0.6888823529411765,80.93312214719526,79.02977961568948
1789401857.0255394,219,-30,2.3421678678952653,-0.49182606225705244,0.6732712418300654,83.27529001509053,78.53795355343243
1789401857.0657313,207,-41,2.1202132360381167,-0.6998818161189047,0.631516339869281,85.39550325112864,77.83807173731353
1789401857.1068623,196,-45,2.026650450304635,-0.688541766920375,0.5892287581699346,87.42215370143327,77.14952997039315
1789401857.1494036,188,-45,1.9858934815654117,-0.65,0.5564052287581699,89.40804718299869,76.49952997039314
1789401857.1905262,181,-45,1.924953891074253,-0.65,0.506937908496732,91.33300107407294,75.84952997039314
1789401857.2306466,162,-40,1.5832673780270445,-0.5376960190136661,0.44201960784313726,92.91626845209998,75.31183395137947
1789401857.2724347,156,-29,1.6881858744970466,-0.3583843375762382,0.424640522875817,94.60445432659704,74.95344961380323
1789401857.314308,147,-20,1.5624935607894512,-0.29250886724756536,0.3984248366013072,96.16694788738648,74.66094074655567
1789401857.3536043,131,-5,1.3095840978593272,0.0,0.3762908496732026,97.47653198524581,74.66094074655567
1789401857.3959131,82,41,0.43176887586293744,0.6506920745214562,0.34404248366013074,97.90830086110876,75.31163282107713
1789401857.4364514,58,58,0.48343255123325124,0.7037062855843967,0.3210686274509804,98.391733412342,76.01533910666153
1789401857.4782748,36,69,0.29743380549406156,0.7930523720230316,0.3016372549019608,98.68916721783607,76.80839147868456
1789401857.519221,25,83,0.31572993108586334,1.040625951480307,0.28848366013071897,99.00489714892194,77.84901743016486
1789401857.5614767,7,120,0.05706354462225782,1.7788360635751292,0.3906176470588235,99.0619606935442,79.62785349373999
1789401857.6039224,-4,123,0.0,1.4654011445034014,0.40672875816993465,99.0619606935442,81.0932546382434
1789401857.6453326,-14,124,-0.08871474725428596,1.4520598058609744,0.41444444444444445,98.97324594628991,82.54531444410436
1789401857.6858253,-23,124,-0.18326255500531752,1.44,0.41572875816993465,98.7899833912846,83.98531444410436
1789401857.7262263,-26,118,-0.16022366847916905,1.305664539912094,0.4015032679738562,98.62975972280543,85.29097898401646
1789401857.7690053,-26,111,-0.14536952018737792,1.228259719144292,0.37459477124183005,98.48439020261806,86.51923870316075
1789401857.8100295,-27,105,-0.1896928351775142,1.1768652201963372,0.344578431372549,98.29469736744055,87.69610392335709
1789401857.853201,-28,95,-0.22327725630506828,1.0342426918661134,0.2971372549019608,98.07142011113548,88.7303466152232
1789401857.8967164,-31,48,-0.3032040509113594,0.1391528719738372,0.2419640522875817,97.76821606022412,88.86949948719703
1789401857.9379761,-31,12,-0.29426424503326415,-0.11587751143134273,0.2605326797385621,97.47395181519086,88.7536219757657
1789401857.9788969,-31,-26,-0.31957981586456297,-0.5458752047478553,0.27841176470588236,97.1543719993263,88.20774677101784
1789401858.018401,-27,-67,-0.25046636581255555,-1.062651510755388,0.2873529411764706,96.90390563351374,87.14509526026245
1789401858.0603652,-12,-117,0.01818050223951459,-1.7385898495692178,0.3849738562091503,96.92208613575326,85.40650541069323
1789401858.0996575,-3,-129,0.0,-1.516572818554299,0.44392156862745097,96.92208613575326,83.88993259213893
1789401858.1410296,9,-142,0.19364694532126472,-1.7680179960331288,0.5145490196078432,97.11573308107452,82.12191459610581
1789401858.17941,19,-155,0.3080971379377076,-1.919212286723313,0.5760261437908497,97.42383021901223,80.2027023093825
1789401858.2195077,25,-163,0.33296534773972775,-1.9297432641316496,0.6087516339869281,97.75679556675196,78.27295904525086
1789401858.2587786,28,-153,0.3484003899937621,-1.6025894603822646,0.5629640522875817,98.10519595674572,76.6703695848686
1789401858.2989674,29,-143,0.3559099973293655,-1.5056403140491945,0.506686274509804,98.46110595407508,75.16472927081941
1789401858.3381934,29,-129,0.36620766162872315,-1.3114451688235866,0.4444346405228758,98.8273136157038,73.85328410199583
1789401858.3796895,33,-109,0.48180906931757395,-1.0490989552521697,0.3498366013071895,99.30912268502138,72.80418514674366
1789401858.421148,26,-89,0.30085195030705486,-0.8487955604117546,0.263562091503268,99.60997463532843,71.9553895863319
1789401858.4638462,-3,-68,0.0,-0.6337356528157556,0.22418300653594772,99.60997463532843,71.32165393351615
1789401858.5061324,-25,-53,-0.46729963010873354,-0.5529534326140546,0.2548921568627451,99.1426750052197,70.76870050090209
1789401858.5505514,-31,-14,-0.32240877727292,0.09896548985090325,0.21116666666666667,98.82026622794677,70.86766599075298
1789401858.5962725,-68,9,-1.0920284449554787,0.14989595909946948,0.12794117647058822,97.7282377829913,71.01756194985245
1789401858.639248,-85,19,-1.1277826941318494,0.13084746067070874,0.10942156862745098,96.60045508885945,71.14840941052316
1789401858.6811996,-103,41,-1.411200211493856,0.5311830588841101,0.12181699346405228,95.1892548773656,71.67959246940727
1789401858.7244012,-134,48,-1.898430204158144,0.4614529237935193,0.22206209150326797,93.29082467320745,72.14104539320078
1789401858.7676413,-145,42,-1.7772634952859594,0.287342368239724,0.2630718954248366,91.51356117792149,72.4283877614405
1789401858.8120844,-148,48,-1.7137376047017943,0.5269036362359311,0.2642058823529412,89.7998235732197,72.95529139767643
1789401858.8532884,-155,52,-1.8349236037995627,0.5908174946341272,0.28113071895424835,87.96489996942013,73.54610889231056
1789401858.8939655,-180,40,-2.308248768270169,0.30708885127894703,0.35298692810457516,85.65665120114996,73.8531977435895
1789401858.9361928,-190,36,-2.218075569643772,0.397909000946479,0.3753921568627451,83.43857563150618,74.25110674453599
1789401858.9784138,-198,30,-2.2747849245493015,0.3394721782226706,0.39598039215686276,81.16379070695689,74.59057892275865
1789401859.0199,-205,16,-2.3343216616119844,0.11515364884803966,0.426297385620915,78.82946904534491,74.70573257160669
1789401859.0619454,-221,7,-2.6004521548617063,0.09261622919316778,0.5239542483660131,76.2290168904832,74.79834880079986
1789401859.102956,-223,6,-2.4543843542160833,0.182443853666042,0.531921568627451,73.7746325362671,74.9807926544659
1789401859.145838,-231,17,-2.6033847052995434,0.4475231048968306,0.5940130718954248,71.17124783096756,75.42831575936273
1789401859.1855404,-236,12,-2.622981320199411,0.21579862775473072,0.6210522875816994,68.54826651076814,75.64411438711747
1789401859.2246099,-236,-10,-2.56,-0.23061011406614146,0.5971045751633987,65.98826651076814,75.41350427305133
1789401859.2659445,-231,-24,-2.449486262039832,-0.27832335901593575,0.5750228758169935,63.53878024872831,75.13518091403539
1789401859.3087757,-225,-44,-2.3801073586917885,-0.579989372557614,0.5623039215686274,61.15867289003652,74.55519154147777
1789401859.349146,-220,-62,-2.3380673206976597,-0.7995947997943074,0.5552058823529412,58.82060556933886,73.75559674168346
1789401859.3901052,-200,-73,-1.9556521587155484,-0.8807546770920238,0.4944705882352941,56.86495341062331,72.87484206459143
1789401859.4320946,-187,-80,-1.9152488406282464,-0.967039726159178,0.4607352941176471,54.94970456999506,71.90780233843226
1789401859.4729013,-174,-86,-1.7803741605335113,-1.0873324544293372,0.4372549019607843,53.16933040946155,70.82046988400292
1789401859.5134313,-162,-85,-1.672349632132925,-1.0376738901721534,0.399078431372549,51.49698077732862,69.78279599383076
1789401859.5561283,-145,-66,-1.4506119291966106,-0.637216806910626,0.29937908496732024,50.04636884813201,69.14557918692013
1789401859.599154,-130,-61,-1.3255793915266172,-0.7519460638574695,0.22715359477124183,48.720789456605395,68.39363312306266
1789401859.6434245,-106,-52,-0.9895727572144704,-0.6184014555319904,0.16890522875816993,47.73121669939093,67.77523166753066
1789401859.6875591,-82,-32,-0.748072266764636,-0.2933800876373047,0.09549019607843137,46.98314443262629,67.48185157989336
1789401859.73344,-26,13,0.15091205692943127,0.4324272672900996,0.08663071895424837,47.13405648955572,67.91427884718345
1789401859.776063,-6,37,-0.025446787569692597,0.49491323737616083,0.07040196078431372,47.108609701986026,68.40919208455962
1789401859.8190525,8,65,0.04958781727823815,0.8751164058786125,0.08001307189542484,47.15819751926426,69.28430849043824
1789401859.861574,27,118,0.3234248894449162,1.803146855292146,0.28780065359477125,47.48162240870918,71.08745534573038
1789401859.902564,24,133,0.0529122359521071,1.62163414592524,0.3827418300653595,47.534534644661285,72.70908949165562
1789401859.9435537,20,144,0.017129982958018243,1.7741591858098285,0.45493790849673205,47.5516646276193,74.48324867746544
1789401859.9829102,15,155,-0.03593821761202909,1.889779635958215,0.5246013071895425,47.515726410007275,76.37302831342366
1789401860.0222695,1,165,0.0,1.9774717205915426,0.5896764705882352,47.515726410007275,78.3505000340152
1789401860.0725205,-3,171,0.0,1.9696581214411355,0.624797385620915,47.515726410007275,80.32015815545634
1789401860.115535,-6,171,-0.27739610450333163,1.91,0.6238333333333334,47.23833030550394,82.23015815545634
1789401860.1566064,-10,165,-0.2951167475145856,1.776958617527036,0.5913300653594771,46.94321355798936,84.00711677298337
1789401860.1977167,-3,144,0.0,1.3837065091512204,0.4890261437908497,46.94321355798936,85.39082328213459
1789401860.2382412,-1,130,0.0,1.327290316887945,0.4194248366013072,46.94321355798936,86.71811359902253
1789401860.2798197,-1,112,0.0,1.1039929959887158,0.329718954248366,46.94321355798936,87.82210659501125
1789401860.320514,3,56,0.0,0.071142780052321,0.19766013071895425,46.94321355798936,87.89324937506358
1789401860.361869,11,10,0.05987293325269153,-0.2547734014227466,0.19041830065359477,47.00308649124205,87.63847597364082
1789401860.403925,15,-35,0.10879321228338248,-0.714212834113089,0.16915686274509803,47.11187970352543,86.92426313952774
1789401860.4460382,21,-73,0.21031787669729907,-1.072269454830828,0.18490196078431373,47.32219758022273,85.85199368469691
1789401860.4869897,35,-112,0.47850511096719417,-1.5785877666121753,0.3245326797385621,47.80070269118992,84.27340591808473
1789401860.5263815,43,-121,0.523426075645426,-1.4022876397591197,0.3716862745098039,48.324128766835344,82.87111827832561
1789401860.5658274,51,-128,0.6429358989967835,-1.547616001532599,0.4085,48.967064665832126,81.32350227679301
1789401860.606748,63,-136,0.8599234057598321,-1.6576873486118875,0.44962091503267976,49.826988071591956,79.66581492818112
1789401860.6471636,69,-133,0.9034321358474835,-1.492882703448927,0.4299313725490196,50.73042020743944,78.1729322247322
1789401860.686348,65,-123,0.7890515005801814,-1.3023940953841286,0.36726797385620913,51.519471708019616,76.87053812934806
1789401860.7273061,34,-101,0.16080135320365135,-0.941250253387234,0.23829738562091504,51.68027306122327,75.92928787596082
1789401860.7689645,38,-84,0.6279223061366728,-0.8360330680641452,0.20284967320261438,52.30819536735994,75.09325480789668
1789401860.8115373,26,-80,0.31917593338705347,-0.9530423528621489,0.22752287581699346,52.627371300746994,74.14021245503453
1789401860.8533754,4,-90,0.0,-1.2197189064524785,0.2809281045751634,52.627371300746994,72.92049354858204
1789401860.897286,12,-100,0.23836857982522724,-1.3136834116645797,0.2979934640522876,52.86573988057222,71.60681013691746
1789401860.9390476,13,-90,0.34197982371456154,-0.980249647398745,0.294937908496732,53.20771970428678,70.62656048951871
1789401860.9820297,14,-83,0.3516324264359209,-0.9485761764249108,0.3028986928104575,53.5593521307227,69.6779843130938
1789401861.023528,4,-49,0.0,-0.2789525500527477,0.1871764705882353,53.5593521307227,69.39903176304105
1789401861.0683959,-10,-10,-0.05619569666301391,0.133210951445203,0.21399346405228759,53.50315643405969,69.53224271448626
1789401861.1130087,16,24,0.6486713195290289,0.44257576244983254,0.20393790849673202,54.15182775358872,69.9748184769361
1789401861.1565666,24,41,0.5317585005551271,0.4622304781574003,0.250640522875817,54.68358625414385,70.43704895509349
1789401861.2005615,56,72,1.1235740623357766,0.9927686418776451,0.2833823529411765,55.807160316479624,71.42981759697113
1789401861.2435505,78,86,1.235880737404885,1.0172666882882224,0.3022222222222222,57.04304105388451,72.44708428525935
1789401861.285756,87,94,1.1766324376850241,1.1085583149475011,0.32436601307189544,58.21967349156953,73.55564260020685
1789401861.3288057,93,88,1.1997121962570223,0.9598186550884278,0.4736470588235294,59.419385687826555,74.51546125529528
1789401861.3700948,105,77,1.3953159949185818,0.8368236625312465,0.5203104575163399,60.81470168274514,75.35228491782652
1789401861.411072,108,69,1.3166150604968951,0.7923694979167153,0.5716372549019608,62.13131674324203,76.14465441574323
1789401861.4510038,111,64,1.347625399939,0.7773928411499538,0.630173202614379,63.47894214318103,76.92204725689318
1789401861.4908252,112,20,1.332569688687501,-0.15295693183520598,0.7235784313725491,64.81151183186853,76.76909032505797
1789401861.531018,132,3,1.7648642368834322,0.0,0.7813104575163399,66.57637606875196,76.76909032505797
1789401861.5703886,153,-1,1.9966387678000581,0.0,0.8028398692810458,68.57301483655202,76.76909032505797
1789401861.6122444,176,-29,2.2390314698259903,-0.36219568663592294,0.7929705882352941,70.81204630637801,76.40689463842205
1789401861.65137,195,-46,2.39263428773246,-0.5835424056899914,0.7914901960784314,73.20468059411047,75.82335223273205
1789401861.6910489,221,-64,2.737963814839765,-0.8242112384187018,0.798640522875817,75.94264440895023,74.99914099431335
1789401861.7317266,223,-58,2.4545594032157956,-0.5107200966411685,0.7865980392156863,78.39720381216603,74.48842089767219
1789401861.771753,217,-45,2.295034781054513,-0.3280355677641885,0.7220522875816994,80.69223859322054,74.160385329908
1789401861.8121834,221,-29,2.4594518015468783,-0.15602694955110064,0.6698692810457516,83.15169039476741,74.00435838035689
1789401861.8541558,214,-30,2.256811750572342,-0.4009900999512783,0.6139673202614379,85.40850214533975,73.60336828040562
1789401861.8958743,189,-35,1.790346926528163,-0.5282134700729122,0.5318398692810458,87.19884907186791,73.0751548103327
1789401861.9384303,175,-48,1.785473247708067,-0.79187715307178,0.5004444444444445,88.98432231957598,72.28327765726092
1789401861.9796145,166,-54,1.7506353617410855,-0.812899621102395,0.4585,90.73495768131707,71.47037803615854
1789401862.021982,141,-49,1.3151016390491939,-0.6310073869038577,0.3276045751633987,92.05005932036626,70.83937064925468
1789401862.0669243,123,-32,1.2298529413324142,-0.33096219942204197,0.25688235294117645,93.27991226169867,70.50840844983263
1789401862.1079593,102,-5,0.9678287716726598,0.0,0.22421895424836602,94.24774103337133,70.50840844983263
1789401862.1512542,79,27,0.7207140687807057,0.465341199408797,0.18199019607843137,94.96845510215203,70.97374964924143
1789401862.194632,32,60,-0.021926556374772477,0.878035035841473,0.1427875816993464,94.94652854577727,71.8517846850829
1789401862.2373497,15,75,0.15076235609701572,0.8872519673874614,0.13318300653594772,95.09729090187429,72.73903665247036
1789401862.28186,-1,91,0.0,1.1325109441747312,0.1308562091503268,95.09729090187429,73.87154759664509
1789401862.324337,-26,101,-0.34087033064236516,1.256040804800165,0.20990522875816994,94.75642057123193,75.12758840144525
1789401862.3675938,-29,103,-0.1949989073248747,1.2531070759602458,0.2153496732026144,94.56142166390705,76.3806954774055
1789401862.4097216,-31,101,-0.23020287595674874,1.1862560134052658,0.20661764705882352,94.3312187879503,77.56695149081077
1789401862.4501216,-33,101,-0.2778637161869706,1.21,0.20972549019607842,94.05335507176333,78.77695149081076
1789401862.4926922,-55,110,-0.7784746500775959,1.4057820172955888,0.2525849673202614,93.27488042168574,80.18273350810635
1789401862.5358028,-60,100,-0.679593102855264,1.0841294871015685,0.19301960784313726,92.59528731883047,81.26686299520792
1789401862.5785537,-62,92,-0.718133711264007,1.0264267492121923,0.13715686274509803,91.87715360756647,82.29328974442011
1789401862.623453,-71,65,-0.9487534753182264,0.5490645896777692,0.03600980392156863,90.92840013224824,82.84235433409788
1789401862.6660657,-66,29,-0.7958766847209053,0.0678679549114331,0.02192483660130719,90.13252344752733,82.91022228900931
1789401862.708684,-59,-11,-0.7080681125609742,-0.38850652754113124,0.014261437908496733,89.42445533496635,82.52171576146819
1789401862.7527516,-56,-46,-0.7259496127597161,-0.7071309187536061,-0.0009379084967320262,88.69850572220663,81.81458484271458
1789401862.7968538,-50,-88,-0.6319868329306458,-1.2837125475171969,0.10713071895424836,88.06651888927598,80.53087229519738
1789401862.8409038,-41,-101,-0.5078720530704341,-1.174052813528895,0.18309150326797385,87.55864683620555,79.3568194816685
1789401862.8833394,-32,-112,-0.4139016386070435,-1.361193228002914,0.24728104575163398,87.14474519759851,77.99562625366558
1789401862.9238906,-8,-132,0.016131227789414226,-1.766841377362155,0.3692581699346405,87.16087642538793,76.22878487630342
1789401862.9646559,7,-137,0.05946125080560702,-1.6312725774689862,0.405937908496732,87.22033767619354,74.59751229883443
1789401863.0054045,24,-136,0.27404256971878393,-1.5477312178969662,0.4067843137254902,87.49438024591232,73.04978108093746
1789401863.0453954,47,-125,0.6204276154978168,-1.3124531377634678,0.3552124183006536,88.11480786141014,71.737327943174
1789401863.0880103,78,-83,1.0727210888052283,-0.5372591465461299,0.1307941176470588,89.18752895021537,71.20006879662786
1789401863.1325278,91,-44,1.0664416199076008,-0.20192325656132837,0.10626797385620915,90.25397057012297,70.99814554006653
1789401863.17621,101,-31,1.2231038691182916,-0.36119843682627706,0.11404575163398693,91.47707443924126,70.63694710324026
1789401863.2185667,102,-31,1.216888396422089,-0.51,0.11913398692810458,92.69396283566336,70.12694710324025
1789401863.2622392,124,10,1.692047768369298,0.37832297071406557,0.18033333333333335,94.38601060403265,70.50527007395432
1789401863.304208,130,10,1.5715092576806355,-0.08287496566772462,0.2190294117647059,95.95751986171328,70.4223951082866
1789401863.3443403,131,-9,1.5224810417373398,-0.516885482570098,0.21827124183006535,97.48000090345062,69.90550962571649
1789401863.38717,132,-8,1.5316439874296248,-0.2652863547365865,0.2170065359477124,99.01164489088023,69.6402232709799
1789401863.429683,132,21,1.52,0.3722198463233221,0.22704575163398694,100.53164489088023,70.01244311730322
1789401863.4717546,126,20,1.3888345134945592,0.025851586609222436,0.22036928104575162,101.92047940437479,70.03829470391244
1789401863.5132997,119,28,1.3057107766862077,0.23730489702427315,0.21720588235294117,103.226190181061,70.27559960093672
1789401863.5548694,98,42,0.9275743861338468,0.4842436558579793,0.23572549019607844,104.15376456719484,70.7598432567947
1789401863.5972962,79,40,0.7658961535649406,0.3062621079651551,0.2462156862745098,104.91966072075978,71.06610536475985
1789401863.6373842,56,42,0.4723728607377548,0.40845894635323415,0.25348366013071894,105.39203358149753,71.47456431111308
1789401863.6804035,34,50,0.284929848906187,0.5994729454774029,0.248578431372549,105.67696343040372,72.07403725659049
1789401863.7218099,-13,56,-0.5077696035610714,0.6853838862921644,0.23786601307189542,105.16919382684264,72.75942114288264
1789401863.7637851,-44,48,-0.6580403120166237,0.4778736539182021,0.21940522875816992,104.51115351482602,73.23729479680085
1789401863.8061152,-78,49,-1.0943241967388775,0.6365198677296061,0.18649019607843137,103.41682931808714,73.87381466453046
1789401863.8501577,-108,53,-1.4299711091919027,0.7568087920827308,0.15313398692810457,101.98685820889524,74.6306234566132
1789401863.8923573,-145,47,-2.0201081797721705,0.5988167994207096,0.2188856209150327,99.96675002912308,75.2294402560339
1789401863.9346125,-149,60,-1.7371513816129684,0.9535578961597819,0.24162745098039215,98.2295986475101,76.18299815219368
1789401863.975211,-170,61,-2.1590249083947466,0.8223158308912915,0.3149183006535948,96.07057373911536,77.00531398308496
1789401864.0170138,-177,58,-2.0535832697541476,0.7441177168408085,0.33698039215686276,94.01699046936122,77.74943169992576
1789401864.058069,-194,54,-2.3470972471521763,0.6912845362261609,0.4032450980392157,91.66989322220904,78.44071623615193
1789401864.1001363,-206,47,-2.4027143707786798,0.5867560873263397,0.45662418300653596,89.26717885143036,79.02747232347826
1789401864.1404116,-218,45,-2.529026600658503,0.6251679681718342,0.5086078431372549,86.73815225077186,79.6526402916501
1789401864.1800573,-228,42,-2.606032284041876,0.5821703084601046,0.559218954248366,84.13211996672999,80.23481060011021
1789401864.221884,-251,16,-2.985290623412647,0.049192158829866606,0.6810686274509804,81.14682934331734,80.28400275894008
1789401864.2625303,-258,3,-2.864832323979474,0.0,0.7183660130718954,78.28199701933787,80.28400275894008
1789401864.3050992,-263,-14,-2.8896354453992754,-0.14355751586905932,0.7420326797385621,75.39236157393859,80.14044524307101
1789401864.3434446,-269,-29,-2.9682242115667954,-0.3311355332936644,0.773124183006536,72.4241373623718,79.80930970977735
1789401864.383226,-267,-39,-2.8448734237121616,-0.39225230315992665,0.7673169934640522,69.57926393865964,79.41705740661743
1789401864.4220743,-264,-50,-2.8013796016082995,-0.5570320695922849,0.7548071895424837,66.77788433705133,78.86002533702515
1789401864.4612007,-259,-55,-2.72610529522881,-0.5723446768895224,0.7393823529411765,64.05177904182253,78.28768066013562
1789401864.4994674,-251,-61,-2.6057075347958256,-0.6934759946217974,0.7047124183006536,61.4460715070267,77.59420466551383
1789401864.538118,-245,-70,-2.5723899833466977,-0.875716156466151,0.6794901960784314,58.873681523680006,76.71848850904767
1789401864.5786898,-235,-74,-2.4267468704084636,-0.9086287466143739,0.6432679738562092,56.44693465327154,75.8098597624333
1789401864.6190672,-214,-66,-2.0796597857700223,-0.7335640733230027,0.5413660130718955,54.36727486750152,75.0762956891103
1789401864.658689,-205,-46,-2.1365947979066653,-0.4076017282672797,0.4814934640522876,52.230680069594854,74.66869396084302
1789401864.6993525,-195,-27,-2.0269912251888695,-0.23635596132308365,0.4144281045751634,50.20368884440598,74.43233799951993
1789401864.741285,-185,-11,-1.930593969208345,-0.11913618083877978,0.3567516339869281,48.273094875197636,74.31320181868115
1789401864.7827392,-170,-2,-1.7218979193205943,0.0,0.29938888888888887,46.55119695587704,74.31320181868115
1789401864.8248334,-133,7,-1.0840718246967076,-0.01058715460717885,0.1575294117647059,45.46712513118033,74.30261466407397
1789401864.869867,-104,10,-0.9181773116447417,-0.04599881318548447,0.09475490196078432,45,74.25661585088848
1789401864.914467,-53,15,-0.15735125179363063,0.04019185995495311,0.09608169934640523,45,74.29680771084344
1789401864.9573212,52,35,1.5905697134475059,0.44735866979385286,0.14827777777777779,46.59056971344751,74.7441663806373
1789401865.0027108,93,48,1.3098183906867853,0.5307858359568022,0.17041503267973857,47.900388104134294,75.2749522165941
1789401865.0446756,125,59,1.6660452768340366,0.6783478225059822,0.21233986928104576,49.56643338096833,75.95330003910009
1789401865.094929,167,74,2.2885235988691166,0.9207432213302845,0.3829901960784314,51.854956979837446,76.87404326043037
1789401865.1361387,181,78,2.179139775902296,0.9243867614482827,0.4454313725490196,54.03409675573974,77.79843002187866
1789401865.1790283,190,78,2.2049269683846546,0.9427869415283203,0.47890196078431374,56.239023724124394,78.74121696340698
1789401865.2204483,207,49,2.47519723960102,0.33983269327099674,0.4703104575163399,58.71422096372542,79.08104965667798
1789401865.2612038,208,33,2.292291000732601,0.3334833495367388,0.4711666666666667,61.00651196445802,79.41453300621471
1789401865.3022153,208,23,2.2800000000000002,0.308250934677101,0.5020032679738562,63.28651196445802,79.72278394089182
1789401865.343344,211,12,2.346503739461912,0.18622203665042916,0.5344346405228758,65.63301570391994,79.90900597754225
1789401865.3811743,213,6,2.356434633540686,0.1806701005579548,0.5623921568627451,67.98945033746062,80.08967607810021
1789401865.4234574,217,-8,2.41750357043757,-0.052537697711166384,0.6215751633986928,70.4069539078982,80.03713838038904
1789401865.4641826,222,-30,2.4812489558934345,-0.4011357390161886,0.6139117647058824,72.88820286379163,79.63600264137285
1789401865.5058215,223,-35,2.4419999084479644,-0.27036259436254967,0.642032679738562,75.3302027722396,79.3656400470103
1789401865.5446713,221,-28,2.3842573343480717,-0.07203945623302282,0.6783169934640523,77.71446010658768,79.29360059077727
1789401865.583223,221,-43,2.41,-0.5397867540437986,0.6493464052287582,80.12446010658768,78.75381383673347
1789401865.6259367,217,-54,2.323125793473402,-0.6302141068163625,0.5978235294117648,82.44758590006109,78.1235997299171
1789401865.6672604,209,-61,2.193399341302195,-0.7065311046784268,0.5646241830065359,84.64098524136328,77.41706862523867
1789401865.707518,200,-63,2.088059023782694,-0.71741179208899,0.5283267973856209,86.72904426514597,76.69965683314967
1789401865.7487776,191,-64,2.0012071197597545,-0.7675187139351243,0.49263398692810456,88.73025138490573,75.93213811921456
1789401865.7884123,183,-52,1.9286007482306584,-0.5249813618773629,0.4572156862745098,90.65885213313639,75.40715675733719
1789401865.8313851,181,-39,1.9868276898428223,-0.42905567544896817,0.438781045751634,92.64567982297922,74.97810108188823
1789401865.873465,178,-35,1.9443400121295251,-0.5024673590924803,0.43205228758169933,94.59001983510875,74.47563372279575
1789401865.9144034,174,-36,1.8911335632398172,-0.5722169650295063,0.41816339869281044,96.48115339834857,73.90341675776624
1789401865.9554245,165,-43,1.7400236100266866,-0.7153636020026632,0.37163398692810456,98.22117700837525,73.18805315576357
1789401865.9964054,155,-46,1.6283088653428808,-0.6965790832344938,0.32815686274509803,99.84948587371814,72.49147407252907
1789401866.0390081,140,-42,1.4237667648937244,-0.5730263129896238,0.26746732026143794,101.27325263861186,71.91844775953945
1789401866.0798738,113,-36,0.9995027403736715,-0.48661955387082667,0.244140522875817,102.27275537898554,71.43182820566862
1789401866.1231499,41,-6,-0.22148369191120998,0.08659850154252974,0.24640849673202614,102.05127168707433,71.51842670721115
1789401866.1660507,0,17,0.0,0.25300346034471943,0.2407843137254902,102.05127168707433,71.77143016755586
1789401866.208394,-34,43,-0.6378734373731919,0.5876145350593688,0.21451960784313726,101.41339824970115,72.35904470261524
1789401866.25085,-58,66,-0.770008768823947,0.8379759388061994,0.19023202614379084,100.6433894808772,73.19702064142143
1789401866.2924385,-82,93,-1.08408898098046,1.2390445378363497,0.2464934640522876,99.55930049989675,74.43606517925778
1789401866.335823,-85,105,-0.9337176104678171,1.2637946750337592,0.308,98.62558288942893,75.69985985429155
1789401866.379326,-86,116,-0.9956087928597817,1.4629282355980888,0.37095098039215685,97.62997409656914,77.16278808988963
1789401866.420045,-60,134,-0.4537037527957502,1.7610126288795602,0.46061437908496733,97.1762703437734,78.92380071876919
1789401866.4637282,-29,127,-0.1328852034037823,1.3897907136846936,0.4559771241830065,97.04338514036961,80.31359143245388
1789401866.5033145,-18,144,-0.24116591237361582,1.8546005176668874,0.5282254901960785,96.80221922799599,82.16819195012076
1789401866.5433116,-2,145,0.0,1.662526218335812,0.5407156862745098,96.80221922799599,83.83071816845657
1789401866.5839372,-19,162,-0.39620099587221613,2.0287683740213502,0.5964575163398693,96.40601823212377,85.85948654247792
1789401866.6236951,-10,160,-0.18667174234145523,1.774840113733159,0.5913398692810458,96.21934648978231,87.63432665621109
1789401866.663998,-9,157,-0.27757515685449713,1.7327559212668344,0.5794444444444444,95.94177133292781,89.36708257747792
1789401866.7059557,-8,150,-0.268088289086551,1.616639330391873,0.5503888888888889,95.67368304384127,90.98372190786979
1789401866.7464492,-7,141,-0.257663303783097,1.4989096120682044,0.5110653594771242,95.41601974005818,92.482631519938
1789401866.7854636,-5,111,0.0,0.9241654963479926,0.37544444444444447,95.41601974005818,93.40679701628599
1789401866.8248599,-9,87,-0.30275744662730825,0.766321660432002,0.317359477124183,95.11326229343086,94.17311867671799
1789401866.8657427,-15,44,-0.42338130201256174,0.11416813318172536,0.32063725490196077,94.6898809914183,94.28728680989971
1789401866.9070883,-25,2,-0.5691279353790573,0.0,0.3202483660130719,94.12075305603925,94.28728680989971
1789401866.9473813,-41,-36,-0.8115753359645804,-0.7087089768491479,0.307156862745098,93.30917772007467,93.57857783305056
1789401866.9861097,-63,-97,-1.1140794532356382,-1.6912898197061845,0.27408169934640525,92.19509826683904,91.88728801334437
1789401867.024964,-84,-107,-1.310404204631972,-1.215796383390777,0.3068660130718954,90.88469406220707,90.6714916299536
1789401867.0641515,-106,-115,-1.5408132977072289,-1.3592438865981065,0.3385718954248366,89.34388076449984,89.31224774335548
1789401867.10437,-124,-122,-1.6636962133333333,-1.5069780245172681,0.39244444444444443,87.6801845511665,87.80526971883822
1789401867.1421065,-134,-122,-1.6724821064202102,-1.42,0.42376470588235293,86.0077024447463,86.38526971883822
1789401867.1844187,-150,-110,-1.8889751745888712,-1.1583531795616495,0.4258660130718954,84.11872727015744,85.22691653927657
1789401867.2229612,-158,-105,-1.8837218457886147,-1.1851473844365004,0.4332124183006536,82.23500542436882,84.04176915484007
1789401867.2654557,-168,-104,-1.9978466587246284,-1.2282273081953776,0.46165359477124185,80.2371587656442,82.8135418466447
1789401867.3039677,-180,-102,-2.155627989239665,-1.1940412932613755,0.5054444444444445,78.08153077640453,81.61950055338332
1789401867.346901,-193,-103,-2.2814870672171317,-1.241647867767126,0.5539705882352941,75.8000437091874,80.37785268561619
1789401867.388173,-218,-108,-2.683089934732717,-1.340619739154565,0.6520294117647059,73.11695377445469,79.03723294646163
1789401867.4274724,-230,-113,-2.652605234433745,-1.3935666264541668,0.7038496732026144,70.46434854002094,77.64366632000745
1789401867.4667714,-238,-116,-2.6815502357591203,-1.3981658891686128,0.7415228758169935,67.78279830426182,76.24550043083885
1789401867.5076923,-241,-119,-2.646700710510658,-1.4266517491480002,0.7539705882352942,65.13609759375116,74.81884868169084
1789401867.545788,-238,-120,-2.5406439634680344,-1.413121059118694,0.7446143790849673,62.595453630283124,73.40572762257214
1789401867.5849767,-222,-120,-2.2157373364744846,-1.4,0.6874705882352942,60.37971629380864,72.00572762257214
1789401867.62377,-212,-119,-2.1907289079017933,-1.3771120561448358,0.6513692810457516,58.18898738590685,70.6286155664273
1789401867.667359,-198,-121,-2.019991454621753,-1.4329416327088744,0.6165849673202615,56.168995931285096,69.19567393371842
1789401867.7079725,-178,-119,-1.733308160120455,-1.3653670362713775,0.5648986928104576,54.43568777116464,67.83030689744704
1789401867.7492833,-158,-111,-1.538228288813825,-1.2132461404490171,0.48855228758169933,52.89745948235081,66.61706075699803
1789401867.7911813,-117,-72,-0.8809198093352899,-0.4546635640038005,0.3364019607843137,52.01653967301552,66.16239719299423
1789401867.8344083,-91,-43,-0.8096411069980611,-0.29456116972869223,0.29097712418300653,51.20689856601746,65.86783602326554
1789401867.8762717,-56,-5,-0.3473767054365974,0.0,0.28717320261437906,50.85952186058086,65.86783602326554
1789401867.9172792,-13,32,0.20157552964478137,0.6256010348586786,0.30001960784313725,51.06109739022564,66.49343705812421
1789401867.9585922,61,58,1.356146578181037,0.7956263745700372,0.30376143790849675,52.41724396840668,67.28906343269425
1789401868.0001361,95,67,1.288748207171193,0.7349736964595431,0.28233006535947713,53.705992175577876,68.0240371291538
1789401868.0418465,120,81,1.5291433686387388,1.0018975887332573,0.3017222222222222,55.23513554421662,69.02593471788705
1789401868.083635,157,86,2.172645350992976,1.0159194275601084,0.4057091503267974,57.4077808952096,70.04185414544716
1789401868.124851,159,88,1.8142669752372136,1.0729009607566227,0.4539640522875817,59.222047870446815,71.11475510620379
1789401868.1682868,161,80,1.8330401828139506,0.9078635627241325,0.4588464052287582,61.05508805326077,72.02261866892792
1789401868.2096183,159,67,1.7658192048703993,0.7128393285371704,0.48108496732026146,62.820907258131164,72.73545799746509
1789401868.2512176,171,49,2.0542762859173984,0.4735868118260151,0.5635751633986928,64.87518354404857,73.2090448092911
1789401868.2916498,187,35,2.2682138418279343,0.3768002548432007,0.5904183006535948,67.1433973858765,73.5858450641343
1789401868.335481,211,20,2.583366254249992,0.22896866691676593,0.6303529411764706,69.72676364012649,73.81481373105107
1789401868.3750603,238,10,2.921790735576401,0.1736076758033799,0.6807254901960784,72.64855437570289,73.98842140685446
1789401868.4161472,254,-15,2.93415939219646,-0.2663696208909404,0.724797385620915,75.58271376789935,73.72205178596352
1789401868.455787,275,-51,3.216305015873016,-0.8177994943967526,0.8108398692810458,78.79901878377237,72.90425229156676
1789401868.4985967,270,-82,2.841873977948636,-1.1043613213828747,0.8080555555555555,81.640892761721,71.7998909701839
1789401868.5384693,267,-99,2.8323795497354025,-1.2051463010149353,0.8022908496732026,84.47327231145641,70.59474466916896
1789401868.5776153,258,-109,2.6651141410206467,-1.3050338211645889,0.7838039215686274,87.13838645247706,69.28971084800438
1789401868.6192312,222,-121,1.9871264721059576,-1.5422434242078038,0.7178071895424837,89.12551292458302,67.74746742379658
1789401868.660799,202,-117,1.9792842180173666,-1.3218863894465156,0.6671601307189543,91.10479714260039,66.42558103435006
1789401868.70016,178,-98,1.6753160969290466,-0.9387773075921856,0.6355980392156863,92.78011323952944,65.48680372675787
1789401868.7413313,157,-69,1.5148335863355622,-0.5376702024737132,0.6058235294117648,94.294946825865,64.94913352428415
1789401868.7827084,111,-23,0.7541461472420211,0.12583783908363866,0.5346176470588235,95.04909297310702,65.0749713633678
1789401868.822024,90,0,0.8371848828257873,0.0,0.49676797385620913,95.8862778559328,65.0749713633678
1789401868.8649802,63,26,0.5109947999707041,0.40057544213740404,0.4704771241830065,96.3972726559035,65.4755468055052
1789401868.9058182,42,53,0.3628850460633093,0.7466456194539852,0.4338986928104575,96.76015770196682,66.22219242495919
1789401868.947544,25,70,0.24600038909837896,0.8482009875591298,0.3928235294117647,97.0061580910652,67.07039341251831
1789401868.9905436,-36,90,-0.8987092082310599,1.1543900805026845,0.3521372549019608,96.10744888283415,68.224783493021
1789401869.0343974,-71,104,-1.0024595494771331,1.3127427245606862,0.36230718954248364,95.10498933335701,69.53752621758169
1789401869.076908,-109,111,-1.5230189484353374,1.3923769345588815,0.3756078431372549,93.58197038492168,70.92990315214057
1789401869.1179502,-150,116,-2.108451617617094,1.4208968052546909,0.4267254901960784,91.47351876730458,72.35079995739525
1789401869.1585817,-163,119,-1.9902865323448313,1.426930359239258,0.4847843137254902,89.48323223495976,73.77773031663452
1789401869.2013566,-171,127,-2.0035816018607866,1.5635190051226595,0.5453627450980392,87.47965063309897,75.34124932175718
1789401869.241663,-182,127,-2.156371102086178,1.47,0.5779967320261438,85.32327953101279,76.81124932175717
1789401869.2827158,-194,120,-2.285795863507329,1.3148018687791996,0.5849967320261438,83.03748366750546,78.12605119053637
1789401869.323649,-202,138,-2.318465352403646,1.80021197059853,0.6798202614379085,80.7190183151018,79.9262631611349
1789401869.3654826,-207,140,-2.3293371247488897,1.6238708766817675,0.7043071895424836,78.38968119035292,81.55013403781666
1789401869.406685,-215,139,-2.4470841902425193,1.5778644059950235,0.7269836601307189,75.9425970001104,83.12799844381169
1789401869.446559,-220,140,-2.462660659009693,1.612537451201942,0.7453823529411765,73.4799363411007,84.74053589501364
1789401869.485029,-224,146,-2.4920297964981057,1.738038886373644,0.7717614379084967,70.9879065446026,86.47857478138728
1789401869.5244226,-227,142,-2.5081758473804934,1.5692534481924212,0.7746111111111111,68.4797306972221,88.04782822957971
1789401869.5623248,-227,138,-2.47,1.5271100658869519,0.766483660130719,66.0097306972221,89.57493829546667
1789401869.6041536,-222,134,-2.3604309566146107,1.4922900156405516,0.7468333333333333,63.64929974060749,91.06722831110721
1789401869.6431594,-219,128,-2.3515003671611105,1.403063351044641,0.7209901960784314,61.29779937344638,92.47029166215185
1789401869.6816893,-216,118,-2.3210520568297897,1.2502594622684697,0.6879934640522876,58.97674731661659,93.72055112442033
1789401869.7251914,-204,90,-2.1020514063005336,0.7778232534661832,0.5531895424836601,56.874695910316056,94.4983743778865
1789401869.7652056,-194,64,-2.0145069503868642,0.5145010775154464,0.4856862745098039,54.86018895992919,95.01287545540195
1789401869.8134398,-185,29,-1.9557520959937684,0.126930443299071,0.45944117647058824,52.90443686393542,95.13980589870103
1789401869.855598,-170,-40,-1.7238624821523558,-1.0520962432474636,0.3949313725490196,51.18057438178307,94.08770965545357
1789401869.899839,-157,-61,-1.6238703200458817,-0.7344888843297062,0.3635555555555556,49.556704061737186,93.35322077112386
1789401869.9476976,-134,-68,-1.2974730067426579,-0.7061007490691277,0.3474052287581699,48.25923105499453,92.64712002205474
1789401869.9990757,-64,-63,-0.1624471183358488,-0.5989322218209359,0.3518496732026144,48.09678393665868,92.0481878002338
1789401870.046487,-27,-52,-0.08067397205288385,-0.4709381579446203,0.3361470588235294,48.016109964605796,91.57724964228919
1789401870.1099136,53,-21,1.0423669450427968,-0.0587934303880934,0.2919542483660131,49.05847690964859,91.5184562119011
1789401870.1670978,111,-1,1.5952878778643036,0.0,0.2447549019607843,50.65376478751289,91.5184562119011
1789401870.212423,133,19,1.6925557291588307,0.33031511117459345,0.2431045751633987,52.346320516671724,91.8487713230757
1789401870.2535572,170,38,2.35003522813611,0.5877741056824456,0.3261862745098039,54.69635574480783,92.43654542875814
1789401870.2956207,178,42,2.07506474314661,0.4796465448510171,0.360483660130719,56.771420487954444,92.91619197360916
1789401870.3349643,178,47,1.98,0.5826637741790294,0.37190849673202614,58.75142048795444,93.49885574778818
1789401870.3741338,178,54,1.98,0.7207980030253887,0.3819183006535948,60.73142048795444,94.21965375081358
1789401870.4168687,179,60,2.0016670486787205,0.8128017155002458,0.3976437908496732,62.73308753663316,95.03245546631382
1789401870.4561012,185,76,2.126660566109006,1.1640527365604476,0.44883986928104574,64.85974810274216,96.19650820287427
1789401870.495076,188,81,2.118505759226391,1.0741468204202735,0.4650686274509804,66.97825386196855,97.27065502329454
1789401870.5339,196,76,2.2630421265331444,0.8956152792872449,0.4863235294117647,69.2412959885017,98.16627030258178
1789401870.5724754,207,61,2.4126007875329942,0.6154842599291372,0.5167418300653595,71.6538967760347,98.78175456251091
1789401870.6118157,219,20,2.5423548635117057,-0.1208579597770778,0.5711732026143791,74.1962516395464,98.66089660273383
1789401870.653153,216,-11,2.3236138524533283,-0.29469919007567724,0.5633071895424837,76.51986549199974,98.36619741265815
1789401870.693409,217,-45,2.3824027985593217,-0.7170350742581925,0.5753921568627451,78.90226829055906,97.64916233839996
1789401870.7317567,216,-75,2.346977446597119,-1.0439771937192592,0.5678398692810458,81.24924573715619,96.6051851446807
1789401870.7720532,215,-83,2.3375741998175075,-0.899077883491622,0.5694477124183006,83.5868199369737,95.70610726118908
1789401870.811843,210,-84,2.237277121117864,-0.8891935761836336,0.5497254901960784,85.82409705809157,94.81691368500545
1789401870.8515413,190,-81,1.848032343718086,-0.8731405208450291,0.4586372549019608,87.67212940180966,93.94377316416042
1789401870.890973,177,-80,1.8052182485237143,-0.9513741737621464,0.3996470588235294,89.47734765033337,92.99239899039827
1789401870.9331846,159,-82,1.576600094973204,-1.0436970344130128,0.3336764705882353,91.05394774530657,91.94870195598526
1789401870.9727283,136,-85,1.2695532245438672,-1.0879369030390738,0.26122222222222224,92.32350096985044,90.86076505294618
1789401871.01297,91,-86,0.5514842959359411,-1.0724161629318256,0.22979411764705882,92.87498526578638,89.78834889001435
1789401871.0524664,-16,-85,-1.3313115748935629,-1.0373297647385784,0.18032352941176472,91.54367369089282,88.75101912527577
1789401871.0943203,-64,-82,-1.0791466844984043,-0.9841767629893239,0.16819934640522877,90.4645270063944,87.76684236228645
1789401871.137839,-116,-78,-1.7235114409479066,-0.934064976809642,0.14759477124183007,88.7410155654465,86.83277738547682
1789401871.1776495,-139,-74,-1.756874686176331,-0.889769115154999,0.2088986928104575,86.98414087927017,85.94300827032181
1789401871.2170897,-172,-75,-2.339387190410685,-0.962682955150225,0.3615555555555556,84.64475368885948,84.98032531517158
1789401871.2598495,-178,-77,-2.0500307329263068,-0.9933800119288505,0.39566013071895423,82.59472295593318,83.98694530324273
1789401871.3014567,-183,-79,-2.090088937789392,-1.0140343355509331,0.42676143790849674,80.50463401814379,82.9729109676918
1789401871.3412507,-191,-80,-2.210534611697028,-1.0125650946957214,0.4622091503267974,78.29409940644676,81.96034587299609
1789401871.3805652,-212,-82,-2.586919960725845,-1.0454331261558985,0.5586372549019608,75.70717944572091,80.91491274684019
1789401871.4196157,-216,-85,-2.4114029890987974,-1.088426033262281,0.5851437908496732,73.29577645662211,79.8264867135779
1789401871.4584658,-223,-91,-2.519791266797561,-1.1871976735625416,0.6280098039215686,70.77598518982455,78.63928904001537
1789401871.4978628,-225,-96,-2.475381567322239,-1.2234554542923883,0.6494183006535947,68.30060362250231,77.41583358572298
1789401871.5357778,-223,-98,-2.4035127816510053,-1.2064134916936406,0.6434640522875817,65.8970908408513,76.20942009402934
1789401871.5742788,-218,-95,-2.315151395210766,-1.1110732630875557,0.6171503267973856,63.581939445640536,75.09834683094178
1789401871.6134043,-211,-90,-2.22051360577392,-1.0360963391371651,0.5768104575163399,61.36142583986662,74.06225049180462
1789401871.654941,-197,-75,-2.001461229363275,-0.7694009748368096,0.49187581699346405,59.35996461050335,73.2928495169678
1789401871.6952753,-187,-69,-1.9460511835456134,-0.8156197198084768,0.4479281045751634,57.413913426957734,72.47722979715932
1789401871.7377706,-176,-73,-1.8309379940808208,-0.9770247719845055,0.4202418300653595,55.582975432876914,71.50020502517482
1789401871.7782013,-163,-79,-1.6691156694618694,-1.0641912606647366,0.3908496732026144,53.91385976341505,70.43601376451008
1789401871.8203135,-121,-70,-0.9116471147372172,-0.7931242291946253,0.3741111111111111,53.00221264867783,69.64288953531545
1789401871.861984,-95,-69,-0.8380773428829675,-0.8780034551206147,0.37784967320261437,52.164135305794865,68.76488608019483
1789401871.904059,-63,-57,-0.4494995520780179,-0.6273648992546831,0.38363725490196077,51.71463575371685,68.13752118094014
1789401871.9471493,-28,-36,-0.07388551383770986,-0.3162935532067954,0.38619281045751636,51.64075023987914,67.82122762773335
1789401871.9857357,43,-7,1.1859466678976367,0.10624290415975846,0.3552777777777778,52.82669690777678,67.9274705318931
1789401872.0299113,66,11,0.8114373607195936,0.12327306376827381,0.34031045751633987,53.63813426849637,68.05074359566139
1789401872.0709639,84,25,1.019686384172086,0.25078778847511785,0.3102091503267974,54.657820652668455,68.30153138413651
1789401872.1138403,102,34,1.2775395233316875,0.30431204629278547,0.27351307189542484,55.935360176000145,68.60584343042929
1789401872.1560981,139,40,1.9935232091213066,0.36424411621507635,0.231640522875817,57.92888338512145,68.97008754664436
1789401872.1989007,135,25,1.5032378908405755,-0.010678334666343492,0.2590294117647059,59.432121275962025,68.95940921197803
1789401872.2407863,126,4,1.354104031194771,0.0,0.31908169934640523,60.7862253071568,68.95940921197803
1789401872.279511,122,-23,1.3674477020999347,-0.6501683377120708,0.4338823529411765,62.153673009256735,68.30924087426595
1789401872.3203347,125,-35,1.48673521151432,-0.6480283297555115,0.4738202614379085,63.64040822077106,67.66121254451045
1789401872.3622987,137,-46,1.7130437160022964,-0.7807468494370334,0.5083856209150327,65.35345193677335,66.88046569507341
1789401872.4037564,157,-53,2.010587371512482,-0.8143594570676597,0.5311274509803922,67.36403930828584,66.06610623800576
1789401872.4435062,174,-58,2.15447399956686,-0.8429299148992354,0.5631993464052287,69.5185133078527,65.22317632310653
1789401872.4836905,213,-75,2.814508601488081,-1.161504277357886,0.6655686274509804,72.33302190934079,64.06167204574864
1789401872.524561,225,-88,2.596634332228198,-1.238979841037513,0.7271437908496732,74.92965624156898,62.822692204711124
1789401872.5647905,237,-101,2.7192918228845335,-1.3715669932026004,0.779218954248366,77.6489480644535,61.451125211508526
1789401872.6059844,239,-101,2.614250839813825,-1.21,0.7825228758169934,80.26319890426733,60.241125211508525
1789401872.647635,224,-84,2.2600147616677257,-0.8359431757042939,0.7301470588235294,82.52321366593505,59.40518203580423
1789401872.6905594,213,-77,2.201713850363137,-0.8884037440734585,0.7087843137254902,84.72492751629818,58.51677829173077
1789401872.7339525,196,-51,1.9641530669420673,-0.4104858498857444,0.6372549019607843,86.68908058324024,58.10629244184503
1789401872.775241,181,-29,1.8284189654873848,-0.22360426350099022,0.557921568627451,88.51749954872763,57.88268817834404
1789401872.8178675,167,-12,1.7056528349202615,-0.12053607255352836,0.5497352941176471,90.22315238364789,57.76215210579051
1789401872.8597555,144,-23,1.3657720874172787,-0.5612255935925003,0.5090065359477124,91.58892447106517,57.20092651219801
1789401872.900961,126,-21,1.2415087341552353,-0.3857289524393702,0.5109444444444444,92.8304332052204,56.81519755975864
1789401872.942109,114,-18,1.194288553065833,-0.3435516676032512,0.5307450980392157,94.02472175828623,56.47164589215539
1789401872.983628,66,-16,0.28092618862714647,-0.3358891232991682,0.5562941176470588,94.30564794691338,56.13575676885622
1789401873.0258777,40,-2,0.29653349065267126,0.0,0.5558562091503269,94.60218143756606,56.13575676885622
1789401873.066505,10,23,-0.07498471203189905,0.30337632221877897,0.5140882352941176,94.52719672553415,56.439133091075
1789401873.1109703,-11,55,-0.15539486116131856,0.7966550330750262,0.46716013071895424,94.37180186437284,57.23578812415003
1789401873.1508653,-35,107,-0.48988999511018555,1.695179151836132,0.31826470588235295,93.88191186926265,58.930967275986156
1789401873.1914997,-61,125,-0.8158225118094993,1.5451868769545412,0.39919607843137256,93.06608935745315,60.476154152940694
1789401873.2318292,-93,141,-1.2895647156952483,1.7961309205707678,0.45923202614379083,91.7765246417579,62.27228507351146
1789401873.273067,-115,160,-1.4736928324883798,2.030355008787346,0.5496732026143791,90.30283180926952,64.30264008229881
1789401873.3130376,-144,153,-1.9753512621915204,1.6424398981253392,0.5794607843137255,88.327480547078,65.94507998042415
1789401873.3528032,-149,145,-1.752918964327503,1.5493568326334732,0.5595490196078431,86.57456158275049,67.49443681305763
1789401873.393877,-154,137,-1.8007683436393456,1.472657259561827,0.5352745098039215,84.77379323911114,68.96709407261946
1789401873.4358323,-159,129,-1.8496059527734512,1.3946559486261472,0.5196307189542484,82.9241872863377,70.36175002124561
1789401873.476919,-167,120,-1.9673444348386122,1.2904398342175836,0.5094248366013072,80.95684285149909,71.65218985546319
1789401873.5191207,-182,114,-2.197640441824219,1.2689269664825296,0.541297385620915,78.75920240967487,72.92111682194572
1789401873.562553,-191,109,-2.2137144364339725,1.232421999406965,0.5590751633986928,76.5454879732409,74.15353882135268
1789401873.6036057,-199,100,-2.2876543695649643,1.0903532746982072,0.5627058823529412,74.25783360367593,75.24389209605089
1789401873.645902,-204,92,-2.2989177009995903,1.025510284079389,0.5708888888888889,71.95891590267634,76.26940238013027
1789401873.6898289,-214,76,-2.454151843062118,0.7776924598215741,0.6040326797385621,69.50476405961422,77.04709483995185
1789401873.7304084,-229,81,-2.674377978231436,1.0715726457583428,0.6363660130718954,66.83038608138278,78.11866748571019
1789401873.771497,-228,77,-2.4678021497371,0.9213065929855927,0.6229019607843137,64.36258393164569,79.03997407869578
1789401873.8135545,-220,70,-2.304975101384264,0.8168240053486239,0.5684803921568627,62.05760883026142,79.8567980840444
1789401873.857305,-201,53,-1.9929271736761827,0.5357420216098994,0.4241699346405229,60.064681656585236,80.3925401056543
1789401873.901057,-186,40,-1.8888150977895322,0.4514449245590424,0.3139313725490196,58.175866558795704,80.84398503021335
1789401873.9436474,-169,16,-1.6904456385455846,0.07822572554639912,0.23701633986928106,56.48542092025012,80.92221075575975
1789401873.9875228,-130,-21,-1.0554369700395703,-0.4500998357705329,0.08776470588235294,55.42998395021055,80.47211091998922
1789401874.028255,-108,-23,-1.00978644051914,-0.09171520310909731,0.016888888888888887,54.420197509691405,80.38039571688012
1789401874.0722418,-77,-13,-0.6178658448072277,0.1350221714928058,-0.0205,53.80233166488418,80.51541788837292
1789401874.1137593,-26,46,0.15473547719631003,1.360146753057715,-0.03155555555555556,53.95706714208049,81.87556464143064
1789401874.1571968,-3,71,0.0,1.1983190444504324,0.05388888888888889,53.95706714208049,83.07388368588107
1789401874.1987894,15,95,0.2167441526319995,1.4380538430721685,0.1947516339869281,54.173811294712486,84.51193752895324
1789401874.2401633,19,134,0.07954278639209153,2.011405925072046,0.41033006535947714,54.253354081104575,86.52334345402528
1789401874.2822125,10,177,-0.1575194065306018,2.481802401870644,0.648843137254902,54.09583467457397,89.00514585589592
1789401874.3207705,-1,192,0.0,2.3150294801450757,0.7481666666666666,54.09583467457397,91.32017533604099
1789401874.3608918,-29,204,-0.7337792712323549,2.3890504320633026,0.8434542483660131,53.362055403341614,93.70922576810429
1789401874.3979466,-38,206,-0.7013418966614593,2.2870002768068085,0.8607908496732026,52.66071350668015,95.9962260449111
1789401874.4387584,-41,205,-0.6467594652706368,2.2377601466107926,0.8515196078431373,52.01395404140952,98.2339861915219
1789401874.4770355,-36,199,-0.49480586176238356,2.1116208397959375,0.8162777777777778,51.51914817964714,100.34560703131783
1789401874.5162833,-16,172,-0.104600152230172,1.5759267410841784,0.6808692810457516,51.41454802741697,101.921533772402
1789401874.5568388,-13,149,-0.2930867583123581,1.4064878094655913,0.5847549019607843,51.121461269104614,103.32802158186759
1789401874.596201,-8,122,-0.2165068907888682,1.077195331040829,0.5088627450980392,50.90495437831574,104.40521691290841
1789401874.6343338,1,85,0.0,0.5637694004411471,0.47370261437908495,50.90495437831574,104.96898631334956
1789401874.674276,10,36,0.030860264380799127,-0.05203728431973986,0.4692647058823529,50.93581464269654,104.91694902902982
1789401874.715605,29,-27,0.3596592709003,-0.8549743517815963,0.38542483660130716,51.295473913596844,104.06197467724823
1789401874.7569356,33,-46,0.24521609985685835,-0.5500862537726465,0.39022875816993463,51.540690013453705,103.51188842347558
1789401874.7972772,42,-72,0.4324014226689174,-0.960854723753613,0.41487581699346404,51.97309143612262,102.55103369972197
1789401874.8386068,53,-106,0.6077075407813025,-1.4772836087181331,0.4539183006535948,52.58079897690393,101.07375009100383
1789401874.8765616,62,-143,0.7299307157509056,-2.0318097732673848,0.5566895424836601,53.31072969265483,99.04194031773645
1789401874.9148426,70,-142,0.8497344818767759,-1.6069328182441271,0.5465098039215687,54.160464174531604,97.43500749949231
1789401874.9549482,75,-141,0.9177179566567392,-1.5975385374143596,0.5258366013071896,55.07818213118834,95.83746896207795
1789401874.994417,67,-153,0.7269332722761048,-1.8820198619089905,0.5894673202614379,55.80511540346445,93.95544910016896
1789401875.0328612,43,-171,0.30911867102963286,-2.1441224672062518,0.6899444444444445,56.11423407449408,91.8113266329627
1789401875.077118,36,-178,0.4808519485000755,-2.0591331187907995,0.7234607843137255,56.59508602299415,89.7521935141719
1789401875.1143289,36,-186,0.56,-2.1674085531370038,0.7714738562091503,57.155086022994155,87.5847849610349
1789401875.1504903,25,-193,0.29745665787194087,-2.226848888683639,0.8047385620915033,57.452542680866095,85.35793607235127
1789401875.188741,21,-198,0.35765919797340723,-2.2454047816568012,0.8186013071895425,57.8102018788395,83.11253129069446
1789401875.225317,12,-199,0.1971495928715088,-2.203665165801117,0.8344411764705882,58.00735147171101,80.90886612489335
1789401875.263943,-6,-202,-0.09725770659264538,-2.258809556415049,0.8396143790849673,57.91009376511837,78.6500565684783
1789401875.3024743,-24,-200,-0.29666099258138545,-2.1740551026215194,0.8263921568627451,57.61343277253698,76.47600146585678
1789401875.3396335,-41,-197,-0.4925469832514028,-2.1296305607422665,0.8070098039215686,57.12088578928558,74.34637090511451
1789401875.3782141,-70,-178,-0.9829823018004202,-1.733797605071613,0.7150065359477125,56.13790348748516,72.6125733000429
1789401875.415186,-78,-161,-0.8539509159539377,-1.5793126015076515,0.6401176470588236,55.28395257153122,71.03326069853524
1789401875.4585154,-84,-140,-0.9469439091356049,-1.3583555077584883,0.546,54.33700866239562,69.67490519077676
1789401875.4998286,-72,-120,-0.6721711747745904,-1.1579101204012605,0.4412843137254902,53.66483748762103,68.5169950703755
1789401875.541049,-49,-110,-0.3494358381341968,-1.1787184528904209,0.38603921568627453,53.31540164948683,67.33827661748508
1789401875.5827384,-9,-102,0.24539034394337877,-1.1240210525111411,0.36069281045751633,53.56079199343021,66.21425556497394
1789401875.6233532,2,-94,0.0,-1.0413505341949445,0.32725490196078433,53.56079199343021,65.17290503077899
1789401875.6664348,10,-89,0.08471474518372316,-1.0320471326878013,0.3124411764705882,53.64550673861393,64.14085789809118
1789401875.708629,12,-89,0.025025896669528286,-1.09,0.3224183006535948,53.67053263528346,63.05085789809118
1789401875.751134,14,-76,0.056820178147760705,-0.8070099718856796,0.27562418300653596,53.72735281343122,62.243847926205504
1789401875.7938392,14,-72,0.04522718429565431,-0.8731945788207987,0.26373529411764707,53.77257999772687,61.3706533473847
1789401875.838317,14,-77,0.05766231536865235,-1.0262658496144579,0.26953921568627454,53.830242313095525,60.34438749777024
1789401875.8814003,10,-60,-0.020401558562338565,-0.601739586924848,0.2191143790849673,53.809840754533184,59.74264791084539
1789401875.9257555,8,-55,-0.009031268659864842,-0.6939608796729284,0.21946732026143792,53.800809485873316,59.04868703117246
1789401875.9709916,6,-50,-0.023312138647201077,-0.6447111054868339,0.21055555555555555,53.77749734722612,58.40397592568563
1789401876.0124216,5,-46,0.0,-0.611657082922725,0.23370261437908496,53.77749734722612,57.7923188427629
1789401876.055739,3,-54,0.0,-0.8323713083885744,0.22584967320261437,53.77749734722612,56.95994753437433
1789401876.1001682,4,-59,0.0,-0.8462637362637363,0.2125751633986928,53.77749734722612,56.11368379811059
1789401876.1423197,4,-61,0.0,-0.8337136476454858,0.20537254901960783,53.77749734722612,55.279970150465104
1789401876.1831598,3,-48,0.0,-0.5208410335446658,0.22152614379084967,53.77749734722612,54.75912911692044
1789401876.2275755,2,-38,0.0,-0.4673909564899884,0.221359477124183,53.77749734722612,54.291738160430455
1789401876.2684312,1,-33,0.0,-0.4687925167089864,0.23355228758169935,53.77749734722612,53.82294564372147
1789401876.3095458,7,-16,0.05766943548489566,-0.1536614693660219,0.20455228758169935,53.83516678271101,53.66928417435545
1789401876.3517354,6,10,0.03937916872753272,0.216955701357903,0.2062875816993464,53.87454595143855,53.88623987571335
1789401876.3940082,9,15,0.12428099971474647,0.030175131925741158,0.20476470588235293,53.9988269511533,53.91641500763909
1789401876.4356902,-1,18,0.0,0.05216418392025218,0.22138562091503267,53.9988269511533,53.96857919155934
1789401876.4762616,-1,45,0.0,0.6552671520917156,0.21270915032679738,53.9988269511533,54.62384634365106
1789401876.5184083,-8,46,-0.16933778485159506,0.3833097336196305,0.22555555555555556,53.829489166301705,55.00715607727069
1789401876.56205,-15,47,-0.2643733991146531,0.4339377526013344,0.2641078431372549,53.56511576718705,55.44109382987203
1789401876.6018867,-21,52,-0.33615429870255,0.5766632795342994,0.28559150326797383,53.2289614684845,56.01775710940633
1789401876.642911,-27,43,-0.41621151806843476,0.34952719129029297,0.29852287581699344,52.81274995041606,56.367284300696625
1789401876.6826322,-43,1,-0.7359132945882265,0.0,0.3122091503267974,52.07683665582783,56.367284300696625
1789401876.724807,-50,-22,-0.7334769233919627,-0.6236637926585028,0.3035555555555556,51.34335973243587,55.74362050803812
1789401876.765841,-50,-48,-0.6902804899215698,-0.8430120139902032,0.2960686274509804,50.6530792425143,54.900608494047916
1789401876.8083436,-42,-73,-0.5260394722103989,-1.1323916933796072,0.2757091503267974,50.1270397703039,53.768216800668306
1789401876.8508644,-17,-99,-0.07442832095884,-1.4889803469699177,0.261702614379085,50.052611449345065,52.27923645369839
1789401876.8928537,-5,-104,0.0,-1.2994457798539616,0.281937908496732,50.052611449345065,50.97979067384443
1789401876.9363136,9,-108,0.05720514648329991,-1.3259503719365902,0.29784313725490197,50.10981659582836,50
1789401876.9764955,21,-106,0.19184034240039988,-1.2351172914577933,0.2812091503267974,50.30165693822876,50
1789401877.0191755,38,-61,0.4438271037221564,-0.2827476702348761,0.18791503267973855,50.74548404195092,50
1789401877.0607522,38,-38,0.27637157917022703,-0.3034847194115928,0.1811764705882353,51.02185562112114,50
1789401877.103325,40,-36,0.35391915722692713,-0.5365124988800287,0.16944444444444445,51.37577477834807,50
1789401877.1476357,48,-22,0.5434373761265268,-0.26176020523655025,0.12224183006535948,51.91921215447459,50
1789401877.189909,48,-18,0.49345539569854735,-0.3327474243354532,0.12409803921568627,52.41266755017314,50
1789401877.2327313,43,-19,0.4220845755248809,-0.40167165890282114,0.1318562091503268,52.83475212569802,50
1789401877.2751184,30,-19,0.2225763832515256,-0.39,0.1442156862745098,53.057328508949546,50
1789401877.3168807,11,-5,-0.02912737620714223,0.0,0.14047385620915032,53.0282011327424,50
1789401877.3593016,1,2,0.0,0.0,0.12959150326797386,53.0282011327424,50
1789401877.4007235,-6,11,-0.08704200354790191,0.05708081524492849,0.11133986928104575,52.9411591291945,50.05708081524493
1789401877.4434087,-2,20,0.0,0.1501948633115922,0.0964281045751634,52.9411591291945,50.20727567855652
1789401877.4845953,22,32,0.4990879153933732,0.33661508511447336,0.05604575163398693,53.44024704458788,50.543890763670994
1789401877.527746,38,32,0.7097827474040437,0.21870583534240723,0.02365359477124183,54.15002979199192,50.7625965990134
1789401877.5712118,62,30,1.09482269641091,0.2017865887783657,0.0011797385620915032,55.24485248840283,50.96438318779177
1789401877.616059,106,20,1.751801178941085,0.03114795872915145,0.015480392156862746,56.996653667343914,50.99553114652092
1789401877.6621192,117,13,1.4891385174741385,0.008755607978430224,0.039330065359477126,58.48579218481805,51.00428675449935
1789401877.7052217,124,5,1.520130041538621,0.0,0.06432026143790849,60.005922226356674,51.00428675449935
1789401877.747097,151,-4,2.032462379553065,0.0,0.15812091503267975,62.03838460590974,51.00428675449935
1789401877.7891452,159,-13,1.8865239623965848,-0.3106828767833536,0.17945098039215687,63.92490856830633,50.693603877715994
1789401877.8285656,166,-19,1.948981949108366,-0.35944142890741937,0.20483006535947712,65.8738905174147,50.33416244880858
1789401877.87182,172,-22,1.9892662776615655,-0.36698775929320754,0.23862418300653596,67.86315679507626,50
1789401877.911195,205,-42,2.6695499081556564,-0.8195466938406901,0.42783333333333334,70.53270670323192,50
1789401877.9521987,214,-58,2.4499117066438396,-0.9682217567923601,0.49470588235294116,72.98261840987577,50
1789401877.9918966,222,-65,2.5204780145411863,-0.9380120866207824,0.5521372549019608,75.50309642441695,50
1789401878.030743,221,-77,2.397094608066362,-1.1247837403974488,0.5686895424836601,77.90019103248332,50
1789401878.0703,226,-86,2.523075275802746,-1.1735430094266412,0.6286143790849673,80.42326630828606,50
1789401878.109622,258,-53,3.1867598312563645,-0.31035596303572727,0.7595947712418301,83.61002613954243,50
1789401878.147762,260,-39,2.826234075556668,-0.4064119956979566,0.7880784313725491,86.4362602150991,50
1789401878.1858983,261,-17,2.82310515231995,-0.0813728159348393,0.7826339869281046,89.25936536741905,50
1789401878.2268462,-14,-125,-3.309058609744734,-2.767505764644291,0.7631764705882353,85.95030675767431,50
1789401878.265446,241,9,5.907449469101851,1.6324978681035756,0.6904509803921569,91.85775622677616,51.63249786810358
1789401878.3050132,222,20,2.180059927980442,0.16176402868122103,0.621937908496732,94.0378161547566,51.794261896784796
1789401878.3443983,202,33,1.9660644661322744,0.3437812028609128,0.5454967320261438,96.00388062088888,52.13804309964571
1789401878.3846633,202,26,2.22,0.042782643221369335,0.5571078431372549,98.22388062088888,52.18082574286708
1789401878.424996,186,15,1.8615599174409048,-0.10456638149379827,0.4900392156862745,100.08544053832978,52.07625936137328
1789401878.4658644,168,19,1.6593955176343393,0.13631241952628514,0.4156209150326797,101.74483605596411,52.212571780899566
1789401878.5081844,141,23,1.291404041029219,0.1940330134137568,0.35693137254901963,103.03624009699334,52.406604794313324
1789401878.5490658,92,17,0.5210477073096809,0.02733874891729303,0.3484281045751634,103.55728780430302,52.43394354323062
1789401878.5894578,51,18,0.2016956909852976,0.13762897465526452,0.35304575163398694,103.75898349528832,52.57157251788588
1789401878.6294138,8,22,-0.25821590102000014,0.23288276636380123,0.3355196078431373,103.50076759426832,52.804455284249684
1789401878.669294,-36,18,-0.7406183096366585,0.10701318926013217,0.3189869281045752,102.76014928463167,52.911468473509814
1789401878.711388,-66,0,-0.896177159297078,0.0,0.2586078431372549,101.86397212533458,52.911468473509814
1789401878.7543235,-85,-3,-1.029064540226916,0.0,0.22561111111111112,100.83490758510767,52.911468473509814
1789401878.7954276,-105,-7,-1.3404072108139105,-0.20956196531839794,0.19918627450980392,99.49450037429376,52.70190650819141
1789401878.837833,-127,-18,-1.6800824254545819,-0.36543557487573636,0.1607581699346405,97.81441794883918,52.336470933315674
1789401878.8808794,-136,-18,-1.6646604894116082,-0.2512370538711548,0.11284967320261438,96.14975745942758,52.085233879444516
1789401878.9214883,-140,-18,-1.6492526215667165,-0.26586045742034914,0.1259640522875817,94.50050483786086,51.819373422024164
1789401878.9632018,-143,-19,-1.6659587798563125,-0.30369870903280705,0.1228562091503268,92.83454605800455,51.515674712991355
1789401879.0044165,-145,-12,-1.6742820074913305,-0.14666520615997763,0.10645098039215686,91.16026405051322,51.369009506831375
1789401879.0478709,-142,-8,-1.5854994242095217,-0.15253507590940438,0.07252287581699346,89.5747646263037,51.21647443092197
1789401879.090274,-148,0,-1.7496782253330823,0.0,0.06237254901960784,87.82508640097062,51.21647443092197
1789401879.131755,-158,14,-1.9023364153419864,0.17604462184847577,0.08421895424836601,85.92274998562863,51.392519052770446
1789401879.1742096,-163,21,-1.8889335956161304,0.2152194624763241,0.12942483660130719,84.0338163900125,51.60773851524677
1789401879.2154346,-182,23,-2.2506964335340434,0.19598498144305318,0.24683333333333332,81.78311995647846,51.80372349668983
1789401879.2588913,-189,28,-2.1705494899834843,0.3035780176291494,0.3104542483660131,79.61257046649497,52.107301514318976
1789401879.2997563,-201,23,-2.356517373078715,0.15370827886941052,0.3707516339869281,77.25605309341626,52.261009793188386
1789401879.3414032,-209,18,-2.3861704069290868,0.11983631291114688,0.4153496732026144,74.86988268648717,52.38084610609953
1789401879.3819292,-213,21,-2.3792601414041763,0.26389429953787874,0.44870915032679737,72.490622545083,52.644740405637414
1789401879.4246175,-214,21,-2.3517367180985325,0.2448044729232788,0.4557320261437908,70.13888582698446,52.88954487856069
1789401879.4649956,-222,21,-2.518926930515591,0.26176437377929684,0.5116143790849673,67.61995889646887,53.15130925233999
1789401879.5051994,-230,24,-2.5994405746935683,0.34837209944519826,0.5656274509803921,65.0205183217753,53.49968135178519
1789401879.545829,-224,15,-2.365850273430134,0.12233194840211302,0.5219542483660131,62.654668048345165,53.622013300187305
1789401879.5874527,-230,7,-2.571788722992749,0.06308716731544366,0.5729901960784314,60.082879325352415,53.68510046750275
1789401879.626141,-236,-2,-2.6363637422925668,0.0,0.6268660130718954,57.44651558305985,53.68510046750275
1789401879.664854,-225,-12,-2.305589743589744,-0.172254635242445,0.576,55.14092583947011,53.512845832260304
1789401879.7052855,-213,-21,-2.1817512164661803,-0.2677472124181073,0.5310653594771242,52.959174623003925,53.245098619842196
1789401879.7469215,-186,-25,-1.7347686457860667,-0.2653713012658308,0.3947058823529412,51.224405977217856,52.979727318576366
1789401879.7870128,-180,-32,-1.9253416874332503,-0.4002008363170363,0.3761143790849673,49.2990642897846,52.57952648225933
1789401879.8282905,-160,-32,-1.5573934118055355,-0.33937559604644774,0.2871666666666667,47.74167087797907,52.24015088621289
1789401879.869451,-139,-28,-1.3349518051356892,-0.27385899460523827,0.18638888888888888,46.40671907284338,51.966291891607646
1789401879.9118629,-96,-29,-0.6534557730655806,-0.36881546382854596,-0.005728758169934641,45.7532632997778,51.5974764277791
1789401879.9546063,-81,-25,-0.8347505292479109,-0.29164454106680465,-0.0810686274509804,45,51.3058318867123
1789401880.0000994,-45,-6,-0.25357335713723117,0.05515865448009433,-0.14743790849673202,45,51.36099054119239
1789401880.0431724,3,15,0.0,0.31358175607624145,-0.15811764705882353,45,51.67457229726863
1789401880.092312,68,41,1.2177167265938216,0.6330386020064458,-0.04166013071895425,46.21771672659382,52.307610899275076
1789401880.1348839,86,48,1.0706532604745909,0.5626098809044119,0.00215359477124183,47.288369987068414,52.87022078017949
1789401880.1784575,128,55,1.871813247032787,0.6785173214183773,0.16633986928104574,49.160183234101204,53.54873810159786
1789401880.2193582,149,47,1.9478978953655879,0.4583621153909345,0.2056797385620915,51.10808112946679,54.007100216988796
1789401880.2620807,161,44,1.9493826930745715,0.5293521959672957,0.26638235294117646,53.05746382254136,54.536452412956095
1789401880.3037589,172,35,2.0519136993429665,0.3955141255293666,0.31802614379084965,55.109377521884326,54.93196653848546
1789401880.3449254,169,14,1.8535263112126288,0.04980081126465774,0.3502222222222222,56.96290383309695,54.98176734975012
1789401880.38588,165,12,1.8011642875439537,0.2703992726187566,0.35443137254901963,58.76406812064091,55.252166622368875
1789401880.4291844,157,10,1.6775971492460042,0.2603926516753197,0.34009803921568627,60.44166526988691,55.51255927404419
1789401880.471113,159,31,1.8138338456992518,0.7603208116633984,0.36276143790849674,62.25549911558616,56.27288008570759
1789401880.5142496,167,46,1.9628307908526024,0.8339153126157555,0.3224150326797386,64.21832990643877,57.10679539832335
1789401880.5554507,169,50,1.9142357060723552,0.748526089270426,0.313702614379085,66.13256561251113,57.85532148759378
1789401880.597405,194,27,2.438173835400636,0.19590454434386317,0.322859477124183,68.57073944791176,58.05122603193764
1789401880.638497,197,31,2.2064633306673156,0.5586648759970994,0.4547483660130719,70.77720277857908,58.60989090793474
1789401880.678214,226,-49,2.8255880977427794,-1.3370148766146888,0.581297385620915,73.60279087632186,57.27287603132005
1789401880.720548,224,-77,2.416388076674079,-1.0046167911572226,0.6677483660130719,76.01917895299594,56.26825924016283
1789401880.7618573,236,-99,2.705233809254493,-1.2422202892912533,0.7690098039215686,78.72441276225044,55.02603895087157
1789401880.799037,273,-32,3.427242063441205,0.5710496248530234,0.9053562091503268,82.15165482569164,55.5970885757246
1789401880.8402224,272,-24,2.9078424561444196,-0.17224305830836936,0.8758790849673203,85.05949728183606,55.42484551741623
1789401880.8786619,254,-18,2.506057449537987,-0.1453077281272142,0.7802320261437908,87.56555473137405,55.279537789289016
1789401880.919607,198,-16,1.4963477855912077,-0.19197923019606344,0.5152287581699346,89.06190251696526,55.087558559092955
1789401880.9609206,184,-19,1.8705586001523582,-0.29840398732069884,0.4526078431372549,90.93246111711763,54.78915457177226
1789401881.0014038,169,-22,1.7047195815810863,-0.34697053619701074,0.38015359477124183,92.63718069869871,54.442184035575245
1789401881.0428267,150,-20,1.4706355059491258,-0.2823435914592809,0.3035980392156863,94.10781620464783,54.159840444115964
1789401881.0860775,136,-21,1.397820708702737,-0.3462070826696501,0.23276143790849674,95.50563691335057,53.813633361446314
1789401881.1279278,124,-12,1.297008301372198,-0.14727756154613791,0.18981372549019607,96.80264521472277,53.666355799900174
1789401881.168495,107,9,1.0604869185021508,0.22143374384659892,0.14672875816993464,97.86313213322492,53.88778954374677
1789401881.2105584,80,33,0.6789618483345146,0.5157863100378407,0.13848366013071894,98.54209398155943,54.40357585378461
1789401881.2526646,23,75,-0.24745913289883814,1.2120656094643387,0.10922875816993464,98.29463484866059,55.61564146324895
1789401881.2941775,7,102,0.07737652198373107,1.393560916537463,0.21440196078431373,98.37201137064433,57.00920237978641
1789401881.3345792,-16,124,-0.2583532805831177,1.6606789818308318,0.28555882352941175,98.11365809006121,58.66988136161724
1789401881.3759115,-27,165,-0.23793323394996307,2.345706300156812,0.4989411764705882,97.87572485611125,61.015587661774056
1789401881.4151309,-34,194,-0.2912059422759611,2.5098973220530727,0.6902908496732026,97.58451891383528,63.52548498382713
1789401881.4536412,25,221,1.1734369165893723,2.7605575305064916,0.9135718954248366,98.75795583042465,66.28604251433362
1789401881.49305,39,-57,0.755582955610695,-3.9404038058032564,0.9652483660130718,99.51353878603534,62.34563870853036
1789401881.5327806,41,-87,0.6351665286628027,-1.1615847534054784,0.9654934640522875,100.14870531469815,61.18405395512488
1789401881.572407,164,125,3.3914278084515175,4.109687193669606,0.9670098039215687,103.54013312314967,65.29374114879448
1789401881.6115985,117,113,0.7694849149485791,1.1768421609976083,0.9508954248366013,104.30961803809825,66.47058330979209
1789401881.6528904,16,-199,-0.8630621658139993,-5.731504324625398,0.9719738562091503,103.44655587228425,60.73907898516669
1789401881.6920786,101,174,2.293371338276407,6.6706660766815755,0.9442549019607843,105.73992721056065,67.40974506184827
1789401881.7317193,-13,-197,-1.3778633864301553,-6.6332787925351315,0.9807581699346405,104.3620638241305,60.77646626931314
1789401881.77133,31,115,1.065189333590046,5.19499601785712,0.9745784313725491,105.42725315772054,65.97146228717025
1789401881.8110726,43,161,0.7812487393846875,2.3892576633701417,0.9476470588235294,106.20850189710524,68.3607199505404
1789401881.849549,28,156,0.28539160129667673,1.6950835464040068,0.9824019607843137,106.49389349840192,70.0558034969444
1789401881.8885062,6,177,-0.023172798134168004,2.2397086864925777,0.9639640522875818,106.47072070026775,72.29551218343698
1789401881.9283898,-78,-62,-1.6928308600929567,-3.4641595308507482,0.9659836601307189,104.7778898401748,68.83135265258623
1789401881.9668846,39,143,2.0832481099600573,4.299407958870683,0.9768071895424837,106.86113795013485,73.13076061145692
1789401882.0060704,22,150,0.188378268391718,1.7891034700430342,0.9480294117647059,107.04951621852656,74.91986408149995
1789401882.043827,34,141,0.7003408940312963,1.4900164772293842,0.9421797385620915,107.74985711255786,76.40988055872934
1789401882.0848422,45,137,0.7831056424577783,1.521516541440296,0.9408986928104576,108.53296275501565,77.93139710016963
1789401882.1235623,42,142,0.5812547358049021,1.6845806105920538,0.9747058823529412,109.11421749082055,79.61597771076168
1789401882.1641557,21,27,0.1514404358623605,-0.9464120514477008,0.9731535947712419,109.2656579266829,78.66956565931399
1789401882.2010581,11,43,0.17443398665770285,0.846915436779603,0.9484640522875817,109.44009191334061,79.51648109609359
1789401882.2410212,-17,-48,-0.333474048584051,-1.4561893774584074,0.9723660130718954,109.10661786475656,78.06029171863518
1789401882.2784264,-22,-14,-0.11688930785141136,0.4658020776247226,0.9429967320261438,108.98972855690515,78.5260937962599
1789401882.318354,-23,-27,-0.0909660894447824,-0.30305265114415925,0.9440098039215686,108.89876246746037,78.22304114511574
1789401882.356977,-22,-25,-0.07250033865199075,-0.1138562851677922,0.9404771241830066,108.82626212880838,78.10918485994794
1789401882.397173,-180,195,-3.7755944336120875,4.886659588350436,0.8414901960784313,105.0506676951963,82.99584444829839
1789401882.437959,-150,130,-1.2648630787244155,0.703209726443769,0.677983660130719,103.78580461647188,83.69905417474216
1789401882.4793038,-167,89,-2.076010643891897,0.5940849910314161,0.4709084967320261,101.70979397257999,84.29313916577358
1789401882.519628,-172,55,-1.981881875265568,0.32845443312621564,0.34723202614379084,99.72791209731442,84.62159359889979
1789401882.5606587,-144,-47,-1.2980982613860002,-1.5529926748651262,0.2281111111111111,98.42981383592841,83.06860092403467
1789401882.6013913,-121,-101,-1.1282251768595812,-1.5928643318434923,0.28604575163398693,97.30158865906883,81.47573659219118
1789401882.6398816,-61,-169,-0.03053447314625546,-2.6244875677034747,0.6023660130718954,97.27105418592257,78.85124902448771
1789401882.678478,-20,-195,0.13183091900985933,-2.4869501798272173,0.7434771241830065,97.40288510493242,76.3642988446605
1789401882.7168727,17,-205,0.464406044327059,-2.380215022383936,0.8281078431372549,97.86729114925949,73.98408382227656
1789401882.7557862,71,-195,1.2720699917745444,-2.021539757309207,0.8504411764705883,99.13936114103403,71.96254406496735
1789401882.7951822,70,-209,0.6107267115425082,-2.46768387416938,0.8494281045751634,99.75008785257654,69.49486019079797
1789401882.8352065,59,-189,0.4235016840555284,-1.84021117953238,0.7185849673202614,100.17358953663206,67.65464901126559
1789401882.8779247,52,-114,0.4529898439862755,-0.4617711270554735,0.27316666666666667,100.62657938061834,67.19287788421012
1789401882.9224865,31,-73,0.11719815850749637,-0.46987921079247175,0.004441176470588236,100.74377753912583,66.72299867341765
1789401882.966302,11,-60,-0.06563569623175317,-0.6517236683236706,-0.09111437908496732,100.67814184289408,66.07127500509398
1789401883.0071895,-8,-58,-0.26675297356128913,-0.7555448428663052,-0.10509477124183006,100.41138886933278,65.31573016222768
1789401883.0538568,-21,-9,-0.32296198929442066,0.2352500651703886,-0.2121470588235294,100.08842688003836,65.55098022739807
1789401883.0988657,-19,12,-0.1586627880762588,0.16401511952655398,-0.22648039215686275,99.9297640919621,65.71499534692462
1789401883.144984,-20,7,-0.22016537593168448,-0.16698664846348998,-0.2396111111111111,99.70959871603041,65.54800869846113
1789401883.1894286,-16,40,-0.138487994469665,0.6240158525554491,-0.24583986928104576,99.57111072156074,66.17202455101658
1789401883.2310905,-14,47,-0.15125672548974467,0.4459672358134541,-0.21881045751633987,99.419853996071,66.61799178683003
1789401883.2730129,-15,45,-0.2097140524614015,0.3558932493755973,-0.22984640522875818,99.21013994360959,66.97388503620563
1789401883.3152988,-13,52,-0.16506510460818793,0.5764930389291171,-0.2036111111111111,99.0450748390014,67.55037807513474
1789401883.3606222,-11,58,-0.15671927732691004,0.6724853103508762,-0.1719281045751634,98.88835556167449,68.22286338548562
1789401883.4036577,-11,63,-0.1882240962982178,0.7685758137822283,-0.13506209150326798,98.70013146537627,68.99143919926786
1789401883.44748,14,77,0.35918223513028735,1.0777375181720337,-0.11235947712418301,99.05931370050656,70.06917671743989
1789401883.4985733,30,84,0.4217512425070461,1.1086157441597413,-0.08963398692810458,99.4810649430136,71.17779246159962
1789401883.5500257,28,99,0.253865126542962,1.335936211175802,0.07412745098039215,99.73493006955657,72.51372867277543
1789401883.601325,32,127,0.3851582258904024,1.7430463507179526,0.2420751633986928,100.12008829544698,74.25677502349338
1789401883.6449466,35,170,0.44111790911554766,2.39243705665529,0.5198856209150327,100.56120620456252,76.64921208014867
1789401883.6915483,51,178,0.785546160001261,2.065742403025502,0.6062418300653595,101.34675236456378,78.71495448317417
1789401883.7429671,61,189,0.874435065529989,2.197069062824893,0.6993235294117647,102.22118743009378,80.91202354599906
1789401883.7921803,-7,214,-0.6101871579746947,2.597594874516047,0.8279803921568627,101.61100027211909,83.50961842051511
1789401883.8434052,-28,206,-0.3524162638982608,2.1824476226575573,0.7740849673202614,101.25858400822082,85.69206604317267
1789401883.8995445,-47,192,-0.5597224341625723,1.9962257100338523,0.69109477124183,100.69886157405826,87.68829175320653
1789401883.9432821,-50,180,-0.4999131441890864,1.8629446786262784,0.6189803921568627,100.19894842986918,89.5512364318328
1789401883.9854438,-56,139,-0.6441453811578762,1.1038070002827256,0.40055228758169936,99.5548030487113,90.65504343211553
1789401884.0259438,-50,119,-0.4795123414844018,1.143136830210001,0.2998986928104575,99.0752907072269,91.79818026232553
1789401884.0663867,-47,98,-0.5244019203117927,0.9204055879752431,0.18777777777777777,98.55088878691511,92.71858585030077
1789401884.108729,-26,22,-0.12537578812415728,-0.4780215119194514,0.13447385620915034,98.42551299879095,92.24056433838132
1789401884.152035,-12,-25,-0.08218915301079147,-0.6141897895439534,0.11083660130718954,98.34332384578016,91.62637454883736
1789401884.1918573,-4,-64,0.0,-1.0039377670800662,0.09141176470588236,98.34332384578016,90.6224367817573
1789401884.2336602,8,-85,0.09176008645025874,-1.0440696845077175,0.1007124183006536,98.43508393223043,89.57836709724958
1789401884.2729425,14,-93,0.11659784123661253,-1.048650252166516,0.1384248366013072,98.55168177346704,88.52971684508307
1789401884.3117595,19,-112,0.16931751257932182,-1.468445206597574,0.24494444444444444,98.72099928604636,87.0612716384855
1789401884.3520024,19,-124,0.12021495819091797,-1.5891025346304701,0.3201339869281046,98.84121424423728,85.47216910385502
1789401884.3905928,17,-130,0.08743749330591566,-1.5777317947070597,0.35098366013071897,98.92865173754319,83.89443730914796
1789401884.433007,15,-130,0.0824738876816004,-1.5,0.34155228758169937,99.01112562522479,82.39443730914796
1789401884.4707353,17,-127,0.16538632366261066,-1.430254363743185,0.3162124183006536,99.17651194888741,80.96418294540477
1789401884.5099444,26,-127,0.3642209540346265,-1.47,0.30743464052287583,99.54073290292203,79.49418294540477
1789401884.552102,26,-130,0.2711912536621094,-1.535543945086297,0.3262614379084967,99.81192415658414,77.95863900031847
1789401884.5953307,25,-134,0.27132454227176045,-1.5862429397529259,0.34761437908496734,100.0832486988559,76.37239606056555
1789401884.6354434,23,-135,0.2563240040856451,-1.5624650919508802,0.36141503267973857,100.33957270294154,74.80993096861467
1789401884.67546,12,-134,0.0435112598946345,-1.5274955161228774,0.36141503267973857,100.38308396283617,73.28243545249178
1789401884.717411,3,-129,0.0,-1.430099512719005,0.3357483660130719,100.38308396283617,71.85233593977277
1789401884.759357,-4,-124,0.0,-1.3806316313935976,0.32144771241830067,100.38308396283617,70.47170430837917
1789401884.8019245,-7,-124,-0.10193847549294108,-1.44,0.3290424836601307,100.28114548734322,69.03170430837918
1789401884.8437877,-12,-134,-0.14666721616905526,-1.6595448845110246,0.37700980392156863,100.13447827117417,67.37215942386815
1789401884.8864646,-10,-136,-0.05196471123338928,-1.5834024494350678,0.4000359477124183,100.08251355994078,65.78875697443308
1789401884.9267797,-13,-142,-0.15307466240593132,-1.6944247141699542,0.434343137254902,99.92943889753485,64.09433226026313
1789401884.966948,-13,-140,-0.1262781524658203,-1.5750601806430131,0.4285392156862745,99.80316074506904,62.519272079620116
1789401885.0097218,-15,-123,-0.18245809696161597,-1.2314989421171019,0.32665359477124184,99.62070264810743,61.28777313750302
1789401885.0506332,-16,-118,-0.1944592895634797,-1.3188531941569233,0.2978692810457516,99.42624335854394,59.968919943346094
1789401885.1025338,-17,-110,-0.21951607559113417,-1.2230526475107208,0.242140522875817,99.20672728295281,58.745867295835374
1789401885.146172,-17,-80,-0.2247521209716797,-0.6562290110538596,0.05519934640522876,98.98197516198113,58.089638284781515
1789401885.1903987,-20,-59,-0.30640570927624733,-0.5524303207500351,-0.02653921568627451,98.67556945270488,57.53720796403148
1789401885.2331338,-23,-27,-0.35713699731754595,-0.0956819441887965,-0.10608496732026144,98.31843245538734,57.441526019842684
1789401885.276766,-10,37,-0.05173251292226155,0.936426408274642,-0.1798986928104575,98.26669994246508,58.377952428117325
1789401885.318984,6,62,0.15341782665692394,0.8003075603098726,-0.08644771241830065,98.420117769122,59.1782599884272
1789401885.3610468,21,81,0.3102466535814714,0.9887368908913932,0.008068627450980392,98.73036442270347,60.166996879318596
1789401885.4022863,33,99,0.42477808927482646,1.242731138546541,0.08910457516339869,99.1551425119783,61.409728017865135
1789401885.4432502,43,136,0.536487020376815,1.9575104226744962,0.28634313725490196,99.69162953235511,63.36723844053963
1789401885.4850545,49,149,0.5870506660685433,1.8454340446638806,0.3650032679738562,100.27868019842366,65.21267248520351
1789401885.5246584,52,160,0.6244264447296005,1.938915182792073,0.4369281045751634,100.90310664315327,67.15158766799559
1789401885.5681353,54,171,0.6764879489225101,2.0364507981055953,0.516235294117647,101.57959459207578,69.18803846610118
1789401885.6080036,28,181,0.08879409673248634,2.1355238460065125,0.5723267973856209,101.66838868880826,71.32356231210768
1789401885.648462,14,182,0.11313361739029837,2.032355375406514,0.5871732026143791,101.78152230619857,73.3559176875142
1789401885.6879187,-7,191,-0.1928381719918377,2.223991484324514,0.6463856209150327,101.58868413420673,75.57990917183871
1789401885.7288852,-16,186,-0.14129155558628842,1.9989724129903388,0.6249673202614379,101.44739257862044,77.57888158482905
1789401885.7690296,-11,179,0.07187720680766277,1.9028489943245233,0.5804117647058824,101.5192697854281,79.48173057915358
1789401885.811842,-14,166,-0.06744225080626365,1.7081746413614898,0.520124183006536,101.45182753462183,81.18990522051507
1789401885.8560307,-25,164,-0.28940311898677157,1.8173397228450257,0.494797385620915,101.16242441563506,83.00724494336009
1789401885.8976543,-28,151,-0.25377590820245577,1.5539904779344442,0.421983660130719,100.9086485074326,84.56123542129454
1789401885.9386518,-28,129,-0.24080735683441165,1.2217705442220375,0.30740849673202614,100.66784115059819,85.78300596551658
1789401885.978254,-29,118,-0.286385558616845,1.241063064256762,0.247078431372549,100.38145559198135,87.02406902977334
1789401886.0215487,-24,98,-0.18679884616231887,0.949122575247154,0.1556437908496732,100.19465674581903,87.9731916050205
1789401886.0626528,-22,87,-0.2182968810567264,0.9361964305393633,0.10150653594771242,99.9763598647623,88.90938803555987
1789401886.1067042,-28,91,-0.39531685533138794,1.1553958482152522,0.09933006535947712,99.58104300943091,90.06478388377512
1789401886.149797,-16,62,-0.08185842948750296,0.4834585890334398,-0.0488202614379085,99.49918457994342,90.54824247280857
1789401886.1918783,-7,49,-0.030001997616555504,0.535517166348404,-0.055124183006535946,99.46918258232687,91.08375963915697
1789401886.232192,-1,26,0.0,0.17359228558535023,-0.04944117647058824,99.46918258232687,91.25735192474232
1789401886.2730157,-2,-15,0.0,-0.4642748401026376,-0.03814705882352941,99.46918258232687,90.79307708463969
1789401886.314013,-3,-34,0.0,-0.41194144540622096,-0.02777124183006536,99.46918258232687,90.38113563923346
1789401886.3584561,-3,-53,0.0,-0.6306149759670765,-0.02918954248366013,99.46918258232687,89.75052066326639
1789401886.4014304,-3,-64,0.0,-0.7103260098843317,-0.03348692810457516,99.46918258232687,89.04019465338206
1789401886.4419065,-3,-77,0.0,-0.9354500330652973,0.035297385620915035,99.46918258232687,88.10474462031677
1789401886.4823546,-1,-89,0.0,-1.1148273738561645,0.1062875816993464,99.46918258232687,86.9899172464606
1789401886.5218174,-1,-102,0.0,-1.3417260354467933,0.18454575163398693,99.46918258232687,85.64819121101381
1789401886.5606835,-2,-112,0.0,-1.4485933629295333,0.24348039215686273,99.46918258232687,84.19959784808428
1789401886.601881,-2,-117,0.0,-1.4306951800464225,0.27552614379084966,99.46918258232687,82.76890266803785
1789401886.64104,0,-121,0.0,-1.4611559753873924,0.29191176470588237,99.46918258232687,81.30774669265045
1789401886.6817276,1,-123,0.0,-1.4545331149650513,0.30287581699346405,99.46918258232687,79.85321357768541
1789401886.722083,1,-126,0.0,-1.4971782725854488,0.31669607843137254,99.46918258232687,78.35603530509997
1789401886.7626977,-1,-128,0.0,-1.50462443125444,0.3299313725490196,99.46918258232687,76.85141087384552
1789401886.8034375,-7,-127,-0.22261249065399172,-1.4577522835050343,0.32140522875816996,99.24657009167288,75.3936585903405
1789401886.8442028,-10,-123,-0.29751592198033006,-1.380925445780877,0.29527124183006537,98.94905416969254,74.01273314455962
1789401886.8863761,-13,-120,-0.337312909071183,-1.3644359628048952,0.2689673202614379,98.61174126062136,72.64829718175473
1789401886.9269524,-14,-115,-0.3354283965292936,-1.2883846610373662,0.23704575163398692,98.27631286409206,71.35991252071736
1789401886.9687767,-14,-112,-0.3348083877563477,-1.2841518606519546,0.23420915032679737,97.94150447633571,70.0757606600654
1789401887.0103698,-7,-116,-0.18569673929272862,-1.4081210626251268,0.2819967320261438,97.75580773704299,68.66763959744027
1789401887.0527396,-14,-132,-0.4224190214187463,-1.7087105377118144,0.33879738562091505,97.33338871562424,66.95892905972846
1789401887.0942032,-7,-127,-0.18563084633156704,-1.4097165705612822,0.31572549019607843,97.14775786929268,65.54921248916718
1789401887.1364906,-6,-126,-0.24817599963916015,-1.4481727321433606,0.3114673202614379,96.89958186965352,64.10103975702381
1789401887.1775365,-4,-115,0.0,-1.2157682142711674,0.26293790849673204,96.89958186965352,62.88527154275265
1789401887.219339,-3,-110,0.0,-1.240174016237712,0.2274607843137255,96.89958186965352,61.64509752651494
1789401887.2602658,-6,-108,-0.26,-1.2556198979295272,0.22127124183006536,96.63958186965351,60.38947762858541
1789401887.3025758,-15,-105,-0.45623930113306954,-1.2145587715048616,0.20657843137254903,96.18334256852044,59.17491885708055
1789401887.3443754,-50,-81,-1.1196102329569815,-0.722832001095459,0.06389869281045751,95.06373233556346,58.45208685598509
1789401887.385981,-72,-73,-1.1839119098964082,-0.8338769787841113,0.021356209150326797,93.87982042566705,57.618209877200975
1789401887.4295206,-91,-58,-1.3285288120348586,-0.6075954445309161,-0.03986928104575163,92.55129161363219,57.01061443267006
1789401887.4741063,-113,-26,-1.5766090321615078,-0.10124417833850102,-0.05927450980392157,90.97468258147067,56.909370254331556
1789401887.517039,-124,-19,-1.567968047750861,-0.30851651865008883,-0.03581045751633987,89.4067145337198,56.60085373568147
1789401887.5722017,-141,-2,-1.7770481536493596,0.0,0.009604575163398693,87.62966638007045,56.60085373568147
1789401887.6274889,-173,22,-2.199198904092005,0.2543082964097449,0.2109313725490196,85.43046747597845,56.855162032091215
1789401887.6770349,-199,25,-2.454946316812439,0.15365514399104505,0.36766339869281045,82.97552115916601,57.00881717608226
1789401887.7325542,-212,28,-2.436796942875993,0.2112575313181071,0.4534575163398693,80.53872421629002,57.220074707400364
1789401887.7974408,-228,26,-2.6027301828822242,0.18280644347470268,0.5500522875816993,77.9359940334078,57.40288115087507
1789401887.8579535,-251,35,-2.9053359278502904,0.40494863280815985,0.7100522875816994,75.0306581055575,57.807829783683225
1789401887.9039207,-263,17,-2.9555053162839875,-0.02881821716816732,0.7982124183006536,72.07515278927352,57.77901156651506
1789401887.9415631,-273,4,-3.0611457694953415,0.0,0.8813496732026144,69.01400701977818,57.77901156651506
1789401887.9805398,-275,-4,-2.9756436681115916,0.0,0.8884477124183007,66.03836335166659,57.77901156651506
1789401888.0179791,-273,-9,-2.9028379852089783,-0.22837863727455415,0.88059477124183,63.135525366457614,57.55063292924051
1789401888.0578642,-266,-6,-2.7723080911561784,-0.05154804328389462,0.8517941176470588,60.36321727530144,57.49908488595661
1789401888.0972826,-260,-6,-2.7240208199987928,-0.09387374877929688,0.8193333333333334,57.639196455302645,57.40521113717732
1789401888.1368895,-239,-1,-2.3286679958699756,0.0,0.6845653594771242,55.31052845943267,57.40521113717732
1789401888.175923,-235,-4,-2.4988190554053973,0.0,0.6324477124183007,52.81170940402727,57.40521113717732
1789401888.2174885,-223,-9,-2.283508213516503,-0.15798908922468607,0.558140522875817,50.528201190510764,57.24722204795263
1789401888.2582314,-210,-16,-2.140329286362705,-0.31446689073160355,0.48801633986928106,48.38787190414806,56.93275515722103
1789401888.2998555,-196,-19,-1.9919108719299252,-0.3103929407336788,0.42569281045751634,46.39596103221813,56.62236221648735
1789401888.3408945,-160,-19,-1.3601405732929388,-0.28994810581207275,0.23327450980392156,45.035820458925194,56.33241411067528
1789401888.382789,-141,-17,-1.383590044888914,-0.2603612799354078,0.13484640522875818,45,56.07205283073987
1789401888.4265237,-123,-10,-1.2245244456056696,-0.14292335679522883,0.026415032679738562,45,55.92912947394464
1789401888.4706757,-103,-4,-1.0066290148210872,0.0,-0.0882516339869281,45,55.92912947394464
1789401888.5132487,-43,21,0.0854707196834007,0.3022259573643511,-0.17522222222222222,45.0854707196834,56.23135543130899
1789401888.55678,-9,37,0.10021051825097138,0.4993958686472899,-0.16012745098039216,45.18568123793437,56.73075129995628
1789401888.600381,25,50,0.4616069441414228,0.6383575010876176,-0.11820261437908497,45.64728818207579,57.3691088010439
1789401888.642723,93,73,1.6342381420351146,1.052858901291883,0.05761437908496732,47.28152632411091,58.421967702335785
1789401888.6842558,125,79,1.6399114615125545,0.9789246036622388,0.1959640522875817,48.92143778562346,59.40089230599802
1789401888.726996,151,83,1.947204343466809,1.0644430800233646,0.3237843137254902,50.86864212909027,60.46533538602139
1789401888.770602,176,90,2.246385063718448,1.1802272585678295,0.4402450980392157,53.11502719280872,61.64556264458922
1789401888.811507,197,88,2.4272441121495327,1.055545413202421,0.5125947712418301,55.54227130495825,62.70110805779164
1789401888.8525722,202,85,2.2807813767998333,1.0134788847674276,0.5167156862745098,57.823052681758085,63.71458694255907
1789401888.893588,201,77,2.1978105866420226,0.8724778911268055,0.48867647058823527,60.020863268400106,64.58706483368587
1789401888.9334896,203,69,2.2550570762889066,0.7897669044461174,0.4794934640522876,62.27592034468901,65.37683173813198
1789401888.9732087,215,55,2.5012614667043334,0.5736247597078047,0.5044313725490196,64.77718181139335,65.95045649783978
1789401889.0138605,223,40,2.5282635046884976,0.41561986038414883,0.5421895424836601,67.30544531608184,66.36607635822394
1789401889.054612,229,12,2.5636406955035733,-0.02354398712885769,0.6054150326797385,69.86908601158542,66.34253237109507
1789401889.0947886,232,-22,2.5573373530441597,-0.4608092738246724,0.6779771241830065,72.42642336462958,65.88172309727041
1789401889.1340203,236,-93,2.611021251231647,-1.725391056165345,0.8095130718954249,75.03744461586123,64.15633204110506
1789401889.1729453,244,-125,2.7427222609994737,-1.6492284442142202,0.8610718954248366,77.7801668768607,62.507103596890836
1789401889.2130854,253,-140,2.842002753431405,-1.6871098520789696,0.8775,80.6221696302921,60.81999374481187
1789401889.2532792,249,-149,2.640216862607788,-1.8019615610485291,0.8684183006535948,83.26238649289989,59.01803218376334
1789401889.2948437,232,-146,2.3155675743865864,-1.6239170686105264,0.8636209150326798,85.57795406728648,57.394115115152815
1789401889.335213,209,-50,2.0052021917290572,0.48898805853796823,0.8153496732026144,87.58315625901554,57.883103173690785
1789401889.376313,206,15,2.2234047463936717,0.7537979085005135,0.7293986928104575,89.80656100540921,58.6369010821913
1789401889.4169888,194,69,1.992629774076807,1.222053896487457,0.6768921568627451,91.79919077948601,59.85895497867876
1789401889.4585688,186,117,1.9638362078353826,1.7129911845055132,0.6180065359477124,93.7630269873214,61.57194616318427
1789401889.4967668,175,142,1.8057703196118642,1.8218654800711178,0.623562091503268,95.56879730693326,63.39381164325539
1789401889.5393333,152,171,1.4493936694231566,2.250694683771217,0.6854084967320262,97.01819097635642,65.6445063270266
1789401889.5821762,120,167,1.0270735307193029,1.8233849684643382,0.7392352941176471,98.04526450707573,67.46789129549094
1789401889.6224644,-29,186,-1.9617981643685107,2.2956782615381885,0.8972941176470588,96.08346634270721,69.76356955702913
1789401889.6610377,-61,199,-0.8954244669194213,2.35859698834297,0.9283496732026144,95.18804187578779,72.1221665453721
1789401889.7012296,227,129,6.052196220775063,0.6191465317284705,0.9327941176470588,101.24023809656285,72.74131307710057
1789401889.7407806,24,205,-2.1289226164615016,3.2108364600916324,0.8442156862745098,99.11131548010135,75.9521495371922
1789401889.782583,44,202,0.8790475267726363,2.184119149324467,0.8073496732026144,99.99036300687399,78.13626868651667
1789401889.8230867,43,199,0.6176840967817712,2.1529835965263233,0.7852385620915032,100.60804710365576,80.289252283043
1789401889.8652177,16,189,0.039891094314449316,1.971366701362176,0.7302973856209151,100.64793819797022,82.26061898440517
1789401889.904386,-13,180,-0.3110810113809379,1.8850980549721486,0.6746470588235294,100.33685718658928,84.14571703937732
1789401889.9458656,-28,165,-0.29394763805924495,1.6691975262519614,0.5831895424836602,100.04290954853003,85.81491456562928
1789401889.986659,-31,152,-0.2054957280089085,1.5606568476177116,0.5130849673202614,99.83741382052112,87.37557141324699
1789401890.0277197,-28,141,-0.1251764176386108,1.4760558103886752,0.4576470588235294,99.71223740288251,88.85162722363566
1789401890.0730999,-26,106,-0.14306555180959737,0.8736154174146036,0.2750326797385621,99.56917185107291,89.72524264105026
1789401890.1146686,-30,83,-0.2782003660649047,0.7537555209383304,0.19768300653594773,99.290971485008,90.47899816198859
1789401890.1571364,-31,50,-0.27833620171450285,0.3116995309378997,0.1854705882352941,99.01263528329349,90.79069769292649
1789401890.1983495,-34,17,-0.3610025928194763,-0.0303703450869226,0.17724183006535948,98.65163269047402,90.76032734783956
1789401890.2391202,-36,-11,-0.3985106150973602,-0.26242129833609446,0.15922875816993465,98.25312207537665,90.49790604950347
1789401890.2820327,-33,-52,-0.3373804646216667,-0.8511760802949868,0.12560457516339868,97.91574161075499,89.64672996920848
1789401890.3236098,-25,-62,-0.21675368771386844,-0.6454671597033158,0.12425490196078431,97.69898792304113,89.00126280950516
1789401890.363313,-17,-72,-0.14586086040175766,-0.8082469380980114,0.12659150326797386,97.55312706263938,88.19301587140716
1789401890.4028556,-1,-91,0.0,-1.1847249958804493,0.1922875816993464,97.55312706263938,87.00829087552671
1789401890.4429555,5,-103,0.0,-1.296432470524929,0.2571732026143791,97.55312706263938,85.71185840500178
1789401890.4844794,9,-116,0.14251543674734987,-1.5162303429701154,0.324,97.69564249938672,84.19562806203166
1789401890.5249507,9,-124,0.0425191307067871,-1.5388517390305265,0.36434313725490197,97.73816163009351,82.65677632300114
1789401890.5652115,7,-125,0.003303137750702345,-1.4624254320738954,0.3635686274509804,97.74146476784422,81.19435089092724
1789401890.605832,8,-131,0.056976142583744845,-1.5839310215161166,0.3940065359477124,97.79844091042797,79.61041986941112
1789401890.6457806,12,-134,0.14419393656875124,-1.5774975772277287,0.4150686274509804,97.94263484699673,78.03292229218339
1789401890.6868134,12,-140,0.1040988826751709,-1.6730973922237262,0.44946732026143793,98.0467337296719,76.35982489995966
1789401890.726906,12,-143,0.11370327949523926,-1.6674270876090873,0.4737091503267974,98.16043700916714,74.69239781235058
1789401890.7692647,11,-144,0.10122082689453883,-1.6518009127178395,0.48527450980392156,98.26165783606167,73.04059689963273
1789401890.8094366,14,-136,0.19165370769227702,-1.4603858403296481,0.4632091503267974,98.45331154375395,71.58021105930308
1789401890.8505707,8,-134,0.028212832803627907,-1.5157089923495242,0.45773856209150326,98.48152437655759,70.06450206695355
1789401890.8900948,-19,-142,-0.5261665825187591,-1.7212872253078966,0.48094444444444445,97.95535779403883,68.34321484164566
1789401890.9319813,-29,-132,-0.42767082428582415,-1.4007263958322669,0.42130392156862745,97.527686969753,66.9424884458134
1789401890.9747846,-58,-107,-0.9868884853506139,-0.9779777427494054,0.2518267973856209,96.54079848440239,65.964510703064
1789401891.0176215,-86,-99,-1.3290091889918663,-1.0966038578228072,0.18656862745098038,95.21178929541053,64.86790684524118
1789401891.0610473,-100,-85,-1.3610388937948736,-0.8887869097298485,0.1260653594771242,93.85075040161566,63.97911993551133
1789401891.105079,-109,-71,-1.3922502194051682,-0.7509733945749197,0.0851078431372549,92.45850018221049,63.22814654093641
1789401891.1484926,-130,-57,-1.7416113497588834,-0.6088435427919027,0.10982352941176471,90.7168888324516,62.619302998144505
1789401891.1930952,-143,-38,-1.775810029094643,-0.36693747560356127,0.09813071895424837,88.94107880335696,62.25236552254094
1789401891.235426,-157,-17,-1.935261135095886,-0.12207201364611303,0.12672222222222224,87.00581766826107,62.13029350889483
1789401891.276273,-185,2,-2.3885467459988012,0.0,0.2355751633986928,84.61727092226228,62.13029350889483
1789401891.3183599,-200,8,-2.3803918959990367,0.044002927454452986,0.31587581699346406,82.23687902626324,62.17429643634928
1789401891.3605497,-212,10,-2.4622175605951866,-0.05459050899294948,0.3876895424836601,79.77466146566805,62.11970592735633
1789401891.3998673,-230,0,-2.7254221118131117,0.0,0.5026339869281046,77.04923935385493,62.11970592735633
1789401891.440849,-241,4,-2.7441724508965706,0.0,0.5691928104575164,74.30506690295836,62.11970592735633
1789401891.481247,-242,7,-2.632570894225121,-0.10382427748923848,0.5819542483660131,71.67249600873323,62.01588164986709
1789401891.5216057,-245,8,-2.687165095342738,-0.06255080220660075,0.6048006535947712,68.9853309133905,61.95333084766049
1789401891.562565,-244,4,-2.6279744252857085,0.0,0.6098496732026144,66.35735648810478,61.95333084766049
1789401891.6037557,-244,-3,-2.64,0.0,0.5998954248366013,63.717356488104784,61.95333084766049
1789401891.645004,-241,3,-2.5736533715394927,0.0,0.5881928104575164,61.14370311656529,61.95333084766049
1789401891.6841042,-238,2,-2.541578425385348,0.0,0.5741372549019608,58.602124691179945,61.95333084766049
1789401891.7263083,-233,-12,-2.4699767594951205,-0.3688532319533354,0.5350653594771242,56.13214793168483,61.58447761570715
1789401891.7681928,-221,-17,-2.266721736704566,-0.429700296060123,0.48054901960784313,53.86542619498026,61.154777319647025
1789401891.8085017,-212,-18,-2.208202905933293,-0.39240632043492923,0.4371045751633987,51.65722328904697,60.762370999212095
1789401891.8518898,-199,-23,-2.0404983247330812,-0.4875887521968366,0.3729673202614379,49.61672496431389,60.27478224701526
1789401891.8953075,-193,-19,-2.0609155036291162,-0.3439408874027464,0.3316503267973856,47.55580946068477,59.930841359612515
1789401891.937661,-158,-1,-1.3723314208909796,0.0,0.1352516339869281,46.18347803979379,59.930841359612515
1789401891.9822092,-139,14,-1.373842158655072,0.15421859810777647,0.021735294117647058,45,60.08505995772029
1789401892.0251482,-111,26,-0.9840552194233823,0.24638442540140434,-0.11184313725490196,45,60.33144438312169
1789401892.070602,-52,50,-0.07045085018032526,0.6563267511611994,-0.2427908496732026,45,60.987771134282895
1789401892.1139598,-4,66,0.0,0.793943804815459,-0.17783660130718953,45,61.78171493909835
1789401892.1561272,39,79,0.788552822733132,0.9598501364155636,-0.06200653594771242,45.78855282273313,62.74156507551391
1789401892.197745,73,92,1.0664464639393034,1.1687397470366199,0.0876437908496732,46.85499928667243,63.91030482255053
1789401892.2387419,125,96,1.9143822721727104,1.1800606892452055,0.2895686274509804,48.76938155884514,65.09036551179574
1789401892.281443,153,99,2.017930249172967,1.2250987782426779,0.3964281045751634,50.78731180801811,66.31546429003842
1789401892.3222651,180,100,2.3307772078840063,1.2122492187819423,0.48430718954248364,53.118089015902115,67.52771350882037
1789401892.3640716,201,99,2.4612433295871394,1.1780352810963155,0.5517908496732026,55.579332345489256,68.70574878991668
1789401892.4044,217,88,2.568699780896548,0.9435191717201599,0.5815980392156863,58.1480321263858,69.64926796163684
1789401892.4453044,221,80,2.4588152510416426,0.9023109449694598,0.5958235294117648,60.60684737742744,70.5515789066063
1789401892.4867945,221,70,2.41,0.77947748627913,0.6141830065359477,63.01684737742744,71.33105639288543
1789401892.5268288,222,48,2.432486466532503,0.40523393383557155,0.6378235294117647,65.44933384395995,71.736290326721
1789401892.5662608,222,-19,2.4200000000000004,-0.8544611580978762,0.668578431372549,67.86933384395995,70.88182916862313
1789401892.6067612,218,-51,2.3306131229578173,-0.7614601723405332,0.712875816993464,70.19994696691776,70.1203689962826
1789401892.647305,222,-84,2.4693258930408963,-1.1713267803800886,0.768124183006536,72.66927285995867,68.94904221590251
1789401892.6866937,236,-109,2.7380426791182804,-1.4177163627921643,0.8381830065359477,75.40731553907695,67.53132585311035
1789401892.7305226,193,-112,1.6399020320762612,-1.2626562763947327,0.8098725490196078,77.04721757115321,66.26866957671561
1789401892.770986,237,-100,3.114582999392119,-1.0408544831030917,0.826983660130719,80.16180057054532,65.22781509361252
1789401892.8139002,227,-97,2.3538149373133668,-1.1350947826279931,0.8025653594771242,82.5156155078587,64.09272031098453
1789401892.8562605,227,-87,2.47,-0.9519596541786745,0.8279150326797385,84.9856155078587,63.14076065680586
1789401892.8966205,217,-62,2.2461697479289313,-0.5103128248747756,0.8092222222222222,87.23178525578763,62.630447831931086
1789401892.9389288,199,9,1.9767086144353663,0.7371531869342028,0.5527450980392157,89.208493870223,63.36760101886529
1789401892.9812746,178,42,1.7323981851608223,0.6527852684651589,0.45259803921568625,90.94089205538381,64.02038628733044
1789401893.022168,161,67,1.6021759984144288,0.8736772875404787,0.38752614379084965,92.54306805379824,64.89406357487091
1789401893.0627193,139,75,1.3183145937733705,0.8074400109825693,0.31973529411764706,93.8613826475716,65.70150358585349
1789401893.1067286,94,95,0.6300252901887039,1.219619069079231,0.31151633986928107,94.4914079377603,66.92112265493272
1789401893.1499393,72,98,0.6653226760874364,1.141864411406052,0.33818300653594774,95.15673061384774,68.06298706633876
1789401893.192743,45,96,0.33434696516969187,1.1366300188328113,0.34355882352941175,95.49107757901743,69.19961708517158
1789401893.2350993,20,74,0.10511324967799635,0.6803448535908647,0.2998823529411765,95.59619082869543,69.87996193876245
1789401893.2752554,12,61,0.22025614287497847,0.648099113383573,0.2769967320261438,95.8164469715704,70.52806105214603
1789401893.3175735,0,56,0.0,0.7007550709079609,0.26331045751633986,95.8164469715704,71.22881612305399
1789401893.3594022,-9,58,-0.02984990612335582,0.8038307311197473,0.23563398692810458,95.78659706544704,72.03264685417373
1789401893.4032173,-24,74,-0.2475955158627692,1.1227583442265794,0.19834967320261437,95.53900154958427,73.15540519840032
1789401893.4509084,-17,98,0.050885168721931884,1.4314005544317074,0.24558496732026144,95.5898867183062,74.58680575283202
1789401893.4923797,-25,117,-0.21959864617941027,1.5990915195768411,0.3296078431372549,95.3702880721268,76.18589727240887
1789401893.5344465,-18,152,0.014878811673117456,2.135908251266418,0.47305228758169937,95.38516688379991,78.32180552367528
1789401893.576023,-41,172,-0.6090551570305149,2.16055149631227,0.5930915032679739,94.7761117267694,80.48235701998755
1789401893.616719,-38,177,-0.2963795286588113,2.0314568045950065,0.6235228758169935,94.47973219811058,82.51381382458256
1789401893.6584227,-39,181,-0.38776121949693243,2.0579908464724594,0.6449771241830066,94.09197097861365,84.57180467105502
1789401893.698474,-29,186,-0.1741642753067997,2.1224000095214857,0.6755065359477124,93.91780670330685,86.6942046805765
1789401893.7409468,-29,180,-0.32361933708190915,1.9293765357609909,0.6385294117647059,93.59418736622494,88.6235812163375
1789401893.7806432,-19,169,-0.11259129014955546,1.7513628212216639,0.5782450980392156,93.48159607607539,90.37494403755916
1789401893.8226683,-4,157,0.0,1.6268912090349217,0.5190065359477124,93.48159607607539,92.00183524659408
1789401893.8618214,10,145,0.24607154270878517,1.4972484127465857,0.46204248366013073,93.72766761878418,93.49908365934067
1789401893.9009857,11,129,0.09894114244430846,1.2857746331428292,0.38333333333333336,93.82660876122848,94.7848582924835
1789401893.9434752,10,91,0.07288740586667866,0.6627808119240828,0.1892450980392157,93.89949616709517,95.44763910440759
1789401893.9873018,4,57,0.0,0.38162794193741656,0.14345751633986928,93.89949616709517,95.829267046345
1789401894.0276256,-2,20,0.0,-0.05923761274591033,0.14431372549019608,93.89949616709517,95.77002943359909
1789401894.0693,-9,-54,-0.20344844161850373,-1.2709343774987931,0.1445686274509804,93.69604772547666,94.4990950561003
1789401894.1118639,-9,-84,-0.13566236972808837,-1.109007090662019,0.14391176470588235,93.56038535574856,93.39008796543828
1789401894.1524577,-12,-98,-0.21236220998344865,-1.1486126426523842,0.2044607843137255,93.34802314576511,92.2414753227859
1789401894.1929162,-15,-109,-0.25461333645830725,-1.310355850999378,0.2674346405228758,93.0934098093068,90.93111947178653
1789401894.231675,-16,-122,-0.25284399536509805,-1.5666061930242856,0.3455326797385621,92.84056581394171,89.36451327876225
1789401894.2718687,-22,-133,-0.39241634853880586,-1.6669597112221999,0.4061078431372549,92.4481494654029,87.69755356754004
1789401894.3116913,-24,-135,-0.3818188492386561,-1.575108075426519,0.41505882352941176,92.06633061616425,86.12244549211353
1789401894.3525276,-19,-142,-0.2611016758214143,-1.705662474981181,0.4608562091503268,91.80522894034284,84.41678301713235
1789401894.392076,-18,-152,-0.31383678109320123,-1.8464693076352496,0.5139346405228759,91.49139215924964,82.5703137094971
1789401894.4303668,-16,-164,-0.29267823317373204,-1.9966002949577166,0.5820032679738563,91.19871392607591,80.57371341453938
1789401894.4701078,-19,-168,-0.4016502570740542,-1.9303953477195173,0.6145130718954248,90.79706366900186,78.64331806681987
1789401894.5096993,-25,-170,-0.5192877938956421,-1.925222827590354,0.6346013071895424,90.27777587510622,76.71809523922951
1789401894.5493453,-28,-168,-0.5178843620160174,-1.8547730763910188,0.6285686274509804,89.7598915130902,74.8633221628385
1789401894.5889273,-39,-162,-0.728827403591546,-1.7442089133302414,0.5860947712418301,89.03106410949864,73.11911324950826
1789401894.629262,-53,-150,-0.9034699028667312,-1.551271968653779,0.512235294117647,88.12759420663191,71.56784128085448
1789401894.6714182,-82,-107,-1.3647952967055397,-0.7596314130317899,0.23358169934640524,86.76279890992637,70.8082098678227
1789401894.7130637,-92,-83,-1.2398715061446128,-0.7419065859214911,0.09248366013071896,85.52292740378176,70.06630328190121
1789401894.7554777,-105,-71,-1.403483549890783,-0.7684097627393283,0.059970588235294116,84.11944385389098,69.29789351916189
1789401894.795297,-113,-67,-1.4304064562848235,-0.8198306998552685,0.08993790849673203,82.68903739760616,68.47806281930661
1789401894.8399436,-146,-34,-2.0291696325694533,-0.17049331261712936,0.13408496732026143,80.65986776503671,68.30756950668949
1789401894.8833842,-163,-23,-2.025583702265159,-0.3033986115303351,0.21387908496732025,78.63428406277154,68.00417089515915
1789401894.9244714,-180,-23,-2.206983024082116,-0.43000000000000005,0.2951797385620915,76.42730103868942,67.57417089515914
1789401894.9656022,-208,2,-2.6153909984007315,0.0,0.4176666666666667,73.8119100402887,67.57417089515914
1789401895.0046723,-220,2,-2.5535166077997187,0.0,0.48997712418300654,71.25839343248897,67.57417089515914
1789401895.045753,-228,-16,-2.5792617205064494,-0.3311178144071898,0.5404705882352941,68.67913171198252,67.24305308075195
1789401895.0946457,-230,-29,-2.5203689059184047,-0.6226220198570797,0.5624869281045751,66.15876280606412,66.62043106089487
1789401895.1364791,-231,-43,-2.521994623686664,-0.7974707127171092,0.5668823529411765,63.63676818237745,65.82296034817776
1789401895.176894,-230,-51,-2.487664174583101,-0.8089152654293328,0.5755980392156863,61.14910400779435,65.01404508274842
1789401895.2184021,-227,-52,-2.4338455314453844,-0.7320501738156118,0.5659444444444445,58.715258476348964,64.28199490893282
1789401895.260036,-220,-45,-2.3159982375728863,-0.5659660201955442,0.5273790849673202,56.39926023877608,63.71602888873727
1789401895.304774,-199,-30,-1.9552103874224969,-0.3323539098597854,0.4212875816993464,54.44404985135358,63.38367497887749
1789401895.3456542,-186,-22,-1.9010572329720685,-0.3221702450231495,0.34977124183006536,52.54299261838151,63.061504733854335
1789401895.3896668,-172,-10,-1.7609320388349514,-0.1636700669032206,0.26806862745098037,50.78206057954656,62.89783466695111
1789401895.4327223,-166,2,-1.7912758434238338,0.0,0.22551307189542483,48.99078473612273,62.89783466695111
1789401895.4761941,-135,3,-1.1935390089976479,0.0,0.09365032679738562,47.79724572712508,62.89783466695111
1789401895.5184991,-107,3,-0.9390212948245347,0.0,-0.0016372549019607844,46.858224432300545,62.89783466695111
1789401895.5648322,-64,16,-0.36972279065886504,0.09027094518608691,-0.04840522875816994,46.48850164164168,62.9881056121372
1789401895.6085093,54,37,1.7382927544047138,0.4986932505882269,-0.01858823529411765,48.226794396046394,63.48679886272542
1789401895.6506653,103,47,1.5449029040390811,0.5165933416168742,0.04807843137254902,49.77169730008548,64.00339220434229
1789401895.6928449,132,55,1.709047500445299,0.6192397511143916,0.1690359477124183,51.48074480053078,64.62263195545668
1789401895.7335076,181,65,2.606861879194124,0.8002834217593342,0.3921078431372549,54.0876066797249,65.42291537721601
1789401895.7760696,202,74,2.4658834905923737,0.9359438724452037,0.49609150326797385,56.553490170317275,66.35885924966122
1789401895.8187861,214,80,2.480660346986228,1.0288430216885818,0.5646241830065359,59.0341505173035,67.38770227134981
1789401895.8583333,221,69,2.498416543699144,0.7510387933111659,0.6584967320261438,61.532567061002645,68.13874106466098
1789401895.8991585,237,57,2.765962319466913,0.6229922015106287,0.7873692810457517,64.29852938046956,68.7617332661716
1789401895.9387891,253,49,2.9319222626748913,0.5890558774510688,0.8341830065359477,67.23045164314445,69.35078914362268
1789401895.980284,255,51,2.7740920417013704,0.7340921800866198,0.868,70.00454368484581,70.0848813237093
1789401896.0188262,249,5,2.613319812792512,0.0,0.8531143790849673,72.61786349763833,70.0848813237093
1789401896.0598588,241,-19,2.5110824017735016,-0.46006499654552346,0.850656862745098,75.12894589941183,69.62481632716377
1789401896.099613,254,-64,2.9033579761640835,-1.087010519613098,0.8561470588235294,78.03230387557592,68.53780580755067
1789401896.1419008,249,-105,2.6308513182684825,-1.504746959631302,0.8377091503267974,80.6631551938444,67.03305884791936
1789401896.1800954,239,-127,2.459068751092576,-1.6249966424534834,0.8106470588235294,83.12222394493698,65.40806220546588
1789401896.2217782,221,-129,2.1940757790692356,-1.4884690891878765,0.8075751633986928,85.31629972400621,63.91959311627801
1789401896.2608356,198,-123,1.8848289232124937,-1.3531066053128493,0.7885065359477125,87.20112864721871,62.566486510965156
1789401896.3039722,165,-62,1.4675850495383238,-0.11313128812660245,0.6936307189542483,88.66871369675704,62.45335522283855
1789401896.3458495,149,1,1.5021220849174397,0.0,0.6545915032679739,90.17083578167448,62.45335522283855
1789401896.389537,140,84,1.4955451315483637,1.6365888764529972,0.5687320261437908,91.66638091322285,64.08994409929156
1789401896.4318504,108,175,0.9019048520496699,2.917371925738535,0.6238431372549019,92.56828576527252,67.0073160250301
1789401896.473382,116,196,1.4563764705882352,2.4128270232101547,0.77,94.02466223586076,69.42014304824025
1789401896.5153456,-274,152,-7.417926726963726,1.1956017571875905,0.9406143790849674,86.60673550889703,70.61574480542784
1789401896.5538058,-289,140,-3.2848555181833388,1.4440296002479083,0.9592058823529411,83.3218799907137,72.05977440567574
1789401896.5922408,-300,99,-3.3430633062115502,0.6565059750573927,0.9713333333333334,79.97881668450215,72.71628038073314
1789401896.631038,-270,41,-2.5135136928237074,-0.13707377084420957,0.9559738562091503,77.46530299167844,72.57920660988893
1789401896.6724095,-200,21,-1.3531009178546087,0.16804000069225314,0.9598398692810457,76.11220207382384,72.74724661058119
1789401896.713961,-137,9,-0.8122236726640781,0.1456873107624553,0.9642647058823529,75.29997840115976,72.89293392134364
1789401896.7561812,-237,-4,-3.7373023188502605,0.0,0.9479084967320262,71.56267608230951,72.89293392134364
1789401896.7970567,-210,-30,-1.964095391204789,-0.38452905615167055,0.9451339869281046,69.59858069110471,72.50840486519198
1789401896.838991,-154,-20,-1.0717561694500555,0.05264093978117668,0.9518104575163399,68.52682452165466,72.56104580497315
1789401896.8804092,-109,-1,-0.7561501561297914,0.0,0.9533398692810457,67.77067436552487,72.56104580497315
1789401896.9222348,-70,-11,-0.42686241865039204,0.05909572663784766,0.9497418300653595,67.34381194687448,72.620141531611
1789401896.9633548,-19,-19,0.22978322748134072,-0.18783380474784572,0.9533039215686274,67.57359517435582,72.43230772686316
1789401897.0039494,-5,-29,0.0,-0.337462208538779,0.940937908496732,67.57359517435582,72.09484551832438
1789401897.0470865,20,-69,0.26640619311296265,-1.1365935958006586,0.9228660130718954,67.84000136746877,70.95825192252371
1789401897.086671,37,-122,0.447582093968357,-1.969902711254011,0.9597875816993464,68.28758346143712,68.9883492112697
1789401897.1297398,56,-131,0.6915959429477212,-1.6075860457705053,0.9562647058823529,68.97917940438484,67.3807631654992
1789401897.1694088,38,-129,0.09349381276699381,-1.4647803572824407,0.9534150326797386,69.07267321715183,65.91598280821677
1789401897.2128193,0,-76,0.0,-0.34837009563848864,0.963297385620915,69.07267321715183,65.56761271257828
1789401897.2542634,162,55,2.549519888459672,1.9721657865182243,0.9576274509803921,71.6221931056115,67.5397784990965
1789401897.29605,158,87,1.7321506790711472,1.1712689287587685,0.9535947712418301,73.35434378468265,68.71104742785526
1789401897.3356476,77,-21,-0.054308735030571986,-1.6734251544595757,0.9696928104575163,73.30003504965208,67.03762227339568
1789401897.3760865,24,-85,-0.21489662974310625,-1.807866708115979,0.9751666666666666,73.08513841990897,65.2297555652797
1789401897.4169285,-82,81,-1.9840669479728135,2.7404803047646036,0.9627549019607843,71.10107147193617,67.9702358700443
1789401897.4568002,-103,50,-1.2426218312179784,0.05012603548047967,0.9495588235294118,69.85844964071819,68.02036190552478
1789401897.496331,55,82,2.6409755820834517,1.2284590446992207,0.9484411764705882,72.49942522280165,69.248820950224
1789401897.5372615,-107,86,-3.0421871665980222,0.9832014935997182,0.9448039215686275,69.45723805620362,70.23202244382372
1789401897.5776772,91,91,3.4398437129672743,1.1197474798130758,0.9538562091503268,72.8970817691709,71.3517699236368
1789401897.617575,-83,42,-2.99632663883221,-0.012648132538722323,0.952578431372549,69.90075513033868,71.33912179109807
1789401897.6567557,99,43,3.404620348526379,0.642760124610592,0.9711209150326797,73.30537547886506,71.98188191570866
1789401897.6965582,-58,17,-2.506423500124259,0.043387770749472865,0.9699509803921569,70.7989519787408,72.02526968645813
1789401897.7341616,1,-191,0.0,-4.630257460450775,0.9724477124183006,70.7989519787408,67.39501222600735
1789401897.775887,-88,-5,-1.1627764394628233,0.0,0.9666078431372549,69.63617553927799,67.39501222600735
1789401897.8163543,-16,-200,0.6368874133739861,-2.2546628398984034,0.9711437908496732,70.27306295265197,65.14034938610895
1789401897.8568988,-77,-6,-1.69123485617449,2.1310966612009334,0.9699771241830065,68.58182809647748,67.27144604730988
1789401897.8972197,244,-200,6.446749732420582,-4.605801444021974,0.9655196078431373,75.02857782889807,62.6656446032879
1789401897.9385478,262,-156,3.037829343027785,-1.2276450070096288,0.9134640522875817,78.06640717192585,61.437999596278274
1789401897.9792826,247,-153,2.485816339077129,-1.6931688746568005,0.9082058823529412,80.55222351100298,59.744830721621476
1789401898.0189998,190,-107,1.382370708338086,-0.6909335750387169,0.8465098039215686,81.93459421934107,59.053897146582756
1789401898.0585968,124,-86,0.6071408336291811,-0.7949180079211258,0.8613235294117647,82.54173505297025,58.25897913866163
1789401898.098437,-32,43,-2.102855749583584,1.883229496848703,0.8178921568627451,80.43887930338667,60.142208635510336
1789401898.1378343,-161,94,-3.1997071721861987,1.495621027503189,0.771124183006536,77.23917213120048,61.63782966301353
1789401898.1775951,-217,94,-2.999261368952511,0.9230712413787843,0.8040392156862745,74.23991076224796,62.56090090439231
1789401898.2195828,-243,102,-2.9398417547448576,1.1839965944546529,0.8591241830065359,71.3000690075031,63.74489749884697
1789401898.2595222,-232,117,-2.382418683986092,1.5198787244963627,0.8322352941176471,68.91765032351701,65.26477622334333
1789401898.3000145,-194,86,-1.6700555146039853,0.6768388891508322,0.8207418300653595,67.24759480891302,65.94161511249416
1789401898.339057,-144,67,-1.0005581066330045,0.6269068280540779,0.7853202614379085,66.24703670228001,66.56852194054824
1789401898.3779194,-104,62,-0.7244220450759974,0.7556658424801674,0.8167450980392157,65.52261465720402,67.3241877830284
1789401898.4171078,-72,31,-0.5124051358672546,0.1144698295267878,0.8602875816993464,65.01020952133676,67.43865761255519
1789401898.4554985,-42,0,-0.2353332192032087,0.0,0.8558104575163399,64.77487630213355,67.43865761255519
1789401898.495726,-19,-10,-0.09981882061339659,-0.17645346073759877,0.8398627450980393,64.67505748152016,67.26220415181758
1789401898.5337262,18,-17,0.48187550530591683,-0.09080541565989274,0.8495849673202615,65.15693298682608,67.1713987361577
1789401898.5758235,24,-27,0.144984628844259,-0.24009712534936062,0.8353954248366013,65.30191761567033,66.93130161080833
1789401898.616391,36,-22,0.37102732533167737,-0.02760535866431077,0.8180718954248366,65.67294494100202,66.90369625214402
1789401898.6557233,45,-5,0.46171203109153,0.0,0.7754542483660131,66.13465697209355,66.90369625214402
1789401898.6967194,55,16,0.6172931674759337,0.5530258561020176,0.6976862745098039,66.75195013956949,67.45672210824603
1789401898.736813,61,22,0.677192826642102,0.468926216169877,0.651718954248366,67.42914296621159,67.9256483244159
1789401898.7787914,65,24,0.74462082103447,0.45808967133905876,0.6405620915032679,68.17376378724606,68.38373799575496
1789401898.81942,64,31,0.7266545909211629,0.596157689012008,0.603343137254902,68.90041837816722,68.97989568476696
1789401898.860414,49,29,0.44599329372273777,0.465597202667008,0.5861143790849673,69.34641167188995,69.44549288743397
1789401898.8996787,35,28,0.338313195612745,0.46726180945728435,0.5819248366013072,69.6847248675027,69.91275469689126
1789401898.9395573,25,25,0.31124521965848795,0.41240045897877226,0.6122222222222222,69.99597008716118,70.32515515587002
1789401898.9801295,17,38,0.27136097408973053,0.7402375441545542,0.6586209150326797,70.26733106125091,71.06539270002457
1789401899.021694,8,39,0.17176113822350425,0.6020271609469628,0.6528366013071896,70.43909219947442,71.66741986097153
1789401899.0622306,8,32,0.28,0.43368070231144196,0.6450588235294118,70.71909219947442,72.10110056328298
1789401899.1033387,-2,103,0.0,2.0967077539188694,0.7567026143790849,70.71909219947442,74.19780831720185
1789401899.1438959,-4,124,0.0,1.6988589565748948,0.7935751633986928,70.71909219947442,75.89666727377674
1789401899.1876836,-6,135,0.06915365587590916,1.675178646234657,0.824045751633987,70.78824585535033,77.5718459200114
1789401899.2294436,18,146,0.6672201787870269,1.791690797097726,0.8149313725490196,71.45546603413736,79.36353671710913
1789401899.2710211,30,134,0.6443706414860539,1.3956682744421058,0.7486078431372549,72.09983667562341,80.75920499155123
1789401899.3133633,30,121,0.5,1.2563555640716402,0.7089771241830065,72.59983667562341,82.01556055562287
1789401899.3546333,28,104,0.4557970189905192,1.0341915290341575,0.6811503267973856,73.05563369461393,83.04975208465703
1789401899.3957388,18,65,0.2583286339216301,0.3756110295866226,0.6154346405228758,73.31396232853557,83.42536311424365
1789401899.4345527,11,54,0.21975832795451053,0.5982874834904937,0.5907516339869281,73.53372065649008,84.02365059773415
1789401899.4754272,11,43,0.31,0.49539853546109636,0.5448202614379085,73.84372065649008,84.51904913319524
1789401899.514813,12,29,0.3326867146996727,0.31222682934213314,0.5067581699346405,74.17640737118975,84.83127596253738
1789401899.5555444,13,7,0.34227251553703725,5.99472258465128e-05,0.5080490196078431,74.51867988672679,84.83133590976323
1789401899.594595,24,-27,0.5807793780207977,-0.5264226948840791,0.48062091503267973,75.09945926474758,84.30491321487915
1789401899.6324816,26,-37,0.48639537327803756,-0.3511084253802744,0.48812091503267974,75.58585463802562,83.95380478949888
1789401899.6727033,31,-44,0.5721422560419112,-0.4115315180761285,0.472437908496732,76.15799689406754,83.54227327142274
1789401899.7121913,40,-53,0.7139240561339973,-0.5702968681812502,0.393202614379085,76.87192095020153,82.9719764032415
1789401899.7531595,37,-51,0.5333700169425409,-0.45375252868655586,0.34280065359477124,77.40529096714407,82.51822387455495
1789401899.7925377,41,-51,0.660746858798691,-0.5183508443832398,0.29145751633986927,78.06603782594276,81.99987303017171
1789401899.8332627,32,-53,0.40904414280423496,-0.606006506257016,0.2801339869281046,78.47508196874699,81.3938665239147
1789401899.876684,22,-51,0.30501951839992986,-0.5828103336363575,0.27647058823529413,78.78010148714692,80.81105619027834
1789401899.9164157,13,-44,0.21673023188823276,-0.4826504632734554,0.24601307189542485,78.99683171903516,80.32840572700488
1789401899.959293,3,-32,0.0,-0.337793729693859,0.25769281045751635,78.99683171903516,79.99061199731102
1789401899.9996495,-8,12,-0.019523011866727627,0.5153987843426813,0.272375816993464,78.97730870716843,80.5060107816537
1789401900.0406682,-9,34,0.07712543084479952,0.48744876636801976,0.2828496732026144,79.05443413801324,80.99345954802172
1789401900.0875955,-10,50,0.05925086154558574,0.5969986865207721,0.31786601307189544,79.11368499955883,81.5904582345425
1789401900.129336,-38,68,-0.5774259994889868,0.8787496847445415,0.41373202614379084,78.53625900006985,82.46920791928704
1789401900.1723974,-43,64,-0.38689953102465446,0.6318252772335876,0.3624640522875817,78.1493594690452,83.10103319652063
1789401900.2131348,-37,59,-0.22533427847015708,0.6149771467708712,0.263218954248366,77.92402519057504,83.7160103432915
1789401900.2550125,-22,51,0.01115202295758455,0.5437216999073868,0.10154248366013072,77.93517721353263,84.25973204319888
1789401900.298597,-42,17,-0.6335425059298279,-0.07625040043525322,-0.13947712418300653,77.3016347076028,84.18348164276362
1789401900.3435364,-65,-5,-0.9457383955049239,0.0,-0.21969281045751635,76.35589631209788,84.18348164276362
1789401900.3871522,-84,-37,-1.1763299919344063,-0.5964568530672998,-0.1770718954248366,75.17956632016347,83.58702478969633
1789401900.4287493,-117,-72,-1.7666097172395612,-1.1221739344472628,0.11555228758169934,73.41295660292391,82.46485085524907
1789401900.468768,-137,-82,-1.8202448570473964,-0.9921098054637805,0.26042483660130716,71.59271174587651,81.47274104978528
1789401900.5097313,-155,-90,-1.969403064189896,-1.1184793243073845,0.3729607843137255,69.62330868168662,80.3542617254779
1789401900.5496728,-172,-99,-2.1328376535765883,-1.302616868753284,0.4654673202614379,67.49047102811004,79.05164485672461
1789401900.5894554,-180,-102,-2.100723528670145,-1.2577036424436374,0.5075620915032679,65.38974749943989,77.79394121428096
1789401900.629591,-185,-98,-2.1121547799696514,-1.1301745782846282,0.5067222222222222,63.27759271947024,76.66376663599634
1789401900.6728146,-184,-89,-2.028412948710157,-0.9858500411095723,0.46912745098039216,61.24917977076009,75.67791659488677
1789401900.7131515,-176,-79,-1.8609100541600467,-0.8660357974629671,0.39126470588235296,59.38826971660004,74.8118807974238
1789401900.7535453,-172,-55,-1.8704909936495195,-0.45296875165979145,0.2913235294117647,57.517778722950524,74.358912045764
1789401900.7959068,-161,-9,-1.6801936122802674,0.2529000292641199,0.16401633986928105,55.837585110670254,74.61181207502813
1789401900.8423567,-150,-20,-1.581625057728425,-0.5183949908901948,0.128781045751634,54.25596005294183,74.09341708413793
1789401900.8893807,-137,-25,-1.4313869150515548,-0.5032323422055934,0.083140522875817,52.824573137890276,73.59018474193233
1789401900.934197,-99,9,-0.7665962904519783,0.27694775596026355,-0.1849934640522876,52.0579768474383,73.8671324978926
1789401900.9800677,-78,14,-0.7514216432241656,0.01542331748703784,-0.26622875816993463,51.306555204214135,73.88255581537963
1789401901.0256488,-40,15,-0.18238074875277754,-0.004437343104905943,-0.31149019607843137,51.12417445546136,73.87811847227472
1789401901.0694597,44,27,1.2378165625230058,0.26515018958971126,-0.2828790849673203,52.361991017984366,74.14326866186443
1789401901.113287,82,42,1.1630815514548805,0.4862358322881174,-0.16663398692810458,53.525072569439246,74.62950449415254
1789401901.1577494,104,33,1.2904285922529177,0.15322490324258753,0.02611764705882353,54.81550116169216,74.78272939739513
1789401901.1968262,103,-55,1.1005925000442456,-1.7950017416726038,0.7658986928104575,55.916093661736404,72.98772765572252
1789401901.2370384,124,-53,1.684292281381095,-0.6662983893975797,0.8126993464052288,57.6003859431175,72.32142926632494
1789401901.278405,141,-59,1.8155414985125566,-0.8625010054449599,0.8171699346405229,59.41592744163006,71.45892826087999
1789401901.316834,150,-47,1.8170510700841556,-0.5138195527917931,0.805954248366013,61.232978511714215,70.9451087080882
1789401901.3765934,166,-63,1.9940172382116355,-0.9639530367992847,0.7935359477124183,63.22699574992585,69.98115567128892
1789401901.4171486,195,10,2.5075412436287103,0.8086899718254491,0.8461699346405229,65.73453699355456,70.78984564311436
1789401901.4584634,206,25,2.393468363804675,0.26042247416991,0.8247679738562091,68.12800535735923,71.05026811728428
1789401901.5027068,219,33,2.5364829972544154,0.2782954962018895,0.8339248366013072,70.66448835461364,71.32856361348617
1789401901.55078,213,43,2.2675478978166677,0.43334522649022633,0.851343137254902,72.93203625243031,71.7619088399764
1789401901.5973105,210,43,2.2677419129899765,0.3693234634399414,0.8609640522875817,75.19977816542028,72.13123230341634
1789401901.6442378,192,21,1.9054075914251118,-0.0953540876280724,0.8358529411764706,77.1051857568454,72.03587821578827
1789401901.6953013,183,13,1.9497671874003701,0.030215102033861435,0.8178529411764706,79.05495294424577,72.06609331782214
1789401901.7381246,141,9,1.121581674411383,0.022595603339716802,0.7459248366013072,80.17653461865716,72.08868892116186
1789401901.7802978,127,17,1.3039359276018099,0.25845117887516966,0.7125849673202614,81.48047054625897,72.34714010003702
1789401901.8239512,119,28,1.2983687921570768,0.4240077803237041,0.6093235294117647,82.77883933841605,72.77114788036073
1789401901.8666325,81,31,0.5641768707482994,0.38962972872020263,0.5663104575163399,83.34301620916435,73.16077760908094
1789401901.9096498,77,31,0.9235876862471714,0.38116050243377686,0.5202222222222223,84.26660389541152,73.54193811151471
1789401901.9525838,70,34,0.8184676426810034,0.4752929441464165,0.4660686274509804,85.08507153809252,74.01723105566113
1789401901.9961307,58,54,0.6421232057154128,0.9171568956242195,0.3648692810457516,85.72719474380793,74.93438795128534
1789401902.0396955,42,64,0.4365321668762644,0.9546780552623952,0.3894738562091503,86.16372691068419,75.88906600654774
1789401902.0812259,14,67,0.002862464331440606,0.9061210492774593,0.4527124183006536,86.16658937501563,76.7951870558252
1789401902.1228478,-21,69,-0.44812207719060404,0.9140216717734316,0.5179738562091504,85.71846729782503,77.70920872759862
1789401902.1651886,-91,86,-1.631806288032573,1.2608460736759677,0.5998202614379085,84.08666100979245,78.97005480127459
1789401902.2082665,-85,82,-0.7481971908595026,0.9735784399988933,0.5235980392156863,83.33846381893295,79.94363324127347
1789401902.249602,-74,85,-0.6358160513329947,1.086298187818401,0.4640947712418301,82.70264776759996,81.02993142909187
1789401902.2931688,-56,85,-0.43139167956821345,1.05,0.40501960784313723,82.27125608803175,82.07993142909187
1789401902.336314,30,75,1.244583530209742,0.8341038734242971,0.2205359477124183,83.51583961824149,82.91403530251617
1789401902.3791754,62,79,0.9946808136552405,1.0366619644664967,0.10601633986928105,84.51052043189672,83.95069726698267
1789401902.4219446,74,78,0.9448255164624191,0.9683090816855555,0.05916013071895425,85.45534594835914,84.91900634866823
1789401902.4655652,71,71,0.8016483248725644,0.8296928648406172,-0.010591503267973857,86.2569942732317,85.74869921350886
1789401902.5075433,52,59,0.46443539942785694,0.647196547634585,-0.03692156862745098,86.72142967265955,86.39589576114344
1789401902.551365,34,34,0.33478143727278925,0.25479891857194925,-0.03563071895424837,87.05621110993235,86.65069467971539
1789401902.5927937,6,-23,-0.07792330003222686,-0.7370460103154701,-0.04296078431372549,86.97828780990012,85.91364866939992
1789401902.6343946,-5,-51,0.0,-0.7086393633292787,-0.05316013071895425,86.97828780990012,85.20500930607064
1789401902.6769857,-13,-70,-0.06477746000619904,-0.8438224581495645,-0.02480718954248366,86.91351034989393,84.36118684792108
1789401902.718157,-17,-82,-0.05444279364417596,-0.9543524180911337,0.045869281045751636,86.85906755624976,83.40683442982994
1789401902.758387,-23,-102,-0.1590179901585414,-1.339330884903257,0.1516111111111111,86.70004956609121,82.06750354492668
1789401902.8023024,-29,-110,-0.23815938593850913,-1.358410963766486,0.19731372549019607,86.46189018015271,80.70909258116019
1789401902.8447523,-36,-116,-0.3527648222451803,-1.4306444788789328,0.22623856209150328,86.10912535790753,79.27844810228126
1789401902.8860016,-46,-115,-0.5295736981960083,-1.3378793455205378,0.21304248366013073,85.57955165971153,77.94056875676073
1789401902.9297285,-60,-107,-0.761012780821352,-1.1784827544825254,0.1529346405228758,84.81853887889018,76.7620860022782
1789401902.9731166,-82,-74,-1.1454986285081106,-0.5598453366438336,-0.019937908496732028,83.67304025038207,76.20224066563436
1789401903.0152907,-90,-56,-1.1427842066906844,-0.5466133643861325,-0.09591176470588235,82.5302560436914,75.65562730124823
1789401903.058319,-104,-52,-1.4026230496119996,-0.6735246875277014,-0.053248366013071896,81.12763299407939,74.98210261372053
1789401903.1020718,-114,-48,-1.4544839859593959,-0.6342473670144588,-0.007588235294117647,79.67314900811999,74.34785524670608
1789401903.1451483,-121,-37,-1.4912139103110236,-0.44234918685015806,-0.013124183006535948,78.18193509780897,73.90550605985592
1789401903.1864562,-133,-20,-1.6751232570209331,-0.19435416810871922,0.015300653594771242,76.50681184078805,73.7111518917472
1789401903.2282176,-144,-14,-1.771811191168656,-0.2681653755030971,0.07127450980392157,74.7350006496194,73.4429865162441
1789401903.2706633,-161,-17,-2.0100111305596697,-0.4053396993731323,0.14824509803921568,72.72498951905972,73.03764681687097
1789401903.3135397,-167,-1,-1.9390265125541029,0.0,0.15733660130718954,70.78596300650561,73.03764681687097
1789401903.356846,-169,15,-1.9134232294237878,0.16152082034490453,0.1653888888888889,68.87253977708183,73.19916763721588
1789401903.399547,-175,-3,-2.0192883999074898,0.0,0.20309477124183006,66.85325137717433,73.19916763721588
1789401903.4415665,-178,2,-2.01572721852161,0.0,0.21186928104575165,64.83752415865273,73.19916763721588
1789401903.484302,-178,6,-1.98,-0.13415743163833405,0.20983660130718954,62.85752415865273,73.06501020557755
1789401903.525197,-178,-3,-1.98,0.0,0.2196764705882353,60.87752415865273,73.06501020557755
1789401903.5674624,-163,-17,-1.6499333707312047,-0.4954292047231865,0.13822875816993463,59.22759078792153,72.56958100085437
1789401903.6117632,-140,-21,-1.3402432212654356,-0.45514178702886543,0.032937908496732025,57.88734756665609,72.1144392138255
1789401903.6560314,-132,-17,-1.4297382836668047,-0.32483512353755123,-0.024441176470588237,56.45760928298928,71.78960409028795
1789401903.699108,-110,-20,-1.043968746184837,-0.4348269627841837,-0.052405228758169935,55.413640536804444,71.35477712750377
1789401903.7424726,-103,-18,-1.1494686269131604,-0.3569380275030104,-0.08375490196078432,54.26417190989128,70.99783910000076
1789401903.7868197,-70,-13,-0.5280246385380275,-0.2736337345252622,-0.21612418300653594,53.73614727135325,70.7242053654755
1789401903.8300688,-16,-20,0.2647515143490782,-0.48096218839620564,-0.434140522875817,54.00089878570233,70.2432431770793
1789401903.874889,14,-24,0.28702761012372596,-0.4846138480111899,-0.43584640522875817,54.28792639582606,69.7586293290681
1789401903.9194427,33,-24,0.3852955012781374,-0.44,-0.41451960784313724,54.6732218971042,69.3186293290681
1789401903.9627182,52,-18,0.6265051897485324,-0.31063750220497444,-0.3626699346405229,55.299727086852734,69.00799182686313
1789401904.006237,62,-9,0.6757380008276047,-0.18666826528265942,-0.3547091503267974,55.97546508768034,68.82132356158047
1789401904.0491924,61,-6,0.5916709456270567,-0.22506299422478898,-0.2861666666666667,56.5671360333074,68.59626056735569
1789401904.0924597,48,-9,0.36458982319991873,-0.3246695909494184,-0.1617843137254902,56.93172585650732,68.27159097640627
1789401904.1339545,8,-17,-0.36143832377577995,-0.4663986210066651,0.09891830065359478,56.57028753273154,67.80519235539961
1789401904.1749043,-26,-11,-0.6544975136323967,-0.2367758451126332,0.2058169934640523,55.91579001909914,67.56841651028698
1789401904.2168422,-49,-12,-0.7847963291942972,-0.33192213934873566,0.3019542483660131,55.13099368990484,67.23649437093825
1789401904.2566733,-67,-8,-0.9702889103721368,-0.2297907621219467,0.40794117647058825,54.16070477953271,67.0067036088163
1789401904.295763,-65,-4,-0.7507438668327631,0.0,0.4418169934640523,53.409960912699944,67.0067036088163
1789401904.3371162,-38,-17,-0.20480949558140654,-0.4259772939595882,0.43186274509803924,53.205151417118536,66.5807263148567
1789401904.3785996,15,-18,0.6428410427929936,-0.3920382072005878,0.40605882352941175,53.84799245991153,66.18868810765612
1789401904.4190488,47,1,0.75384827343725,0.0,0.41533006535947714,54.60184073334878,66.18868810765612
